Copyright 1986-2022 Xilinx, Inc. All Rights Reserved. Copyright 2022-2024 Advanced Micro Devices, Inc. All Rights Reserved.
--------------------------------------------------------------------------------------------------------------------------------------------------------------------------------------------------------------------------------------------
| Tool Version      : Vivado v.2024.1 (lin64) Build 5076996 Wed May 22 18:36:09 MDT 2024
| Date              : Sun Aug 17 16:34:13 2025
| Host              : feder34-Desktop running 64-bit Ubuntu 22.04.5 LTS
| Command           : report_timing_summary -max_paths 10 -report_unconstrained -file re2_bd_wrapper_timing_summary_routed.rpt -pb re2_bd_wrapper_timing_summary_routed.pb -rpx re2_bd_wrapper_timing_summary_routed.rpx -warn_on_violation
| Design            : re2_bd_wrapper
| Device            : xczu3eg-sbva484
| Speed File        : -1  PRODUCTION 1.30 05-15-2022
| Design State      : Routed
| Temperature Grade : I
--------------------------------------------------------------------------------------------------------------------------------------------------------------------------------------------------------------------------------------------

Timing Summary Report

------------------------------------------------------------------------------------------------
| Timer Settings
| --------------
------------------------------------------------------------------------------------------------

  Enable Multi Corner Analysis               :  Yes
  Enable Pessimism Removal                   :  Yes
  Pessimism Removal Resolution               :  Nearest Common Node
  Enable Input Delay Default Clock           :  No
  Enable Preset / Clear Arcs                 :  No
  Disable Flight Delays                      :  No
  Ignore I/O Paths                           :  No
  Timing Early Launch at Borrowing Latches   :  No
  Borrow Time for Max Delay Exceptions       :  Yes
  Merge Timing Exceptions                    :  Yes
  Inter-SLR Compensation                     :  Conservative

  Corner  Analyze    Analyze    
  Name    Max Paths  Min Paths  
  ------  ---------  ---------  
  Slow    Yes        Yes        
  Fast    Yes        Yes        


------------------------------------------------------------------------------------------------
| Report Methodology
| ------------------
------------------------------------------------------------------------------------------------

Rule       Severity  Description                                  Violations  
---------  --------  -------------------------------------------  ----------  
LUTAR-1    Warning   LUT drives async reset alert                 6           
TIMING-20  Warning   Non-clocked latch                            83          
ULMTCS-1   Warning   Control Sets use limits recommend reduction  1           
LATCH-1    Advisory  Existing latches in the design               1           

Note: This report is based on the most recent report_methodology run and may not be up-to-date. Run report_methodology on the current design for the latest report.



check_timing report

Table of Contents
-----------------
1. checking no_clock (2853)
2. checking constant_clock (0)
3. checking pulse_width_clock (0)
4. checking unconstrained_internal_endpoints (83)
5. checking no_input_delay (0)
6. checking no_output_delay (0)
7. checking multiple_clock (0)
8. checking generated_clocks (0)
9. checking loops (0)
10. checking partial_input_delay (0)
11. checking partial_output_delay (0)
12. checking latch_loops (0)

1. checking no_clock (2853)
---------------------------
 There is 1 register/latch pin with no clock driven by root clock pin: re2_bd_i/axi_smc/inst/s00_entry_pipeline/s00_mmu/inst/gen_endpoint.decerr_slave_inst/gen_axi.gen_read.s_axi_rlast_i_reg/Q (HIGH)

 There is 1 register/latch pin with no clock driven by root clock pin: re2_bd_i/axi_smc/inst/s00_entry_pipeline/s00_mmu/inst/gen_endpoint.r_state_reg[0]/Q (HIGH)

 There is 1 register/latch pin with no clock driven by root clock pin: re2_bd_i/axi_smc/inst/s00_entry_pipeline/s00_mmu/inst/gen_endpoint.r_state_reg[1]/Q (HIGH)

 There is 1 register/latch pin with no clock driven by root clock pin: re2_bd_i/axi_smc/inst/s00_entry_pipeline/s00_si_converter/inst/converter.wrap_narrow_inst/gen_thread_loop[0].r_payld_fifo/m_valid_i_reg/Q (HIGH)

 There is 1 register/latch pin with no clock driven by root clock pin: re2_bd_i/axi_smc/inst/s00_entry_pipeline/s00_si_converter/inst/converter.wrap_narrow_inst/gen_thread_loop[0].r_unshelve_reg[0]/Q (HIGH)

 There is 1 register/latch pin with no clock driven by root clock pin: re2_bd_i/axi_smc/inst/s00_entry_pipeline/s00_si_converter/inst/converter.wrap_narrow_inst/gen_thread_loop[0].rlast_i_reg[0]/Q (HIGH)

 There are 83 register/latch pins with no clock driven by root clock pin: re2_bd_i/re2_copro_0/inst/UIP/FSM_sequential_status_register_reg[0]/Q (HIGH)

 There are 83 register/latch pins with no clock driven by root clock pin: re2_bd_i/re2_copro_0/inst/UIP/FSM_sequential_status_register_reg[1]/Q (HIGH)

 There are 83 register/latch pins with no clock driven by root clock pin: re2_bd_i/re2_copro_0/inst/UIP/FSM_sequential_status_register_reg[2]/Q (HIGH)

 There are 3 register/latch pins with no clock driven by root clock pin: re2_bd_i/re2_copro_0/inst/UIP/status_register_fetching_reg[0]/Q (HIGH)

 There are 3 register/latch pins with no clock driven by root clock pin: re2_bd_i/re2_copro_0/inst/UIP/status_register_fetching_reg[1]/Q (HIGH)

 There are 81 register/latch pins with no clock driven by root clock pin: re2_bd_i/re2_copro_0/inst/re2_copro_slave_lite_v2_S00_AXI_inst/slv_reg4_reg[0]/Q (HIGH)

 There are 81 register/latch pins with no clock driven by root clock pin: re2_bd_i/re2_copro_0/inst/re2_copro_slave_lite_v2_S00_AXI_inst/slv_reg4_reg[10]/Q (HIGH)

 There are 81 register/latch pins with no clock driven by root clock pin: re2_bd_i/re2_copro_0/inst/re2_copro_slave_lite_v2_S00_AXI_inst/slv_reg4_reg[11]/Q (HIGH)

 There are 81 register/latch pins with no clock driven by root clock pin: re2_bd_i/re2_copro_0/inst/re2_copro_slave_lite_v2_S00_AXI_inst/slv_reg4_reg[12]/Q (HIGH)

 There are 81 register/latch pins with no clock driven by root clock pin: re2_bd_i/re2_copro_0/inst/re2_copro_slave_lite_v2_S00_AXI_inst/slv_reg4_reg[13]/Q (HIGH)

 There are 81 register/latch pins with no clock driven by root clock pin: re2_bd_i/re2_copro_0/inst/re2_copro_slave_lite_v2_S00_AXI_inst/slv_reg4_reg[14]/Q (HIGH)

 There are 81 register/latch pins with no clock driven by root clock pin: re2_bd_i/re2_copro_0/inst/re2_copro_slave_lite_v2_S00_AXI_inst/slv_reg4_reg[15]/Q (HIGH)

 There are 81 register/latch pins with no clock driven by root clock pin: re2_bd_i/re2_copro_0/inst/re2_copro_slave_lite_v2_S00_AXI_inst/slv_reg4_reg[16]/Q (HIGH)

 There are 81 register/latch pins with no clock driven by root clock pin: re2_bd_i/re2_copro_0/inst/re2_copro_slave_lite_v2_S00_AXI_inst/slv_reg4_reg[17]/Q (HIGH)

 There are 81 register/latch pins with no clock driven by root clock pin: re2_bd_i/re2_copro_0/inst/re2_copro_slave_lite_v2_S00_AXI_inst/slv_reg4_reg[18]/Q (HIGH)

 There are 81 register/latch pins with no clock driven by root clock pin: re2_bd_i/re2_copro_0/inst/re2_copro_slave_lite_v2_S00_AXI_inst/slv_reg4_reg[19]/Q (HIGH)

 There are 81 register/latch pins with no clock driven by root clock pin: re2_bd_i/re2_copro_0/inst/re2_copro_slave_lite_v2_S00_AXI_inst/slv_reg4_reg[1]_rep/Q (HIGH)

 There are 81 register/latch pins with no clock driven by root clock pin: re2_bd_i/re2_copro_0/inst/re2_copro_slave_lite_v2_S00_AXI_inst/slv_reg4_reg[20]/Q (HIGH)

 There are 81 register/latch pins with no clock driven by root clock pin: re2_bd_i/re2_copro_0/inst/re2_copro_slave_lite_v2_S00_AXI_inst/slv_reg4_reg[21]/Q (HIGH)

 There are 81 register/latch pins with no clock driven by root clock pin: re2_bd_i/re2_copro_0/inst/re2_copro_slave_lite_v2_S00_AXI_inst/slv_reg4_reg[22]/Q (HIGH)

 There are 81 register/latch pins with no clock driven by root clock pin: re2_bd_i/re2_copro_0/inst/re2_copro_slave_lite_v2_S00_AXI_inst/slv_reg4_reg[23]/Q (HIGH)

 There are 81 register/latch pins with no clock driven by root clock pin: re2_bd_i/re2_copro_0/inst/re2_copro_slave_lite_v2_S00_AXI_inst/slv_reg4_reg[24]/Q (HIGH)

 There are 81 register/latch pins with no clock driven by root clock pin: re2_bd_i/re2_copro_0/inst/re2_copro_slave_lite_v2_S00_AXI_inst/slv_reg4_reg[25]/Q (HIGH)

 There are 81 register/latch pins with no clock driven by root clock pin: re2_bd_i/re2_copro_0/inst/re2_copro_slave_lite_v2_S00_AXI_inst/slv_reg4_reg[26]/Q (HIGH)

 There are 81 register/latch pins with no clock driven by root clock pin: re2_bd_i/re2_copro_0/inst/re2_copro_slave_lite_v2_S00_AXI_inst/slv_reg4_reg[27]/Q (HIGH)

 There are 81 register/latch pins with no clock driven by root clock pin: re2_bd_i/re2_copro_0/inst/re2_copro_slave_lite_v2_S00_AXI_inst/slv_reg4_reg[28]/Q (HIGH)

 There are 81 register/latch pins with no clock driven by root clock pin: re2_bd_i/re2_copro_0/inst/re2_copro_slave_lite_v2_S00_AXI_inst/slv_reg4_reg[29]/Q (HIGH)

 There are 81 register/latch pins with no clock driven by root clock pin: re2_bd_i/re2_copro_0/inst/re2_copro_slave_lite_v2_S00_AXI_inst/slv_reg4_reg[2]_rep/Q (HIGH)

 There are 81 register/latch pins with no clock driven by root clock pin: re2_bd_i/re2_copro_0/inst/re2_copro_slave_lite_v2_S00_AXI_inst/slv_reg4_reg[30]/Q (HIGH)

 There are 81 register/latch pins with no clock driven by root clock pin: re2_bd_i/re2_copro_0/inst/re2_copro_slave_lite_v2_S00_AXI_inst/slv_reg4_reg[31]/Q (HIGH)

 There are 81 register/latch pins with no clock driven by root clock pin: re2_bd_i/re2_copro_0/inst/re2_copro_slave_lite_v2_S00_AXI_inst/slv_reg4_reg[3]/Q (HIGH)

 There are 81 register/latch pins with no clock driven by root clock pin: re2_bd_i/re2_copro_0/inst/re2_copro_slave_lite_v2_S00_AXI_inst/slv_reg4_reg[4]/Q (HIGH)

 There are 81 register/latch pins with no clock driven by root clock pin: re2_bd_i/re2_copro_0/inst/re2_copro_slave_lite_v2_S00_AXI_inst/slv_reg4_reg[5]/Q (HIGH)

 There are 81 register/latch pins with no clock driven by root clock pin: re2_bd_i/re2_copro_0/inst/re2_copro_slave_lite_v2_S00_AXI_inst/slv_reg4_reg[6]/Q (HIGH)

 There are 81 register/latch pins with no clock driven by root clock pin: re2_bd_i/re2_copro_0/inst/re2_copro_slave_lite_v2_S00_AXI_inst/slv_reg4_reg[7]/Q (HIGH)

 There are 81 register/latch pins with no clock driven by root clock pin: re2_bd_i/re2_copro_0/inst/re2_copro_slave_lite_v2_S00_AXI_inst/slv_reg4_reg[8]/Q (HIGH)

 There are 81 register/latch pins with no clock driven by root clock pin: re2_bd_i/re2_copro_0/inst/re2_copro_slave_lite_v2_S00_AXI_inst/slv_reg4_reg[9]/Q (HIGH)


2. checking constant_clock (0)
------------------------------
 There are 0 register/latch pins with constant_clock.


3. checking pulse_width_clock (0)
---------------------------------
 There are 0 register/latch pins which need pulse_width check


4. checking unconstrained_internal_endpoints (83)
-------------------------------------------------
 There are 83 pins that are not constrained for maximum delay. (HIGH)

 There are 0 pins that are not constrained for maximum delay due to constant clock.


5. checking no_input_delay (0)
------------------------------
 There are 0 input ports with no input delay specified.

 There are 0 input ports with no input delay but user has a false path constraint.


6. checking no_output_delay (0)
-------------------------------
 There are 0 ports with no output delay specified.

 There are 0 ports with no output delay but user has a false path constraint

 There are 0 ports with no output delay but with a timing clock defined on it or propagating through it


7. checking multiple_clock (0)
------------------------------
 There are 0 register/latch pins with multiple clocks.


8. checking generated_clocks (0)
--------------------------------
 There are 0 generated clocks that are not connected to a clock source.


9. checking loops (0)
---------------------
 There are 0 combinational loops in the design.


10. checking partial_input_delay (0)
------------------------------------
 There are 0 input ports with partial input delay specified.


11. checking partial_output_delay (0)
-------------------------------------
 There are 0 ports with partial output delay specified.


12. checking latch_loops (0)
----------------------------
 There are 0 combinational latch loops in the design through latch input



------------------------------------------------------------------------------------------------
| Design Timing Summary
| ---------------------
------------------------------------------------------------------------------------------------

    WNS(ns)      TNS(ns)  TNS Failing Endpoints  TNS Total Endpoints      WHS(ns)      THS(ns)  THS Failing Endpoints  THS Total Endpoints     WPWS(ns)     TPWS(ns)  TPWS Failing Endpoints  TPWS Total Endpoints  
    -------      -------  ---------------------  -------------------      -------      -------  ---------------------  -------------------     --------     --------  ----------------------  --------------------  
      0.433        0.000                      0               123947        0.016        0.000                      0               123947        3.500        0.000                       0                 41213  


All user specified timing constraints are met.


------------------------------------------------------------------------------------------------
| Clock Summary
| -------------
------------------------------------------------------------------------------------------------

Clock     Waveform(ns)       Period(ns)      Frequency(MHz)
-----     ------------       ----------      --------------
clk_pl_0  {0.000 5.000}      10.000          100.000         


------------------------------------------------------------------------------------------------
| Intra Clock Table
| -----------------
------------------------------------------------------------------------------------------------

Clock             WNS(ns)      TNS(ns)  TNS Failing Endpoints  TNS Total Endpoints      WHS(ns)      THS(ns)  THS Failing Endpoints  THS Total Endpoints     WPWS(ns)     TPWS(ns)  TPWS Failing Endpoints  TPWS Total Endpoints  
-----             -------      -------  ---------------------  -------------------      -------      -------  ---------------------  -------------------     --------     --------  ----------------------  --------------------  
clk_pl_0            0.433        0.000                      0               123755        0.016        0.000                      0               123755        3.500        0.000                       0                 41213  


------------------------------------------------------------------------------------------------
| Inter Clock Table
| -----------------
------------------------------------------------------------------------------------------------

From Clock    To Clock          WNS(ns)      TNS(ns)  TNS Failing Endpoints  TNS Total Endpoints      WHS(ns)      THS(ns)  THS Failing Endpoints  THS Total Endpoints  
----------    --------          -------      -------  ---------------------  -------------------      -------      -------  ---------------------  -------------------  


------------------------------------------------------------------------------------------------
| Other Path Groups Table
| -----------------------
------------------------------------------------------------------------------------------------

Path Group         From Clock         To Clock               WNS(ns)      TNS(ns)  TNS Failing Endpoints  TNS Total Endpoints      WHS(ns)      THS(ns)  THS Failing Endpoints  THS Total Endpoints  
----------         ----------         --------               -------      -------  ---------------------  -------------------      -------      -------  ---------------------  -------------------  
**async_default**  clk_pl_0           clk_pl_0                 8.402        0.000                      0                  192        0.185        0.000                      0                  192  


------------------------------------------------------------------------------------------------
| User Ignored Path Table
| -----------------------
------------------------------------------------------------------------------------------------

Path Group    From Clock    To Clock    
----------    ----------    --------    
(none)                      clk_pl_0      
(none)        clk_pl_0      clk_pl_0      


------------------------------------------------------------------------------------------------
| Unconstrained Path Table
| ------------------------
------------------------------------------------------------------------------------------------

Path Group    From Clock    To Clock    
----------    ----------    --------    
(none)                                    
(none)        clk_pl_0                    
(none)                      clk_pl_0      


------------------------------------------------------------------------------------------------
| Timing Details
| --------------
------------------------------------------------------------------------------------------------


---------------------------------------------------------------------------------------------------
From Clock:  clk_pl_0
  To Clock:  clk_pl_0

Setup :            0  Failing Endpoints,  Worst Slack        0.433ns,  Total Violation        0.000ns
Hold  :            0  Failing Endpoints,  Worst Slack        0.016ns,  Total Violation        0.000ns
PW    :            0  Failing Endpoints,  Worst Slack        3.500ns,  Total Violation        0.000ns
---------------------------------------------------------------------------------------------------


Max Delay Paths
--------------------------------------------------------------------------------------
Slack (MET) :             0.433ns  (required time - arrival time)
  Source:                 re2_bd_i/re2_copro_0/inst/UIP/a_regex_coprocessor/a_topology/anEngine/anEngine/genblk3[2].a_regex_cpu/EXE1_Cc_id_reg[1]/C
                            (rising edge-triggered cell FDRE clocked by clk_pl_0  {rise@0.000ns fall@5.000ns period=10.000ns})
  Destination:            re2_bd_i/re2_copro_0/inst/UIP/abram/read_reg[15]/D
                            (rising edge-triggered cell FDRE clocked by clk_pl_0  {rise@0.000ns fall@5.000ns period=10.000ns})
  Path Group:             clk_pl_0
  Path Type:              Setup (Max at Slow Process Corner)
  Requirement:            10.000ns  (clk_pl_0 rise@10.000ns - clk_pl_0 rise@0.000ns)
  Data Path Delay:        9.351ns  (logic 2.508ns (26.821%)  route 6.843ns (73.179%))
  Logic Levels:           20  (LUT4=1 LUT6=15 MUXF7=3 MUXF8=1)
  Clock Path Skew:        -0.067ns (DCD - SCD + CPR)
    Destination Clock Delay (DCD):    1.966ns = ( 11.966 - 10.000 ) 
    Source Clock Delay      (SCD):    2.151ns
    Clock Pessimism Removal (CPR):    0.118ns
  Clock Uncertainty:      0.176ns  ((TSJ^2 + DJ^2)^1/2) / 2 + PE
    Total System Jitter     (TSJ):    0.071ns
    Discrete Jitter          (DJ):    0.344ns
    Phase Error              (PE):    0.000ns
  Clock Net Delay (Source):      1.944ns (routing 0.814ns, distribution 1.130ns)
  Clock Net Delay (Destination): 1.799ns (routing 0.736ns, distribution 1.063ns)

    Location             Delay type                Incr(ns)  Path(ns)    Netlist Resource(s)
  -------------------------------------------------------------------    -------------------
                         (clock clk_pl_0 rise edge)
                                                      0.000     0.000 r  
    PS8_X0Y0             PS8                          0.000     0.000 r  re2_bd_i/zynq_ultra_ps_e_0/inst/PS8_i/PLCLK[0]
                         net (fo=1, routed)           0.178     0.178    re2_bd_i/zynq_ultra_ps_e_0/inst/pl_clk_unbuffered[0]
    BUFG_PS_X0Y67        BUFG_PS (Prop_BUFG_PS_I_O)
                                                      0.029     0.207 r  re2_bd_i/zynq_ultra_ps_e_0/inst/buffer_pl_clk_0.PL_CLK_0_BUFG/O
    X0Y1 (CLOCK_ROOT)    net (fo=41213, routed)       1.944     2.151    re2_bd_i/re2_copro_0/inst/UIP/a_regex_coprocessor/a_topology/anEngine/anEngine/genblk3[2].a_regex_cpu/s00_axi_aclk
    SLICE_X24Y70         FDRE                                         r  re2_bd_i/re2_copro_0/inst/UIP/a_regex_coprocessor/a_topology/anEngine/anEngine/genblk3[2].a_regex_cpu/EXE1_Cc_id_reg[1]/C
  -------------------------------------------------------------------    -------------------
    SLICE_X24Y70         FDRE (Prop_GFF2_SLICEM_C_Q)
                                                      0.098     2.249 r  re2_bd_i/re2_copro_0/inst/UIP/a_regex_coprocessor/a_topology/anEngine/anEngine/genblk3[2].a_regex_cpu/EXE1_Cc_id_reg[1]/Q
                         net (fo=24, routed)          0.489     2.738    re2_bd_i/re2_copro_0/inst/UIP/a_regex_coprocessor/a_topology/anEngine/anEngine/genblk3[2].a_regex_cpu/EXE1_Cc_id[1]
    SLICE_X21Y65         LUT6 (Prop_H6LUT_SLICEL_I2_O)
                                                      0.116     2.854 r  re2_bd_i/re2_copro_0/inst/UIP/a_regex_coprocessor/a_topology/anEngine/anEngine/genblk3[2].a_regex_cpu/grant__0_i_49/O
                         net (fo=1, routed)           0.011     2.865    re2_bd_i/re2_copro_0/inst/UIP/a_regex_coprocessor/a_topology/anEngine/anEngine/genblk3[2].a_regex_cpu/grant__0_i_49_n_0
    SLICE_X21Y65         MUXF7 (Prop_F7MUX_GH_SLICEL_I0_O)
                                                      0.083     2.948 r  re2_bd_i/re2_copro_0/inst/UIP/a_regex_coprocessor/a_topology/anEngine/anEngine/genblk3[2].a_regex_cpu/grant__0_i_40/O
                         net (fo=1, routed)           0.219     3.167    re2_bd_i/re2_copro_0/inst/UIP/a_regex_coprocessor/a_topology/anEngine/anEngine/genblk3[2].a_regex_cpu/grant__0_i_40_n_0
    SLICE_X23Y67         LUT6 (Prop_H6LUT_SLICEL_I4_O)
                                                      0.116     3.283 f  re2_bd_i/re2_copro_0/inst/UIP/a_regex_coprocessor/a_topology/anEngine/anEngine/genblk3[2].a_regex_cpu/grant__0_i_31/O
                         net (fo=6, routed)           0.309     3.592    re2_bd_i/re2_copro_0/inst/UIP/a_regex_coprocessor/a_topology/anEngine/anEngine/genblk3[2].a_regex_cpu/grant__0_i_31_n_0
    SLICE_X24Y68         LUT6 (Prop_E6LUT_SLICEM_I1_O)
                                                      0.148     3.740 r  re2_bd_i/re2_copro_0/inst/UIP/a_regex_coprocessor/a_topology/anEngine/anEngine/genblk3[2].a_regex_cpu/grant__1_i_24/O
                         net (fo=3, routed)           0.295     4.035    re2_bd_i/re2_copro_0/inst/UIP/a_regex_coprocessor/a_topology/anEngine/anEngine/genblk3[2].a_regex_cpu/grant__1_i_24_n_0
    SLICE_X26Y69         LUT6 (Prop_G6LUT_SLICEL_I5_O)
                                                      0.147     4.182 f  re2_bd_i/re2_copro_0/inst/UIP/a_regex_coprocessor/a_topology/anEngine/anEngine/genblk3[2].a_regex_cpu/grant__1_i_14/O
                         net (fo=2, routed)           0.124     4.306    re2_bd_i/re2_copro_0/inst/UIP/a_regex_coprocessor/a_topology/anEngine/anEngine/genblk3[2].a_regex_cpu/grant__1_i_14_n_0
    SLICE_X26Y69         LUT6 (Prop_D6LUT_SLICEL_I1_O)
                                                      0.174     4.480 r  re2_bd_i/re2_copro_0/inst/UIP/a_regex_coprocessor/a_topology/anEngine/anEngine/genblk3[2].a_regex_cpu/FETCH_REC_has_to_save_i_4/O
                         net (fo=2, routed)           0.232     4.712    re2_bd_i/re2_copro_0/inst/UIP/a_regex_coprocessor/a_topology/anEngine/anEngine/genblk3[2].a_regex_cpu/output_pc_ready20_in
    SLICE_X24Y72         LUT6 (Prop_G6LUT_SLICEM_I3_O)
                                                      0.148     4.860 f  re2_bd_i/re2_copro_0/inst/UIP/a_regex_coprocessor/a_topology/anEngine/anEngine/genblk3[2].a_regex_cpu/FETCH_REC_Instr[15]_i_6__0/O
                         net (fo=1, routed)           0.213     5.073    re2_bd_i/re2_copro_0/inst/UIP/a_regex_coprocessor/a_topology/anEngine/anEngine/genblk3[1].a_regex_cpu/output_pc_ready126_out
    SLICE_X25Y75         LUT6 (Prop_G6LUT_SLICEL_I3_O)
                                                      0.114     5.187 f  re2_bd_i/re2_copro_0/inst/UIP/a_regex_coprocessor/a_topology/anEngine/anEngine/genblk3[1].a_regex_cpu/FETCH_REC_Instr[15]_i_3__0/O
                         net (fo=12, routed)          0.378     5.565    re2_bd_i/re2_copro_0/inst/UIP/a_regex_coprocessor/a_topology/anEngine/anEngine/genblk3[1].a_regex_cpu/old_grant_reg[0]
    SLICE_X28Y80         LUT4 (Prop_H5LUT_SLICEM_I3_O)
                                                      0.082     5.647 f  re2_bd_i/re2_copro_0/inst/UIP/a_regex_coprocessor/a_topology/anEngine/anEngine/genblk3[1].a_regex_cpu/tag_saved[4]_i_2/O
                         net (fo=12, routed)          0.288     5.935    re2_bd_i/re2_copro_0/inst/UIP/a_regex_coprocessor/a_topology/anEngine/anEngine/genblk1[1].cpu_cache/cpu_out_memory_valid_1
    SLICE_X29Y78         LUT6 (Prop_G6LUT_SLICEM_I4_O)
                                                      0.100     6.035 r  re2_bd_i/re2_copro_0/inst/UIP/a_regex_coprocessor/a_topology/anEngine/anEngine/genblk1[1].cpu_cache/cur_state[2]_i_15/O
                         net (fo=3, routed)           0.211     6.246    re2_bd_i/re2_copro_0/inst/UIP/a_regex_coprocessor/a_topology/anEngine/anEngine/genblk3[2].a_regex_cpu/cur_state_reg[2]_7
    SLICE_X29Y79         LUT6 (Prop_D6LUT_SLICEM_I2_O)
                                                      0.174     6.420 r  re2_bd_i/re2_copro_0/inst/UIP/a_regex_coprocessor/a_topology/anEngine/anEngine/genblk3[2].a_regex_cpu/cur_state[2]_i_5/O
                         net (fo=15, routed)          0.382     6.802    re2_bd_i/re2_copro_0/inst/UIP/a_regex_coprocessor/a_topology/anEngine/anEngine/genblk1[7].cpu_cache/cache_line_saved[0]_i_2_0
    SLICE_X30Y88         LUT6 (Prop_H6LUT_SLICEL_I4_O)
                                                      0.116     6.918 r  re2_bd_i/re2_copro_0/inst/UIP/a_regex_coprocessor/a_topology/anEngine/anEngine/genblk1[7].cpu_cache/cache_line_saved[3]_i_23/O
                         net (fo=57, routed)          0.471     7.389    re2_bd_i/re2_copro_0/inst/UIP/a_regex_coprocessor/a_topology/anEngine/anEngine/arbiter_tree_to_cope_with_memory_contention/arbitration_logic/in_ready_packed[0]
    SLICE_X29Y95         LUT6 (Prop_C6LUT_SLICEM_I3_O)
                                                      0.147     7.536 r  re2_bd_i/re2_copro_0/inst/UIP/a_regex_coprocessor/a_topology/anEngine/anEngine/arbiter_tree_to_cope_with_memory_contention/arbitration_logic/cache_line_saved[0]_i_2/O
                         net (fo=63, routed)          0.574     8.110    re2_bd_i/re2_copro_0/inst/re2_copro_slave_lite_v2_S00_AXI_inst/memory_addr_from_coprocessor[0]
    SLICE_X29Y118        LUT6 (Prop_G6LUT_SLICEM_I4_O)
                                                      0.116     8.226 r  re2_bd_i/re2_copro_0/inst/re2_copro_slave_lite_v2_S00_AXI_inst/read[15]_i_243/O
                         net (fo=1024, routed)        1.115     9.341    re2_bd_i/re2_copro_0/inst/UIP/abram/read_reg[8]_i_100_1
    SLICE_X2Y142         LUT6 (Prop_C6LUT_SLICEL_I4_O)
                                                      0.148     9.489 r  re2_bd_i/re2_copro_0/inst/UIP/abram/read[15]_i_199/O
                         net (fo=1, routed)           0.011     9.500    re2_bd_i/re2_copro_0/inst/UIP/abram/read[15]_i_199_n_0
    SLICE_X2Y142         MUXF7 (Prop_F7MUX_CD_SLICEL_I1_O)
                                                      0.076     9.576 r  re2_bd_i/re2_copro_0/inst/UIP/abram/read_reg[15]_i_91/O
                         net (fo=1, routed)           0.000     9.576    re2_bd_i/re2_copro_0/inst/UIP/abram/read_reg[15]_i_91_n_0
    SLICE_X2Y142         MUXF8 (Prop_F8MUX_BOT_SLICEL_I0_O)
                                                      0.027     9.603 r  re2_bd_i/re2_copro_0/inst/UIP/abram/read_reg[15]_i_37/O
                         net (fo=1, routed)           0.888    10.491    re2_bd_i/re2_copro_0/inst/UIP/abram/read_reg[15]_i_37_n_0
    SLICE_X26Y126        LUT6 (Prop_C6LUT_SLICEL_I1_O)
                                                      0.148    10.639 r  re2_bd_i/re2_copro_0/inst/UIP/abram/read[15]_i_11/O
                         net (fo=1, routed)           0.011    10.650    re2_bd_i/re2_copro_0/inst/UIP/abram/read[15]_i_11_n_0
    SLICE_X26Y126        MUXF7 (Prop_F7MUX_CD_SLICEL_I1_O)
                                                      0.083    10.733 r  re2_bd_i/re2_copro_0/inst/UIP/abram/read_reg[15]_i_4/O
                         net (fo=1, routed)           0.565    11.298    re2_bd_i/re2_copro_0/inst/UIP/abram/read_reg[15]_i_4_n_0
    SLICE_X33Y129        LUT6 (Prop_G6LUT_SLICEL_I3_O)
                                                      0.147    11.445 r  re2_bd_i/re2_copro_0/inst/UIP/abram/read[15]_i_1/O
                         net (fo=1, routed)           0.057    11.502    re2_bd_i/re2_copro_0/inst/UIP/abram/read[15]_i_1_n_0
    SLICE_X33Y129        FDRE                                         r  re2_bd_i/re2_copro_0/inst/UIP/abram/read_reg[15]/D
  -------------------------------------------------------------------    -------------------

                         (clock clk_pl_0 rise edge)
                                                     10.000    10.000 r  
    PS8_X0Y0             PS8                          0.000    10.000 r  re2_bd_i/zynq_ultra_ps_e_0/inst/PS8_i/PLCLK[0]
                         net (fo=1, routed)           0.140    10.140    re2_bd_i/zynq_ultra_ps_e_0/inst/pl_clk_unbuffered[0]
    BUFG_PS_X0Y67        BUFG_PS (Prop_BUFG_PS_I_O)
                                                      0.027    10.167 r  re2_bd_i/zynq_ultra_ps_e_0/inst/buffer_pl_clk_0.PL_CLK_0_BUFG/O
    X0Y1 (CLOCK_ROOT)    net (fo=41213, routed)       1.799    11.966    re2_bd_i/re2_copro_0/inst/UIP/abram/s00_axi_aclk
    SLICE_X33Y129        FDRE                                         r  re2_bd_i/re2_copro_0/inst/UIP/abram/read_reg[15]/C
                         clock pessimism              0.118    12.084    
                         clock uncertainty           -0.176    11.908    
    SLICE_X33Y129        FDRE (Setup_GFF_SLICEL_C_D)
                                                      0.027    11.935    re2_bd_i/re2_copro_0/inst/UIP/abram/read_reg[15]
  -------------------------------------------------------------------
                         required time                         11.935    
                         arrival time                         -11.502    
  -------------------------------------------------------------------
                         slack                                  0.433    

Slack (MET) :             0.478ns  (required time - arrival time)
  Source:                 re2_bd_i/re2_copro_0/inst/UIP/a_regex_coprocessor/a_topology/anEngine/anEngine/genblk3[2].a_regex_cpu/EXE1_Cc_id_reg[1]/C
                            (rising edge-triggered cell FDRE clocked by clk_pl_0  {rise@0.000ns fall@5.000ns period=10.000ns})
  Destination:            re2_bd_i/re2_copro_0/inst/UIP/abram/read_reg[13]/D
                            (rising edge-triggered cell FDRE clocked by clk_pl_0  {rise@0.000ns fall@5.000ns period=10.000ns})
  Path Group:             clk_pl_0
  Path Type:              Setup (Max at Slow Process Corner)
  Requirement:            10.000ns  (clk_pl_0 rise@10.000ns - clk_pl_0 rise@0.000ns)
  Data Path Delay:        9.324ns  (logic 2.375ns (25.471%)  route 6.949ns (74.529%))
  Logic Levels:           20  (LUT4=1 LUT6=15 MUXF7=3 MUXF8=1)
  Clock Path Skew:        -0.049ns (DCD - SCD + CPR)
    Destination Clock Delay (DCD):    1.984ns = ( 11.984 - 10.000 ) 
    Source Clock Delay      (SCD):    2.151ns
    Clock Pessimism Removal (CPR):    0.118ns
  Clock Uncertainty:      0.176ns  ((TSJ^2 + DJ^2)^1/2) / 2 + PE
    Total System Jitter     (TSJ):    0.071ns
    Discrete Jitter          (DJ):    0.344ns
    Phase Error              (PE):    0.000ns
  Clock Net Delay (Source):      1.944ns (routing 0.814ns, distribution 1.130ns)
  Clock Net Delay (Destination): 1.817ns (routing 0.736ns, distribution 1.081ns)

    Location             Delay type                Incr(ns)  Path(ns)    Netlist Resource(s)
  -------------------------------------------------------------------    -------------------
                         (clock clk_pl_0 rise edge)
                                                      0.000     0.000 r  
    PS8_X0Y0             PS8                          0.000     0.000 r  re2_bd_i/zynq_ultra_ps_e_0/inst/PS8_i/PLCLK[0]
                         net (fo=1, routed)           0.178     0.178    re2_bd_i/zynq_ultra_ps_e_0/inst/pl_clk_unbuffered[0]
    BUFG_PS_X0Y67        BUFG_PS (Prop_BUFG_PS_I_O)
                                                      0.029     0.207 r  re2_bd_i/zynq_ultra_ps_e_0/inst/buffer_pl_clk_0.PL_CLK_0_BUFG/O
    X0Y1 (CLOCK_ROOT)    net (fo=41213, routed)       1.944     2.151    re2_bd_i/re2_copro_0/inst/UIP/a_regex_coprocessor/a_topology/anEngine/anEngine/genblk3[2].a_regex_cpu/s00_axi_aclk
    SLICE_X24Y70         FDRE                                         r  re2_bd_i/re2_copro_0/inst/UIP/a_regex_coprocessor/a_topology/anEngine/anEngine/genblk3[2].a_regex_cpu/EXE1_Cc_id_reg[1]/C
  -------------------------------------------------------------------    -------------------
    SLICE_X24Y70         FDRE (Prop_GFF2_SLICEM_C_Q)
                                                      0.098     2.249 r  re2_bd_i/re2_copro_0/inst/UIP/a_regex_coprocessor/a_topology/anEngine/anEngine/genblk3[2].a_regex_cpu/EXE1_Cc_id_reg[1]/Q
                         net (fo=24, routed)          0.489     2.738    re2_bd_i/re2_copro_0/inst/UIP/a_regex_coprocessor/a_topology/anEngine/anEngine/genblk3[2].a_regex_cpu/EXE1_Cc_id[1]
    SLICE_X21Y65         LUT6 (Prop_H6LUT_SLICEL_I2_O)
                                                      0.116     2.854 r  re2_bd_i/re2_copro_0/inst/UIP/a_regex_coprocessor/a_topology/anEngine/anEngine/genblk3[2].a_regex_cpu/grant__0_i_49/O
                         net (fo=1, routed)           0.011     2.865    re2_bd_i/re2_copro_0/inst/UIP/a_regex_coprocessor/a_topology/anEngine/anEngine/genblk3[2].a_regex_cpu/grant__0_i_49_n_0
    SLICE_X21Y65         MUXF7 (Prop_F7MUX_GH_SLICEL_I0_O)
                                                      0.083     2.948 r  re2_bd_i/re2_copro_0/inst/UIP/a_regex_coprocessor/a_topology/anEngine/anEngine/genblk3[2].a_regex_cpu/grant__0_i_40/O
                         net (fo=1, routed)           0.219     3.167    re2_bd_i/re2_copro_0/inst/UIP/a_regex_coprocessor/a_topology/anEngine/anEngine/genblk3[2].a_regex_cpu/grant__0_i_40_n_0
    SLICE_X23Y67         LUT6 (Prop_H6LUT_SLICEL_I4_O)
                                                      0.116     3.283 f  re2_bd_i/re2_copro_0/inst/UIP/a_regex_coprocessor/a_topology/anEngine/anEngine/genblk3[2].a_regex_cpu/grant__0_i_31/O
                         net (fo=6, routed)           0.309     3.592    re2_bd_i/re2_copro_0/inst/UIP/a_regex_coprocessor/a_topology/anEngine/anEngine/genblk3[2].a_regex_cpu/grant__0_i_31_n_0
    SLICE_X24Y68         LUT6 (Prop_E6LUT_SLICEM_I1_O)
                                                      0.148     3.740 r  re2_bd_i/re2_copro_0/inst/UIP/a_regex_coprocessor/a_topology/anEngine/anEngine/genblk3[2].a_regex_cpu/grant__1_i_24/O
                         net (fo=3, routed)           0.295     4.035    re2_bd_i/re2_copro_0/inst/UIP/a_regex_coprocessor/a_topology/anEngine/anEngine/genblk3[2].a_regex_cpu/grant__1_i_24_n_0
    SLICE_X26Y69         LUT6 (Prop_G6LUT_SLICEL_I5_O)
                                                      0.147     4.182 f  re2_bd_i/re2_copro_0/inst/UIP/a_regex_coprocessor/a_topology/anEngine/anEngine/genblk3[2].a_regex_cpu/grant__1_i_14/O
                         net (fo=2, routed)           0.124     4.306    re2_bd_i/re2_copro_0/inst/UIP/a_regex_coprocessor/a_topology/anEngine/anEngine/genblk3[2].a_regex_cpu/grant__1_i_14_n_0
    SLICE_X26Y69         LUT6 (Prop_D6LUT_SLICEL_I1_O)
                                                      0.174     4.480 r  re2_bd_i/re2_copro_0/inst/UIP/a_regex_coprocessor/a_topology/anEngine/anEngine/genblk3[2].a_regex_cpu/FETCH_REC_has_to_save_i_4/O
                         net (fo=2, routed)           0.232     4.712    re2_bd_i/re2_copro_0/inst/UIP/a_regex_coprocessor/a_topology/anEngine/anEngine/genblk3[2].a_regex_cpu/output_pc_ready20_in
    SLICE_X24Y72         LUT6 (Prop_G6LUT_SLICEM_I3_O)
                                                      0.148     4.860 f  re2_bd_i/re2_copro_0/inst/UIP/a_regex_coprocessor/a_topology/anEngine/anEngine/genblk3[2].a_regex_cpu/FETCH_REC_Instr[15]_i_6__0/O
                         net (fo=1, routed)           0.213     5.073    re2_bd_i/re2_copro_0/inst/UIP/a_regex_coprocessor/a_topology/anEngine/anEngine/genblk3[1].a_regex_cpu/output_pc_ready126_out
    SLICE_X25Y75         LUT6 (Prop_G6LUT_SLICEL_I3_O)
                                                      0.114     5.187 f  re2_bd_i/re2_copro_0/inst/UIP/a_regex_coprocessor/a_topology/anEngine/anEngine/genblk3[1].a_regex_cpu/FETCH_REC_Instr[15]_i_3__0/O
                         net (fo=12, routed)          0.378     5.565    re2_bd_i/re2_copro_0/inst/UIP/a_regex_coprocessor/a_topology/anEngine/anEngine/genblk3[1].a_regex_cpu/old_grant_reg[0]
    SLICE_X28Y80         LUT4 (Prop_H5LUT_SLICEM_I3_O)
                                                      0.082     5.647 f  re2_bd_i/re2_copro_0/inst/UIP/a_regex_coprocessor/a_topology/anEngine/anEngine/genblk3[1].a_regex_cpu/tag_saved[4]_i_2/O
                         net (fo=12, routed)          0.288     5.935    re2_bd_i/re2_copro_0/inst/UIP/a_regex_coprocessor/a_topology/anEngine/anEngine/genblk1[1].cpu_cache/cpu_out_memory_valid_1
    SLICE_X29Y78         LUT6 (Prop_G6LUT_SLICEM_I4_O)
                                                      0.100     6.035 r  re2_bd_i/re2_copro_0/inst/UIP/a_regex_coprocessor/a_topology/anEngine/anEngine/genblk1[1].cpu_cache/cur_state[2]_i_15/O
                         net (fo=3, routed)           0.211     6.246    re2_bd_i/re2_copro_0/inst/UIP/a_regex_coprocessor/a_topology/anEngine/anEngine/genblk3[2].a_regex_cpu/cur_state_reg[2]_7
    SLICE_X29Y79         LUT6 (Prop_D6LUT_SLICEM_I2_O)
                                                      0.174     6.420 r  re2_bd_i/re2_copro_0/inst/UIP/a_regex_coprocessor/a_topology/anEngine/anEngine/genblk3[2].a_regex_cpu/cur_state[2]_i_5/O
                         net (fo=15, routed)          0.382     6.802    re2_bd_i/re2_copro_0/inst/UIP/a_regex_coprocessor/a_topology/anEngine/anEngine/genblk1[7].cpu_cache/cache_line_saved[0]_i_2_0
    SLICE_X30Y88         LUT6 (Prop_H6LUT_SLICEL_I4_O)
                                                      0.116     6.918 r  re2_bd_i/re2_copro_0/inst/UIP/a_regex_coprocessor/a_topology/anEngine/anEngine/genblk1[7].cpu_cache/cache_line_saved[3]_i_23/O
                         net (fo=57, routed)          0.471     7.389    re2_bd_i/re2_copro_0/inst/UIP/a_regex_coprocessor/a_topology/anEngine/anEngine/arbiter_tree_to_cope_with_memory_contention/arbitration_logic/in_ready_packed[0]
    SLICE_X29Y95         LUT6 (Prop_C6LUT_SLICEM_I3_O)
                                                      0.147     7.536 r  re2_bd_i/re2_copro_0/inst/UIP/a_regex_coprocessor/a_topology/anEngine/anEngine/arbiter_tree_to_cope_with_memory_contention/arbitration_logic/cache_line_saved[0]_i_2/O
                         net (fo=63, routed)          0.574     8.110    re2_bd_i/re2_copro_0/inst/re2_copro_slave_lite_v2_S00_AXI_inst/memory_addr_from_coprocessor[0]
    SLICE_X29Y118        LUT6 (Prop_G6LUT_SLICEM_I4_O)
                                                      0.116     8.226 r  re2_bd_i/re2_copro_0/inst/re2_copro_slave_lite_v2_S00_AXI_inst/read[15]_i_243/O
                         net (fo=1024, routed)        1.365     9.591    re2_bd_i/re2_copro_0/inst/UIP/abram/read_reg[8]_i_100_1
    SLICE_X45Y168        LUT6 (Prop_D6LUT_SLICEM_I4_O)
                                                      0.062     9.653 r  re2_bd_i/re2_copro_0/inst/UIP/abram/read[13]_i_135/O
                         net (fo=1, routed)           0.027     9.680    re2_bd_i/re2_copro_0/inst/UIP/abram/read[13]_i_135_n_0
    SLICE_X45Y168        MUXF7 (Prop_F7MUX_CD_SLICEM_I0_O)
                                                      0.083     9.763 r  re2_bd_i/re2_copro_0/inst/UIP/abram/read_reg[13]_i_58/O
                         net (fo=1, routed)           0.000     9.763    re2_bd_i/re2_copro_0/inst/UIP/abram/read_reg[13]_i_58_n_0
    SLICE_X45Y168        MUXF8 (Prop_F8MUX_BOT_SLICEM_I0_O)
                                                      0.030     9.793 r  re2_bd_i/re2_copro_0/inst/UIP/abram/read_reg[13]_i_20/O
                         net (fo=1, routed)           0.928    10.721    re2_bd_i/re2_copro_0/inst/UIP/abram/read_reg[13]_i_20_n_0
    SLICE_X36Y132        LUT6 (Prop_A6LUT_SLICEL_I3_O)
                                                      0.064    10.785 r  re2_bd_i/re2_copro_0/inst/UIP/abram/read[13]_i_7/O
                         net (fo=1, routed)           0.011    10.796    re2_bd_i/re2_copro_0/inst/UIP/abram/read[13]_i_7_n_0
    SLICE_X36Y132        MUXF7 (Prop_F7MUX_AB_SLICEL_I1_O)
                                                      0.083    10.879 r  re2_bd_i/re2_copro_0/inst/UIP/abram/read_reg[13]_i_2/O
                         net (fo=1, routed)           0.341    11.220    re2_bd_i/re2_copro_0/inst/UIP/abram/read_reg[13]_i_2_n_0
    SLICE_X34Y128        LUT6 (Prop_D6LUT_SLICEM_I0_O)
                                                      0.174    11.394 r  re2_bd_i/re2_copro_0/inst/UIP/abram/read[13]_i_1/O
                         net (fo=1, routed)           0.082    11.476    re2_bd_i/re2_copro_0/inst/UIP/abram/read[13]_i_1_n_0
    SLICE_X34Y128        FDRE                                         r  re2_bd_i/re2_copro_0/inst/UIP/abram/read_reg[13]/D
  -------------------------------------------------------------------    -------------------

                         (clock clk_pl_0 rise edge)
                                                     10.000    10.000 r  
    PS8_X0Y0             PS8                          0.000    10.000 r  re2_bd_i/zynq_ultra_ps_e_0/inst/PS8_i/PLCLK[0]
                         net (fo=1, routed)           0.140    10.140    re2_bd_i/zynq_ultra_ps_e_0/inst/pl_clk_unbuffered[0]
    BUFG_PS_X0Y67        BUFG_PS (Prop_BUFG_PS_I_O)
                                                      0.027    10.167 r  re2_bd_i/zynq_ultra_ps_e_0/inst/buffer_pl_clk_0.PL_CLK_0_BUFG/O
    X0Y1 (CLOCK_ROOT)    net (fo=41213, routed)       1.817    11.984    re2_bd_i/re2_copro_0/inst/UIP/abram/s00_axi_aclk
    SLICE_X34Y128        FDRE                                         r  re2_bd_i/re2_copro_0/inst/UIP/abram/read_reg[13]/C
                         clock pessimism              0.118    12.102    
                         clock uncertainty           -0.176    11.926    
    SLICE_X34Y128        FDRE (Setup_DFF_SLICEM_C_D)
                                                      0.027    11.953    re2_bd_i/re2_copro_0/inst/UIP/abram/read_reg[13]
  -------------------------------------------------------------------
                         required time                         11.953    
                         arrival time                         -11.476    
  -------------------------------------------------------------------
                         slack                                  0.478    

Slack (MET) :             0.489ns  (required time - arrival time)
  Source:                 re2_bd_i/re2_copro_0/inst/UIP/a_regex_coprocessor/a_topology/anEngine/anEngine/genblk3[2].a_regex_cpu/EXE1_Cc_id_reg[1]/C
                            (rising edge-triggered cell FDRE clocked by clk_pl_0  {rise@0.000ns fall@5.000ns period=10.000ns})
  Destination:            re2_bd_i/re2_copro_0/inst/UIP/abram/read_reg[29]/D
                            (rising edge-triggered cell FDRE clocked by clk_pl_0  {rise@0.000ns fall@5.000ns period=10.000ns})
  Path Group:             clk_pl_0
  Path Type:              Setup (Max at Slow Process Corner)
  Requirement:            10.000ns  (clk_pl_0 rise@10.000ns - clk_pl_0 rise@0.000ns)
  Data Path Delay:        9.225ns  (logic 2.459ns (26.655%)  route 6.766ns (73.345%))
  Logic Levels:           20  (LUT4=1 LUT6=15 MUXF7=3 MUXF8=1)
  Clock Path Skew:        -0.137ns (DCD - SCD + CPR)
    Destination Clock Delay (DCD):    1.896ns = ( 11.896 - 10.000 ) 
    Source Clock Delay      (SCD):    2.151ns
    Clock Pessimism Removal (CPR):    0.118ns
  Clock Uncertainty:      0.176ns  ((TSJ^2 + DJ^2)^1/2) / 2 + PE
    Total System Jitter     (TSJ):    0.071ns
    Discrete Jitter          (DJ):    0.344ns
    Phase Error              (PE):    0.000ns
  Clock Net Delay (Source):      1.944ns (routing 0.814ns, distribution 1.130ns)
  Clock Net Delay (Destination): 1.729ns (routing 0.736ns, distribution 0.993ns)

    Location             Delay type                Incr(ns)  Path(ns)    Netlist Resource(s)
  -------------------------------------------------------------------    -------------------
                         (clock clk_pl_0 rise edge)
                                                      0.000     0.000 r  
    PS8_X0Y0             PS8                          0.000     0.000 r  re2_bd_i/zynq_ultra_ps_e_0/inst/PS8_i/PLCLK[0]
                         net (fo=1, routed)           0.178     0.178    re2_bd_i/zynq_ultra_ps_e_0/inst/pl_clk_unbuffered[0]
    BUFG_PS_X0Y67        BUFG_PS (Prop_BUFG_PS_I_O)
                                                      0.029     0.207 r  re2_bd_i/zynq_ultra_ps_e_0/inst/buffer_pl_clk_0.PL_CLK_0_BUFG/O
    X0Y1 (CLOCK_ROOT)    net (fo=41213, routed)       1.944     2.151    re2_bd_i/re2_copro_0/inst/UIP/a_regex_coprocessor/a_topology/anEngine/anEngine/genblk3[2].a_regex_cpu/s00_axi_aclk
    SLICE_X24Y70         FDRE                                         r  re2_bd_i/re2_copro_0/inst/UIP/a_regex_coprocessor/a_topology/anEngine/anEngine/genblk3[2].a_regex_cpu/EXE1_Cc_id_reg[1]/C
  -------------------------------------------------------------------    -------------------
    SLICE_X24Y70         FDRE (Prop_GFF2_SLICEM_C_Q)
                                                      0.098     2.249 r  re2_bd_i/re2_copro_0/inst/UIP/a_regex_coprocessor/a_topology/anEngine/anEngine/genblk3[2].a_regex_cpu/EXE1_Cc_id_reg[1]/Q
                         net (fo=24, routed)          0.489     2.738    re2_bd_i/re2_copro_0/inst/UIP/a_regex_coprocessor/a_topology/anEngine/anEngine/genblk3[2].a_regex_cpu/EXE1_Cc_id[1]
    SLICE_X21Y65         LUT6 (Prop_H6LUT_SLICEL_I2_O)
                                                      0.116     2.854 r  re2_bd_i/re2_copro_0/inst/UIP/a_regex_coprocessor/a_topology/anEngine/anEngine/genblk3[2].a_regex_cpu/grant__0_i_49/O
                         net (fo=1, routed)           0.011     2.865    re2_bd_i/re2_copro_0/inst/UIP/a_regex_coprocessor/a_topology/anEngine/anEngine/genblk3[2].a_regex_cpu/grant__0_i_49_n_0
    SLICE_X21Y65         MUXF7 (Prop_F7MUX_GH_SLICEL_I0_O)
                                                      0.083     2.948 r  re2_bd_i/re2_copro_0/inst/UIP/a_regex_coprocessor/a_topology/anEngine/anEngine/genblk3[2].a_regex_cpu/grant__0_i_40/O
                         net (fo=1, routed)           0.219     3.167    re2_bd_i/re2_copro_0/inst/UIP/a_regex_coprocessor/a_topology/anEngine/anEngine/genblk3[2].a_regex_cpu/grant__0_i_40_n_0
    SLICE_X23Y67         LUT6 (Prop_H6LUT_SLICEL_I4_O)
                                                      0.116     3.283 f  re2_bd_i/re2_copro_0/inst/UIP/a_regex_coprocessor/a_topology/anEngine/anEngine/genblk3[2].a_regex_cpu/grant__0_i_31/O
                         net (fo=6, routed)           0.309     3.592    re2_bd_i/re2_copro_0/inst/UIP/a_regex_coprocessor/a_topology/anEngine/anEngine/genblk3[2].a_regex_cpu/grant__0_i_31_n_0
    SLICE_X24Y68         LUT6 (Prop_E6LUT_SLICEM_I1_O)
                                                      0.148     3.740 r  re2_bd_i/re2_copro_0/inst/UIP/a_regex_coprocessor/a_topology/anEngine/anEngine/genblk3[2].a_regex_cpu/grant__1_i_24/O
                         net (fo=3, routed)           0.295     4.035    re2_bd_i/re2_copro_0/inst/UIP/a_regex_coprocessor/a_topology/anEngine/anEngine/genblk3[2].a_regex_cpu/grant__1_i_24_n_0
    SLICE_X26Y69         LUT6 (Prop_G6LUT_SLICEL_I5_O)
                                                      0.147     4.182 f  re2_bd_i/re2_copro_0/inst/UIP/a_regex_coprocessor/a_topology/anEngine/anEngine/genblk3[2].a_regex_cpu/grant__1_i_14/O
                         net (fo=2, routed)           0.124     4.306    re2_bd_i/re2_copro_0/inst/UIP/a_regex_coprocessor/a_topology/anEngine/anEngine/genblk3[2].a_regex_cpu/grant__1_i_14_n_0
    SLICE_X26Y69         LUT6 (Prop_D6LUT_SLICEL_I1_O)
                                                      0.174     4.480 r  re2_bd_i/re2_copro_0/inst/UIP/a_regex_coprocessor/a_topology/anEngine/anEngine/genblk3[2].a_regex_cpu/FETCH_REC_has_to_save_i_4/O
                         net (fo=2, routed)           0.232     4.712    re2_bd_i/re2_copro_0/inst/UIP/a_regex_coprocessor/a_topology/anEngine/anEngine/genblk3[2].a_regex_cpu/output_pc_ready20_in
    SLICE_X24Y72         LUT6 (Prop_G6LUT_SLICEM_I3_O)
                                                      0.148     4.860 f  re2_bd_i/re2_copro_0/inst/UIP/a_regex_coprocessor/a_topology/anEngine/anEngine/genblk3[2].a_regex_cpu/FETCH_REC_Instr[15]_i_6__0/O
                         net (fo=1, routed)           0.213     5.073    re2_bd_i/re2_copro_0/inst/UIP/a_regex_coprocessor/a_topology/anEngine/anEngine/genblk3[1].a_regex_cpu/output_pc_ready126_out
    SLICE_X25Y75         LUT6 (Prop_G6LUT_SLICEL_I3_O)
                                                      0.114     5.187 f  re2_bd_i/re2_copro_0/inst/UIP/a_regex_coprocessor/a_topology/anEngine/anEngine/genblk3[1].a_regex_cpu/FETCH_REC_Instr[15]_i_3__0/O
                         net (fo=12, routed)          0.378     5.565    re2_bd_i/re2_copro_0/inst/UIP/a_regex_coprocessor/a_topology/anEngine/anEngine/genblk3[1].a_regex_cpu/old_grant_reg[0]
    SLICE_X28Y80         LUT4 (Prop_H5LUT_SLICEM_I3_O)
                                                      0.082     5.647 f  re2_bd_i/re2_copro_0/inst/UIP/a_regex_coprocessor/a_topology/anEngine/anEngine/genblk3[1].a_regex_cpu/tag_saved[4]_i_2/O
                         net (fo=12, routed)          0.288     5.935    re2_bd_i/re2_copro_0/inst/UIP/a_regex_coprocessor/a_topology/anEngine/anEngine/genblk1[1].cpu_cache/cpu_out_memory_valid_1
    SLICE_X29Y78         LUT6 (Prop_G6LUT_SLICEM_I4_O)
                                                      0.100     6.035 r  re2_bd_i/re2_copro_0/inst/UIP/a_regex_coprocessor/a_topology/anEngine/anEngine/genblk1[1].cpu_cache/cur_state[2]_i_15/O
                         net (fo=3, routed)           0.211     6.246    re2_bd_i/re2_copro_0/inst/UIP/a_regex_coprocessor/a_topology/anEngine/anEngine/genblk3[2].a_regex_cpu/cur_state_reg[2]_7
    SLICE_X29Y79         LUT6 (Prop_D6LUT_SLICEM_I2_O)
                                                      0.174     6.420 r  re2_bd_i/re2_copro_0/inst/UIP/a_regex_coprocessor/a_topology/anEngine/anEngine/genblk3[2].a_regex_cpu/cur_state[2]_i_5/O
                         net (fo=15, routed)          0.382     6.802    re2_bd_i/re2_copro_0/inst/UIP/a_regex_coprocessor/a_topology/anEngine/anEngine/genblk1[7].cpu_cache/cache_line_saved[0]_i_2_0
    SLICE_X30Y88         LUT6 (Prop_H6LUT_SLICEL_I4_O)
                                                      0.116     6.918 r  re2_bd_i/re2_copro_0/inst/UIP/a_regex_coprocessor/a_topology/anEngine/anEngine/genblk1[7].cpu_cache/cache_line_saved[3]_i_23/O
                         net (fo=57, routed)          0.471     7.389    re2_bd_i/re2_copro_0/inst/UIP/a_regex_coprocessor/a_topology/anEngine/anEngine/arbiter_tree_to_cope_with_memory_contention/arbitration_logic/in_ready_packed[0]
    SLICE_X29Y95         LUT6 (Prop_C6LUT_SLICEM_I3_O)
                                                      0.147     7.536 r  re2_bd_i/re2_copro_0/inst/UIP/a_regex_coprocessor/a_topology/anEngine/anEngine/arbiter_tree_to_cope_with_memory_contention/arbitration_logic/cache_line_saved[0]_i_2/O
                         net (fo=63, routed)          0.569     8.105    re2_bd_i/re2_copro_0/inst/re2_copro_slave_lite_v2_S00_AXI_inst/memory_addr_from_coprocessor[0]
    SLICE_X29Y118        LUT6 (Prop_F6LUT_SLICEM_I4_O)
                                                      0.038     8.143 r  re2_bd_i/re2_copro_0/inst/re2_copro_slave_lite_v2_S00_AXI_inst/read[31]_i_243/O
                         net (fo=1024, routed)        1.294     9.436    re2_bd_i/re2_copro_0/inst/UIP/abram/r_addr[0]
    SLICE_X47Y159        LUT6 (Prop_A6LUT_SLICEL_I4_O)
                                                      0.149     9.585 r  re2_bd_i/re2_copro_0/inst/UIP/abram/read[29]_i_114/O
                         net (fo=1, routed)           0.011     9.596    re2_bd_i/re2_copro_0/inst/UIP/abram/read[29]_i_114_n_0
    SLICE_X47Y159        MUXF7 (Prop_F7MUX_AB_SLICEL_I1_O)
                                                      0.076     9.672 r  re2_bd_i/re2_copro_0/inst/UIP/abram/read_reg[29]_i_47/O
                         net (fo=1, routed)           0.000     9.672    re2_bd_i/re2_copro_0/inst/UIP/abram/read_reg[29]_i_47_n_0
    SLICE_X47Y159        MUXF8 (Prop_F8MUX_BOT_SLICEL_I1_O)
                                                      0.027     9.699 r  re2_bd_i/re2_copro_0/inst/UIP/abram/read_reg[29]_i_14/O
                         net (fo=1, routed)           0.838    10.537    re2_bd_i/re2_copro_0/inst/UIP/abram/read_reg[29]_i_14_n_0
    SLICE_X30Y138        LUT6 (Prop_H6LUT_SLICEL_I0_O)
                                                      0.149    10.686 r  re2_bd_i/re2_copro_0/inst/UIP/abram/read[29]_i_6/O
                         net (fo=1, routed)           0.011    10.697    re2_bd_i/re2_copro_0/inst/UIP/abram/read[29]_i_6_n_0
    SLICE_X30Y138        MUXF7 (Prop_F7MUX_GH_SLICEL_I0_O)
                                                      0.083    10.780 r  re2_bd_i/re2_copro_0/inst/UIP/abram/read_reg[29]_i_2/O
                         net (fo=1, routed)           0.345    11.125    re2_bd_i/re2_copro_0/inst/UIP/abram/read_reg[29]_i_2_n_0
    SLICE_X28Y135        LUT6 (Prop_C6LUT_SLICEM_I0_O)
                                                      0.174    11.299 r  re2_bd_i/re2_copro_0/inst/UIP/abram/read[29]_i_1/O
                         net (fo=1, routed)           0.077    11.376    re2_bd_i/re2_copro_0/inst/UIP/abram/read[29]_i_1_n_0
    SLICE_X28Y135        FDRE                                         r  re2_bd_i/re2_copro_0/inst/UIP/abram/read_reg[29]/D
  -------------------------------------------------------------------    -------------------

                         (clock clk_pl_0 rise edge)
                                                     10.000    10.000 r  
    PS8_X0Y0             PS8                          0.000    10.000 r  re2_bd_i/zynq_ultra_ps_e_0/inst/PS8_i/PLCLK[0]
                         net (fo=1, routed)           0.140    10.140    re2_bd_i/zynq_ultra_ps_e_0/inst/pl_clk_unbuffered[0]
    BUFG_PS_X0Y67        BUFG_PS (Prop_BUFG_PS_I_O)
                                                      0.027    10.167 r  re2_bd_i/zynq_ultra_ps_e_0/inst/buffer_pl_clk_0.PL_CLK_0_BUFG/O
    X0Y1 (CLOCK_ROOT)    net (fo=41213, routed)       1.729    11.896    re2_bd_i/re2_copro_0/inst/UIP/abram/s00_axi_aclk
    SLICE_X28Y135        FDRE                                         r  re2_bd_i/re2_copro_0/inst/UIP/abram/read_reg[29]/C
                         clock pessimism              0.118    12.014    
                         clock uncertainty           -0.176    11.838    
    SLICE_X28Y135        FDRE (Setup_CFF_SLICEM_C_D)
                                                      0.027    11.865    re2_bd_i/re2_copro_0/inst/UIP/abram/read_reg[29]
  -------------------------------------------------------------------
                         required time                         11.865    
                         arrival time                         -11.376    
  -------------------------------------------------------------------
                         slack                                  0.489    

Slack (MET) :             0.504ns  (required time - arrival time)
  Source:                 re2_bd_i/re2_copro_0/inst/UIP/a_regex_coprocessor/cur_window_reg[20]/C
                            (rising edge-triggered cell FDRE clocked by clk_pl_0  {rise@0.000ns fall@5.000ns period=10.000ns})
  Destination:            re2_bd_i/re2_copro_0/inst/UIP/abram/read_reg[59]/D
                            (rising edge-triggered cell FDRE clocked by clk_pl_0  {rise@0.000ns fall@5.000ns period=10.000ns})
  Path Group:             clk_pl_0
  Path Type:              Setup (Max at Slow Process Corner)
  Requirement:            10.000ns  (clk_pl_0 rise@10.000ns - clk_pl_0 rise@0.000ns)
  Data Path Delay:        9.306ns  (logic 2.040ns (21.921%)  route 7.266ns (78.079%))
  Logic Levels:           20  (LUT3=1 LUT4=2 LUT6=13 MUXF7=3 MUXF8=1)
  Clock Path Skew:        -0.041ns (DCD - SCD + CPR)
    Destination Clock Delay (DCD):    1.935ns = ( 11.935 - 10.000 ) 
    Source Clock Delay      (SCD):    2.151ns
    Clock Pessimism Removal (CPR):    0.175ns
  Clock Uncertainty:      0.176ns  ((TSJ^2 + DJ^2)^1/2) / 2 + PE
    Total System Jitter     (TSJ):    0.071ns
    Discrete Jitter          (DJ):    0.344ns
    Phase Error              (PE):    0.000ns
  Clock Net Delay (Source):      1.944ns (routing 0.814ns, distribution 1.130ns)
  Clock Net Delay (Destination): 1.768ns (routing 0.736ns, distribution 1.032ns)

    Location             Delay type                Incr(ns)  Path(ns)    Netlist Resource(s)
  -------------------------------------------------------------------    -------------------
                         (clock clk_pl_0 rise edge)
                                                      0.000     0.000 r  
    PS8_X0Y0             PS8                          0.000     0.000 r  re2_bd_i/zynq_ultra_ps_e_0/inst/PS8_i/PLCLK[0]
                         net (fo=1, routed)           0.178     0.178    re2_bd_i/zynq_ultra_ps_e_0/inst/pl_clk_unbuffered[0]
    BUFG_PS_X0Y67        BUFG_PS (Prop_BUFG_PS_I_O)
                                                      0.029     0.207 r  re2_bd_i/zynq_ultra_ps_e_0/inst/buffer_pl_clk_0.PL_CLK_0_BUFG/O
    X0Y1 (CLOCK_ROOT)    net (fo=41213, routed)       1.944     2.151    re2_bd_i/re2_copro_0/inst/UIP/a_regex_coprocessor/s00_axi_aclk
    SLICE_X22Y67         FDRE                                         r  re2_bd_i/re2_copro_0/inst/UIP/a_regex_coprocessor/cur_window_reg[20]/C
  -------------------------------------------------------------------    -------------------
    SLICE_X22Y67         FDRE (Prop_HFF_SLICEL_C_Q)
                                                      0.096     2.247 r  re2_bd_i/re2_copro_0/inst/UIP/a_regex_coprocessor/cur_window_reg[20]/Q
                         net (fo=8, routed)           0.514     2.761    re2_bd_i/re2_copro_0/inst/UIP/a_regex_coprocessor/a_topology/anEngine/anEngine/genblk3[7].a_regex_cpu/p_4_out_i_11_0[20]
    SLICE_X21Y65         LUT6 (Prop_D6LUT_SLICEL_I1_O)
                                                      0.099     2.860 r  re2_bd_i/re2_copro_0/inst/UIP/a_regex_coprocessor/a_topology/anEngine/anEngine/genblk3[7].a_regex_cpu/p_4_out_i_32/O
                         net (fo=1, routed)           0.010     2.870    re2_bd_i/re2_copro_0/inst/UIP/a_regex_coprocessor/a_topology/anEngine/anEngine/genblk3[7].a_regex_cpu/p_4_out_i_32_n_0
    SLICE_X21Y65         MUXF7 (Prop_F7MUX_CD_SLICEL_I0_O)
                                                      0.082     2.952 r  re2_bd_i/re2_copro_0/inst/UIP/a_regex_coprocessor/a_topology/anEngine/anEngine/genblk3[7].a_regex_cpu/p_4_out_i_22/O
                         net (fo=2, routed)           0.426     3.378    re2_bd_i/re2_copro_0/inst/UIP/a_regex_coprocessor/a_topology/anEngine/anEngine/genblk3[7].a_regex_cpu/p_4_out_i_22_n_0
    SLICE_X20Y67         LUT6 (Prop_G6LUT_SLICEM_I4_O)
                                                      0.148     3.526 r  re2_bd_i/re2_copro_0/inst/UIP/a_regex_coprocessor/a_topology/anEngine/anEngine/genblk3[7].a_regex_cpu/p_4_out_i_11/O
                         net (fo=4, routed)           0.165     3.691    re2_bd_i/re2_copro_0/inst/UIP/a_regex_coprocessor/a_topology/anEngine/anEngine/genblk3[7].a_regex_cpu/p_4_out_i_11_n_0
    SLICE_X21Y69         LUT4 (Prop_C6LUT_SLICEL_I1_O)
                                                      0.063     3.754 r  re2_bd_i/re2_copro_0/inst/UIP/a_regex_coprocessor/a_topology/anEngine/anEngine/genblk3[7].a_regex_cpu/p_4_out_i_6/O
                         net (fo=5, routed)           0.263     4.018    re2_bd_i/re2_copro_0/inst/UIP/a_regex_coprocessor/a_topology/anEngine/anEngine/genblk3[7].a_regex_cpu/p_4_out_i_6_n_0
    SLICE_X22Y70         LUT6 (Prop_B6LUT_SLICEL_I3_O)
                                                      0.177     4.195 f  re2_bd_i/re2_copro_0/inst/UIP/a_regex_coprocessor/a_topology/anEngine/anEngine/genblk3[7].a_regex_cpu/grant__4_i_6/O
                         net (fo=3, routed)           0.192     4.387    re2_bd_i/re2_copro_0/inst/UIP/a_regex_coprocessor/a_topology/anEngine/anEngine/genblk3[7].a_regex_cpu/EXE1_Instr_valid_reg_1
    SLICE_X22Y71         LUT6 (Prop_G6LUT_SLICEL_I0_O)
                                                      0.114     4.501 f  re2_bd_i/re2_copro_0/inst/UIP/a_regex_coprocessor/a_topology/anEngine/anEngine/genblk3[7].a_regex_cpu/grant__4_i_2/O
                         net (fo=7, routed)           0.380     4.881    re2_bd_i/re2_copro_0/inst/UIP/a_regex_coprocessor/a_topology/anEngine/anEngine/genblk3[6].a_regex_cpu/old_grant_reg[0]_4
    SLICE_X29Y70         LUT6 (Prop_C6LUT_SLICEM_I0_O)
                                                      0.098     4.979 f  re2_bd_i/re2_copro_0/inst/UIP/a_regex_coprocessor/a_topology/anEngine/anEngine/genblk3[6].a_regex_cpu/old_grant[0]_i_1__6/O
                         net (fo=24, routed)          0.143     5.122    re2_bd_i/re2_copro_0/inst/UIP/a_regex_coprocessor/a_topology/anEngine/anEngine/genblk3[7].a_regex_cpu/FETCH_REC_Instr_reg[0]_0
    SLICE_X29Y72         LUT6 (Prop_H6LUT_SLICEM_I1_O)
                                                      0.182     5.304 f  re2_bd_i/re2_copro_0/inst/UIP/a_regex_coprocessor/a_topology/anEngine/anEngine/genblk3[7].a_regex_cpu/curState[1]_i_4__1/O
                         net (fo=14, routed)          0.295     5.598    re2_bd_i/re2_copro_0/inst/UIP/a_regex_coprocessor/a_topology/anEngine/anEngine/genblk1[7].cpu_cache/curState_reg[0]_5
    SLICE_X30Y79         LUT6 (Prop_H6LUT_SLICEL_I5_O)
                                                      0.040     5.638 f  re2_bd_i/re2_copro_0/inst/UIP/a_regex_coprocessor/a_topology/anEngine/anEngine/genblk1[7].cpu_cache/read[63]_i_30/O
                         net (fo=3, routed)           0.324     5.962    re2_bd_i/re2_copro_0/inst/UIP/a_regex_coprocessor/a_topology/anEngine/anEngine/arbiter_tree_to_cope_with_memory_contention/arbitration_logic/cache_out_addr_valid[7]_16
    SLICE_X30Y87         LUT3 (Prop_F6LUT_SLICEL_I0_O)
                                                      0.039     6.001 f  re2_bd_i/re2_copro_0/inst/UIP/a_regex_coprocessor/a_topology/anEngine/anEngine/arbiter_tree_to_cope_with_memory_contention/arbitration_logic/old_grant[6]_i_7/O
                         net (fo=31, routed)          0.581     6.582    re2_bd_i/re2_copro_0/inst/UIP/a_regex_coprocessor/a_topology/anEngine/anEngine/genblk1[0].cpu_cache/old_grant_reg[0]_0
    SLICE_X31Y89         LUT6 (Prop_C6LUT_SLICEM_I4_O)
                                                      0.098     6.680 r  re2_bd_i/re2_copro_0/inst/UIP/a_regex_coprocessor/a_topology/anEngine/anEngine/genblk1[0].cpu_cache/old_grant[0]_i_2/O
                         net (fo=5, routed)           0.323     7.003    re2_bd_i/re2_copro_0/inst/UIP/a_regex_coprocessor/a_topology/anEngine/anEngine/arbiter_tree_to_cope_with_memory_contention/arbitration_logic/tag_saved_reg[3]_7
    SLICE_X29Y93         LUT4 (Prop_E6LUT_SLICEM_I2_O)
                                                      0.063     7.066 r  re2_bd_i/re2_copro_0/inst/UIP/a_regex_coprocessor/a_topology/anEngine/anEngine/arbiter_tree_to_cope_with_memory_contention/arbitration_logic/cache_line_saved[1]_i_4/O
                         net (fo=1, routed)           0.183     7.249    re2_bd_i/re2_copro_0/inst/UIP/a_regex_coprocessor/a_topology/anEngine/anEngine/arbiter_tree_to_cope_with_memory_contention/arbitration_logic/cache_line_saved[1]_i_4_n_0
    SLICE_X30Y93         LUT6 (Prop_D6LUT_SLICEL_I1_O)
                                                      0.147     7.396 r  re2_bd_i/re2_copro_0/inst/UIP/a_regex_coprocessor/a_topology/anEngine/anEngine/arbiter_tree_to_cope_with_memory_contention/arbitration_logic/cache_line_saved[1]_i_2/O
                         net (fo=63, routed)          0.580     7.976    re2_bd_i/re2_copro_0/inst/re2_copro_slave_lite_v2_S00_AXI_inst/memory_addr_from_coprocessor[1]
    SLICE_X33Y98         LUT6 (Prop_G6LUT_SLICEL_I4_O)
                                                      0.038     8.014 r  re2_bd_i/re2_copro_0/inst/re2_copro_slave_lite_v2_S00_AXI_inst/read[63]_i_270/O
                         net (fo=1024, routed)        1.190     9.204    re2_bd_i/re2_copro_0/inst/UIP/abram/RAM_inferred__0/read_reg[56]_i_100_0
    SLICE_X20Y27         LUT6 (Prop_D6LUT_SLICEM_I2_O)
                                                      0.062     9.266 r  re2_bd_i/re2_copro_0/inst/UIP/abram/RAM_inferred__0/read[59]_i_168/O
                         net (fo=1, routed)           0.027     9.293    re2_bd_i/re2_copro_0/inst/UIP/abram/RAM_inferred__0/read[59]_i_168_n_0
    SLICE_X20Y27         MUXF7 (Prop_F7MUX_CD_SLICEM_I0_O)
                                                      0.083     9.376 r  re2_bd_i/re2_copro_0/inst/UIP/abram/RAM_inferred__0/read_reg[59]_i_75/O
                         net (fo=1, routed)           0.000     9.376    re2_bd_i/re2_copro_0/inst/UIP/abram/RAM_inferred__0/read_reg[59]_i_75_n_0
    SLICE_X20Y27         MUXF8 (Prop_F8MUX_BOT_SLICEM_I0_O)
                                                      0.030     9.406 r  re2_bd_i/re2_copro_0/inst/UIP/abram/RAM_inferred__0/read_reg[59]_i_28/O
                         net (fo=1, routed)           1.082    10.488    re2_bd_i/re2_copro_0/inst/UIP/abram/RAM_inferred__0/read_reg[59]_i_28_n_0
    SLICE_X28Y98         LUT6 (Prop_C6LUT_SLICEM_I3_O)
                                                      0.113    10.601 r  re2_bd_i/re2_copro_0/inst/UIP/abram/RAM_inferred__0/read[59]_i_9/O
                         net (fo=1, routed)           0.023    10.624    re2_bd_i/re2_copro_0/inst/UIP/abram/RAM_inferred__0/read[59]_i_9_n_0
    SLICE_X28Y98         MUXF7 (Prop_F7MUX_CD_SLICEM_I1_O)
                                                      0.089    10.713 r  re2_bd_i/re2_copro_0/inst/UIP/abram/RAM_inferred__0/read_reg[59]_i_3/O
                         net (fo=1, routed)           0.496    11.209    re2_bd_i/re2_copro_0/inst/UIP/abram/RAM_inferred__0/read_reg[59]_i_3_n_0
    SLICE_X34Y104        LUT6 (Prop_G6LUT_SLICEM_I1_O)
                                                      0.179    11.388 r  re2_bd_i/re2_copro_0/inst/UIP/abram/RAM_inferred__0/read[59]_i_1/O
                         net (fo=1, routed)           0.069    11.457    re2_bd_i/re2_copro_0/inst/UIP/abram/RAM[27]
    SLICE_X34Y104        FDRE                                         r  re2_bd_i/re2_copro_0/inst/UIP/abram/read_reg[59]/D
  -------------------------------------------------------------------    -------------------

                         (clock clk_pl_0 rise edge)
                                                     10.000    10.000 r  
    PS8_X0Y0             PS8                          0.000    10.000 r  re2_bd_i/zynq_ultra_ps_e_0/inst/PS8_i/PLCLK[0]
                         net (fo=1, routed)           0.140    10.140    re2_bd_i/zynq_ultra_ps_e_0/inst/pl_clk_unbuffered[0]
    BUFG_PS_X0Y67        BUFG_PS (Prop_BUFG_PS_I_O)
                                                      0.027    10.167 r  re2_bd_i/zynq_ultra_ps_e_0/inst/buffer_pl_clk_0.PL_CLK_0_BUFG/O
    X0Y1 (CLOCK_ROOT)    net (fo=41213, routed)       1.768    11.935    re2_bd_i/re2_copro_0/inst/UIP/abram/s00_axi_aclk
    SLICE_X34Y104        FDRE                                         r  re2_bd_i/re2_copro_0/inst/UIP/abram/read_reg[59]/C
                         clock pessimism              0.175    12.110    
                         clock uncertainty           -0.176    11.934    
    SLICE_X34Y104        FDRE (Setup_GFF_SLICEM_C_D)
                                                      0.027    11.961    re2_bd_i/re2_copro_0/inst/UIP/abram/read_reg[59]
  -------------------------------------------------------------------
                         required time                         11.961    
                         arrival time                         -11.457    
  -------------------------------------------------------------------
                         slack                                  0.504    

Slack (MET) :             0.514ns  (required time - arrival time)
  Source:                 re2_bd_i/re2_copro_0/inst/UIP/a_regex_coprocessor/a_topology/anEngine/anEngine/genblk3[2].a_regex_cpu/EXE1_Cc_id_reg[1]/C
                            (rising edge-triggered cell FDRE clocked by clk_pl_0  {rise@0.000ns fall@5.000ns period=10.000ns})
  Destination:            re2_bd_i/re2_copro_0/inst/UIP/abram/read_reg[28]/D
                            (rising edge-triggered cell FDRE clocked by clk_pl_0  {rise@0.000ns fall@5.000ns period=10.000ns})
  Path Group:             clk_pl_0
  Path Type:              Setup (Max at Slow Process Corner)
  Requirement:            10.000ns  (clk_pl_0 rise@10.000ns - clk_pl_0 rise@0.000ns)
  Data Path Delay:        9.200ns  (logic 2.285ns (24.837%)  route 6.915ns (75.163%))
  Logic Levels:           20  (LUT4=1 LUT6=15 MUXF7=3 MUXF8=1)
  Clock Path Skew:        -0.137ns (DCD - SCD + CPR)
    Destination Clock Delay (DCD):    1.896ns = ( 11.896 - 10.000 ) 
    Source Clock Delay      (SCD):    2.151ns
    Clock Pessimism Removal (CPR):    0.118ns
  Clock Uncertainty:      0.176ns  ((TSJ^2 + DJ^2)^1/2) / 2 + PE
    Total System Jitter     (TSJ):    0.071ns
    Discrete Jitter          (DJ):    0.344ns
    Phase Error              (PE):    0.000ns
  Clock Net Delay (Source):      1.944ns (routing 0.814ns, distribution 1.130ns)
  Clock Net Delay (Destination): 1.729ns (routing 0.736ns, distribution 0.993ns)

    Location             Delay type                Incr(ns)  Path(ns)    Netlist Resource(s)
  -------------------------------------------------------------------    -------------------
                         (clock clk_pl_0 rise edge)
                                                      0.000     0.000 r  
    PS8_X0Y0             PS8                          0.000     0.000 r  re2_bd_i/zynq_ultra_ps_e_0/inst/PS8_i/PLCLK[0]
                         net (fo=1, routed)           0.178     0.178    re2_bd_i/zynq_ultra_ps_e_0/inst/pl_clk_unbuffered[0]
    BUFG_PS_X0Y67        BUFG_PS (Prop_BUFG_PS_I_O)
                                                      0.029     0.207 r  re2_bd_i/zynq_ultra_ps_e_0/inst/buffer_pl_clk_0.PL_CLK_0_BUFG/O
    X0Y1 (CLOCK_ROOT)    net (fo=41213, routed)       1.944     2.151    re2_bd_i/re2_copro_0/inst/UIP/a_regex_coprocessor/a_topology/anEngine/anEngine/genblk3[2].a_regex_cpu/s00_axi_aclk
    SLICE_X24Y70         FDRE                                         r  re2_bd_i/re2_copro_0/inst/UIP/a_regex_coprocessor/a_topology/anEngine/anEngine/genblk3[2].a_regex_cpu/EXE1_Cc_id_reg[1]/C
  -------------------------------------------------------------------    -------------------
    SLICE_X24Y70         FDRE (Prop_GFF2_SLICEM_C_Q)
                                                      0.098     2.249 r  re2_bd_i/re2_copro_0/inst/UIP/a_regex_coprocessor/a_topology/anEngine/anEngine/genblk3[2].a_regex_cpu/EXE1_Cc_id_reg[1]/Q
                         net (fo=24, routed)          0.489     2.738    re2_bd_i/re2_copro_0/inst/UIP/a_regex_coprocessor/a_topology/anEngine/anEngine/genblk3[2].a_regex_cpu/EXE1_Cc_id[1]
    SLICE_X21Y65         LUT6 (Prop_H6LUT_SLICEL_I2_O)
                                                      0.116     2.854 r  re2_bd_i/re2_copro_0/inst/UIP/a_regex_coprocessor/a_topology/anEngine/anEngine/genblk3[2].a_regex_cpu/grant__0_i_49/O
                         net (fo=1, routed)           0.011     2.865    re2_bd_i/re2_copro_0/inst/UIP/a_regex_coprocessor/a_topology/anEngine/anEngine/genblk3[2].a_regex_cpu/grant__0_i_49_n_0
    SLICE_X21Y65         MUXF7 (Prop_F7MUX_GH_SLICEL_I0_O)
                                                      0.083     2.948 r  re2_bd_i/re2_copro_0/inst/UIP/a_regex_coprocessor/a_topology/anEngine/anEngine/genblk3[2].a_regex_cpu/grant__0_i_40/O
                         net (fo=1, routed)           0.219     3.167    re2_bd_i/re2_copro_0/inst/UIP/a_regex_coprocessor/a_topology/anEngine/anEngine/genblk3[2].a_regex_cpu/grant__0_i_40_n_0
    SLICE_X23Y67         LUT6 (Prop_H6LUT_SLICEL_I4_O)
                                                      0.116     3.283 f  re2_bd_i/re2_copro_0/inst/UIP/a_regex_coprocessor/a_topology/anEngine/anEngine/genblk3[2].a_regex_cpu/grant__0_i_31/O
                         net (fo=6, routed)           0.309     3.592    re2_bd_i/re2_copro_0/inst/UIP/a_regex_coprocessor/a_topology/anEngine/anEngine/genblk3[2].a_regex_cpu/grant__0_i_31_n_0
    SLICE_X24Y68         LUT6 (Prop_E6LUT_SLICEM_I1_O)
                                                      0.148     3.740 r  re2_bd_i/re2_copro_0/inst/UIP/a_regex_coprocessor/a_topology/anEngine/anEngine/genblk3[2].a_regex_cpu/grant__1_i_24/O
                         net (fo=3, routed)           0.295     4.035    re2_bd_i/re2_copro_0/inst/UIP/a_regex_coprocessor/a_topology/anEngine/anEngine/genblk3[2].a_regex_cpu/grant__1_i_24_n_0
    SLICE_X26Y69         LUT6 (Prop_G6LUT_SLICEL_I5_O)
                                                      0.147     4.182 f  re2_bd_i/re2_copro_0/inst/UIP/a_regex_coprocessor/a_topology/anEngine/anEngine/genblk3[2].a_regex_cpu/grant__1_i_14/O
                         net (fo=2, routed)           0.124     4.306    re2_bd_i/re2_copro_0/inst/UIP/a_regex_coprocessor/a_topology/anEngine/anEngine/genblk3[2].a_regex_cpu/grant__1_i_14_n_0
    SLICE_X26Y69         LUT6 (Prop_D6LUT_SLICEL_I1_O)
                                                      0.174     4.480 r  re2_bd_i/re2_copro_0/inst/UIP/a_regex_coprocessor/a_topology/anEngine/anEngine/genblk3[2].a_regex_cpu/FETCH_REC_has_to_save_i_4/O
                         net (fo=2, routed)           0.232     4.712    re2_bd_i/re2_copro_0/inst/UIP/a_regex_coprocessor/a_topology/anEngine/anEngine/genblk3[2].a_regex_cpu/output_pc_ready20_in
    SLICE_X24Y72         LUT6 (Prop_G6LUT_SLICEM_I3_O)
                                                      0.148     4.860 f  re2_bd_i/re2_copro_0/inst/UIP/a_regex_coprocessor/a_topology/anEngine/anEngine/genblk3[2].a_regex_cpu/FETCH_REC_Instr[15]_i_6__0/O
                         net (fo=1, routed)           0.213     5.073    re2_bd_i/re2_copro_0/inst/UIP/a_regex_coprocessor/a_topology/anEngine/anEngine/genblk3[1].a_regex_cpu/output_pc_ready126_out
    SLICE_X25Y75         LUT6 (Prop_G6LUT_SLICEL_I3_O)
                                                      0.114     5.187 f  re2_bd_i/re2_copro_0/inst/UIP/a_regex_coprocessor/a_topology/anEngine/anEngine/genblk3[1].a_regex_cpu/FETCH_REC_Instr[15]_i_3__0/O
                         net (fo=12, routed)          0.378     5.565    re2_bd_i/re2_copro_0/inst/UIP/a_regex_coprocessor/a_topology/anEngine/anEngine/genblk3[1].a_regex_cpu/old_grant_reg[0]
    SLICE_X28Y80         LUT4 (Prop_H5LUT_SLICEM_I3_O)
                                                      0.082     5.647 f  re2_bd_i/re2_copro_0/inst/UIP/a_regex_coprocessor/a_topology/anEngine/anEngine/genblk3[1].a_regex_cpu/tag_saved[4]_i_2/O
                         net (fo=12, routed)          0.288     5.935    re2_bd_i/re2_copro_0/inst/UIP/a_regex_coprocessor/a_topology/anEngine/anEngine/genblk1[1].cpu_cache/cpu_out_memory_valid_1
    SLICE_X29Y78         LUT6 (Prop_G6LUT_SLICEM_I4_O)
                                                      0.100     6.035 r  re2_bd_i/re2_copro_0/inst/UIP/a_regex_coprocessor/a_topology/anEngine/anEngine/genblk1[1].cpu_cache/cur_state[2]_i_15/O
                         net (fo=3, routed)           0.211     6.246    re2_bd_i/re2_copro_0/inst/UIP/a_regex_coprocessor/a_topology/anEngine/anEngine/genblk3[2].a_regex_cpu/cur_state_reg[2]_7
    SLICE_X29Y79         LUT6 (Prop_D6LUT_SLICEM_I2_O)
                                                      0.174     6.420 r  re2_bd_i/re2_copro_0/inst/UIP/a_regex_coprocessor/a_topology/anEngine/anEngine/genblk3[2].a_regex_cpu/cur_state[2]_i_5/O
                         net (fo=15, routed)          0.382     6.802    re2_bd_i/re2_copro_0/inst/UIP/a_regex_coprocessor/a_topology/anEngine/anEngine/genblk1[7].cpu_cache/cache_line_saved[0]_i_2_0
    SLICE_X30Y88         LUT6 (Prop_H6LUT_SLICEL_I4_O)
                                                      0.116     6.918 r  re2_bd_i/re2_copro_0/inst/UIP/a_regex_coprocessor/a_topology/anEngine/anEngine/genblk1[7].cpu_cache/cache_line_saved[3]_i_23/O
                         net (fo=57, routed)          0.471     7.389    re2_bd_i/re2_copro_0/inst/UIP/a_regex_coprocessor/a_topology/anEngine/anEngine/arbiter_tree_to_cope_with_memory_contention/arbitration_logic/in_ready_packed[0]
    SLICE_X29Y95         LUT6 (Prop_C6LUT_SLICEM_I3_O)
                                                      0.147     7.536 r  re2_bd_i/re2_copro_0/inst/UIP/a_regex_coprocessor/a_topology/anEngine/anEngine/arbiter_tree_to_cope_with_memory_contention/arbitration_logic/cache_line_saved[0]_i_2/O
                         net (fo=63, routed)          0.569     8.105    re2_bd_i/re2_copro_0/inst/re2_copro_slave_lite_v2_S00_AXI_inst/memory_addr_from_coprocessor[0]
    SLICE_X29Y118        LUT6 (Prop_F6LUT_SLICEM_I4_O)
                                                      0.038     8.143 r  re2_bd_i/re2_copro_0/inst/re2_copro_slave_lite_v2_S00_AXI_inst/read[31]_i_243/O
                         net (fo=1024, routed)        1.400     9.543    re2_bd_i/re2_copro_0/inst/UIP/abram/r_addr[0]
    SLICE_X45Y173        LUT6 (Prop_H6LUT_SLICEM_I4_O)
                                                      0.117     9.660 r  re2_bd_i/re2_copro_0/inst/UIP/abram/read[28]_i_135/O
                         net (fo=1, routed)           0.016     9.676    re2_bd_i/re2_copro_0/inst/UIP/abram/read[28]_i_135_n_0
    SLICE_X45Y173        MUXF7 (Prop_F7MUX_GH_SLICEM_I0_O)
                                                      0.079     9.755 r  re2_bd_i/re2_copro_0/inst/UIP/abram/read_reg[28]_i_58/O
                         net (fo=1, routed)           0.000     9.755    re2_bd_i/re2_copro_0/inst/UIP/abram/read_reg[28]_i_58_n_0
    SLICE_X45Y173        MUXF8 (Prop_F8MUX_TOP_SLICEM_I0_O)
                                                      0.028     9.783 r  re2_bd_i/re2_copro_0/inst/UIP/abram/read_reg[28]_i_20/O
                         net (fo=1, routed)           0.925    10.708    re2_bd_i/re2_copro_0/inst/UIP/abram/read_reg[28]_i_20_n_0
    SLICE_X32Y136        LUT6 (Prop_A6LUT_SLICEL_I3_O)
                                                      0.115    10.823 r  re2_bd_i/re2_copro_0/inst/UIP/abram/read[28]_i_7/O
                         net (fo=1, routed)           0.011    10.834    re2_bd_i/re2_copro_0/inst/UIP/abram/read[28]_i_7_n_0
    SLICE_X32Y136        MUXF7 (Prop_F7MUX_AB_SLICEL_I1_O)
                                                      0.083    10.917 r  re2_bd_i/re2_copro_0/inst/UIP/abram/read_reg[28]_i_2/O
                         net (fo=1, routed)           0.290    11.207    re2_bd_i/re2_copro_0/inst/UIP/abram/read_reg[28]_i_2_n_0
    SLICE_X28Y135        LUT6 (Prop_D6LUT_SLICEM_I0_O)
                                                      0.062    11.269 r  re2_bd_i/re2_copro_0/inst/UIP/abram/read[28]_i_1/O
                         net (fo=1, routed)           0.082    11.351    re2_bd_i/re2_copro_0/inst/UIP/abram/read[28]_i_1_n_0
    SLICE_X28Y135        FDRE                                         r  re2_bd_i/re2_copro_0/inst/UIP/abram/read_reg[28]/D
  -------------------------------------------------------------------    -------------------

                         (clock clk_pl_0 rise edge)
                                                     10.000    10.000 r  
    PS8_X0Y0             PS8                          0.000    10.000 r  re2_bd_i/zynq_ultra_ps_e_0/inst/PS8_i/PLCLK[0]
                         net (fo=1, routed)           0.140    10.140    re2_bd_i/zynq_ultra_ps_e_0/inst/pl_clk_unbuffered[0]
    BUFG_PS_X0Y67        BUFG_PS (Prop_BUFG_PS_I_O)
                                                      0.027    10.167 r  re2_bd_i/zynq_ultra_ps_e_0/inst/buffer_pl_clk_0.PL_CLK_0_BUFG/O
    X0Y1 (CLOCK_ROOT)    net (fo=41213, routed)       1.729    11.896    re2_bd_i/re2_copro_0/inst/UIP/abram/s00_axi_aclk
    SLICE_X28Y135        FDRE                                         r  re2_bd_i/re2_copro_0/inst/UIP/abram/read_reg[28]/C
                         clock pessimism              0.118    12.014    
                         clock uncertainty           -0.176    11.838    
    SLICE_X28Y135        FDRE (Setup_DFF_SLICEM_C_D)
                                                      0.027    11.865    re2_bd_i/re2_copro_0/inst/UIP/abram/read_reg[28]
  -------------------------------------------------------------------
                         required time                         11.865    
                         arrival time                         -11.351    
  -------------------------------------------------------------------
                         slack                                  0.514    

Slack (MET) :             0.524ns  (required time - arrival time)
  Source:                 re2_bd_i/re2_copro_0/inst/UIP/a_regex_coprocessor/cur_window_reg[20]/C
                            (rising edge-triggered cell FDRE clocked by clk_pl_0  {rise@0.000ns fall@5.000ns period=10.000ns})
  Destination:            re2_bd_i/re2_copro_0/inst/UIP/abram/read_reg[63]/D
                            (rising edge-triggered cell FDRE clocked by clk_pl_0  {rise@0.000ns fall@5.000ns period=10.000ns})
  Path Group:             clk_pl_0
  Path Type:              Setup (Max at Slow Process Corner)
  Requirement:            10.000ns  (clk_pl_0 rise@10.000ns - clk_pl_0 rise@0.000ns)
  Data Path Delay:        9.268ns  (logic 1.952ns (21.062%)  route 7.316ns (78.938%))
  Logic Levels:           20  (LUT3=1 LUT4=2 LUT6=13 MUXF7=3 MUXF8=1)
  Clock Path Skew:        -0.059ns (DCD - SCD + CPR)
    Destination Clock Delay (DCD):    1.917ns = ( 11.917 - 10.000 ) 
    Source Clock Delay      (SCD):    2.151ns
    Clock Pessimism Removal (CPR):    0.175ns
  Clock Uncertainty:      0.176ns  ((TSJ^2 + DJ^2)^1/2) / 2 + PE
    Total System Jitter     (TSJ):    0.071ns
    Discrete Jitter          (DJ):    0.344ns
    Phase Error              (PE):    0.000ns
  Clock Net Delay (Source):      1.944ns (routing 0.814ns, distribution 1.130ns)
  Clock Net Delay (Destination): 1.750ns (routing 0.736ns, distribution 1.014ns)

    Location             Delay type                Incr(ns)  Path(ns)    Netlist Resource(s)
  -------------------------------------------------------------------    -------------------
                         (clock clk_pl_0 rise edge)
                                                      0.000     0.000 r  
    PS8_X0Y0             PS8                          0.000     0.000 r  re2_bd_i/zynq_ultra_ps_e_0/inst/PS8_i/PLCLK[0]
                         net (fo=1, routed)           0.178     0.178    re2_bd_i/zynq_ultra_ps_e_0/inst/pl_clk_unbuffered[0]
    BUFG_PS_X0Y67        BUFG_PS (Prop_BUFG_PS_I_O)
                                                      0.029     0.207 r  re2_bd_i/zynq_ultra_ps_e_0/inst/buffer_pl_clk_0.PL_CLK_0_BUFG/O
    X0Y1 (CLOCK_ROOT)    net (fo=41213, routed)       1.944     2.151    re2_bd_i/re2_copro_0/inst/UIP/a_regex_coprocessor/s00_axi_aclk
    SLICE_X22Y67         FDRE                                         r  re2_bd_i/re2_copro_0/inst/UIP/a_regex_coprocessor/cur_window_reg[20]/C
  -------------------------------------------------------------------    -------------------
    SLICE_X22Y67         FDRE (Prop_HFF_SLICEL_C_Q)
                                                      0.096     2.247 r  re2_bd_i/re2_copro_0/inst/UIP/a_regex_coprocessor/cur_window_reg[20]/Q
                         net (fo=8, routed)           0.514     2.761    re2_bd_i/re2_copro_0/inst/UIP/a_regex_coprocessor/a_topology/anEngine/anEngine/genblk3[7].a_regex_cpu/p_4_out_i_11_0[20]
    SLICE_X21Y65         LUT6 (Prop_D6LUT_SLICEL_I1_O)
                                                      0.099     2.860 r  re2_bd_i/re2_copro_0/inst/UIP/a_regex_coprocessor/a_topology/anEngine/anEngine/genblk3[7].a_regex_cpu/p_4_out_i_32/O
                         net (fo=1, routed)           0.010     2.870    re2_bd_i/re2_copro_0/inst/UIP/a_regex_coprocessor/a_topology/anEngine/anEngine/genblk3[7].a_regex_cpu/p_4_out_i_32_n_0
    SLICE_X21Y65         MUXF7 (Prop_F7MUX_CD_SLICEL_I0_O)
                                                      0.082     2.952 r  re2_bd_i/re2_copro_0/inst/UIP/a_regex_coprocessor/a_topology/anEngine/anEngine/genblk3[7].a_regex_cpu/p_4_out_i_22/O
                         net (fo=2, routed)           0.426     3.378    re2_bd_i/re2_copro_0/inst/UIP/a_regex_coprocessor/a_topology/anEngine/anEngine/genblk3[7].a_regex_cpu/p_4_out_i_22_n_0
    SLICE_X20Y67         LUT6 (Prop_G6LUT_SLICEM_I4_O)
                                                      0.148     3.526 r  re2_bd_i/re2_copro_0/inst/UIP/a_regex_coprocessor/a_topology/anEngine/anEngine/genblk3[7].a_regex_cpu/p_4_out_i_11/O
                         net (fo=4, routed)           0.165     3.691    re2_bd_i/re2_copro_0/inst/UIP/a_regex_coprocessor/a_topology/anEngine/anEngine/genblk3[7].a_regex_cpu/p_4_out_i_11_n_0
    SLICE_X21Y69         LUT4 (Prop_C6LUT_SLICEL_I1_O)
                                                      0.063     3.754 r  re2_bd_i/re2_copro_0/inst/UIP/a_regex_coprocessor/a_topology/anEngine/anEngine/genblk3[7].a_regex_cpu/p_4_out_i_6/O
                         net (fo=5, routed)           0.263     4.018    re2_bd_i/re2_copro_0/inst/UIP/a_regex_coprocessor/a_topology/anEngine/anEngine/genblk3[7].a_regex_cpu/p_4_out_i_6_n_0
    SLICE_X22Y70         LUT6 (Prop_B6LUT_SLICEL_I3_O)
                                                      0.177     4.195 f  re2_bd_i/re2_copro_0/inst/UIP/a_regex_coprocessor/a_topology/anEngine/anEngine/genblk3[7].a_regex_cpu/grant__4_i_6/O
                         net (fo=3, routed)           0.192     4.387    re2_bd_i/re2_copro_0/inst/UIP/a_regex_coprocessor/a_topology/anEngine/anEngine/genblk3[7].a_regex_cpu/EXE1_Instr_valid_reg_1
    SLICE_X22Y71         LUT6 (Prop_G6LUT_SLICEL_I0_O)
                                                      0.114     4.501 f  re2_bd_i/re2_copro_0/inst/UIP/a_regex_coprocessor/a_topology/anEngine/anEngine/genblk3[7].a_regex_cpu/grant__4_i_2/O
                         net (fo=7, routed)           0.380     4.881    re2_bd_i/re2_copro_0/inst/UIP/a_regex_coprocessor/a_topology/anEngine/anEngine/genblk3[6].a_regex_cpu/old_grant_reg[0]_4
    SLICE_X29Y70         LUT6 (Prop_C6LUT_SLICEM_I0_O)
                                                      0.098     4.979 f  re2_bd_i/re2_copro_0/inst/UIP/a_regex_coprocessor/a_topology/anEngine/anEngine/genblk3[6].a_regex_cpu/old_grant[0]_i_1__6/O
                         net (fo=24, routed)          0.143     5.122    re2_bd_i/re2_copro_0/inst/UIP/a_regex_coprocessor/a_topology/anEngine/anEngine/genblk3[7].a_regex_cpu/FETCH_REC_Instr_reg[0]_0
    SLICE_X29Y72         LUT6 (Prop_H6LUT_SLICEM_I1_O)
                                                      0.182     5.304 f  re2_bd_i/re2_copro_0/inst/UIP/a_regex_coprocessor/a_topology/anEngine/anEngine/genblk3[7].a_regex_cpu/curState[1]_i_4__1/O
                         net (fo=14, routed)          0.295     5.598    re2_bd_i/re2_copro_0/inst/UIP/a_regex_coprocessor/a_topology/anEngine/anEngine/genblk1[7].cpu_cache/curState_reg[0]_5
    SLICE_X30Y79         LUT6 (Prop_H6LUT_SLICEL_I5_O)
                                                      0.040     5.638 f  re2_bd_i/re2_copro_0/inst/UIP/a_regex_coprocessor/a_topology/anEngine/anEngine/genblk1[7].cpu_cache/read[63]_i_30/O
                         net (fo=3, routed)           0.324     5.962    re2_bd_i/re2_copro_0/inst/UIP/a_regex_coprocessor/a_topology/anEngine/anEngine/arbiter_tree_to_cope_with_memory_contention/arbitration_logic/cache_out_addr_valid[7]_16
    SLICE_X30Y87         LUT3 (Prop_F6LUT_SLICEL_I0_O)
                                                      0.039     6.001 f  re2_bd_i/re2_copro_0/inst/UIP/a_regex_coprocessor/a_topology/anEngine/anEngine/arbiter_tree_to_cope_with_memory_contention/arbitration_logic/old_grant[6]_i_7/O
                         net (fo=31, routed)          0.581     6.582    re2_bd_i/re2_copro_0/inst/UIP/a_regex_coprocessor/a_topology/anEngine/anEngine/genblk1[0].cpu_cache/old_grant_reg[0]_0
    SLICE_X31Y89         LUT6 (Prop_C6LUT_SLICEM_I4_O)
                                                      0.098     6.680 r  re2_bd_i/re2_copro_0/inst/UIP/a_regex_coprocessor/a_topology/anEngine/anEngine/genblk1[0].cpu_cache/old_grant[0]_i_2/O
                         net (fo=5, routed)           0.323     7.003    re2_bd_i/re2_copro_0/inst/UIP/a_regex_coprocessor/a_topology/anEngine/anEngine/arbiter_tree_to_cope_with_memory_contention/arbitration_logic/tag_saved_reg[3]_7
    SLICE_X29Y93         LUT4 (Prop_E6LUT_SLICEM_I2_O)
                                                      0.063     7.066 r  re2_bd_i/re2_copro_0/inst/UIP/a_regex_coprocessor/a_topology/anEngine/anEngine/arbiter_tree_to_cope_with_memory_contention/arbitration_logic/cache_line_saved[1]_i_4/O
                         net (fo=1, routed)           0.183     7.249    re2_bd_i/re2_copro_0/inst/UIP/a_regex_coprocessor/a_topology/anEngine/anEngine/arbiter_tree_to_cope_with_memory_contention/arbitration_logic/cache_line_saved[1]_i_4_n_0
    SLICE_X30Y93         LUT6 (Prop_D6LUT_SLICEL_I1_O)
                                                      0.147     7.396 r  re2_bd_i/re2_copro_0/inst/UIP/a_regex_coprocessor/a_topology/anEngine/anEngine/arbiter_tree_to_cope_with_memory_contention/arbitration_logic/cache_line_saved[1]_i_2/O
                         net (fo=63, routed)          0.580     7.976    re2_bd_i/re2_copro_0/inst/re2_copro_slave_lite_v2_S00_AXI_inst/memory_addr_from_coprocessor[1]
    SLICE_X33Y98         LUT6 (Prop_G6LUT_SLICEL_I4_O)
                                                      0.038     8.014 r  re2_bd_i/re2_copro_0/inst/re2_copro_slave_lite_v2_S00_AXI_inst/read[63]_i_270/O
                         net (fo=1024, routed)        1.147     9.161    re2_bd_i/re2_copro_0/inst/UIP/abram/RAM_inferred__0/read_reg[56]_i_100_0
    SLICE_X31Y25         LUT6 (Prop_E6LUT_SLICEM_I2_O)
                                                      0.115     9.276 r  re2_bd_i/re2_copro_0/inst/UIP/abram/RAM_inferred__0/read[63]_i_171/O
                         net (fo=1, routed)           0.014     9.290    re2_bd_i/re2_copro_0/inst/UIP/abram/RAM_inferred__0/read[63]_i_171_n_0
    SLICE_X31Y25         MUXF7 (Prop_F7MUX_EF_SLICEM_I1_O)
                                                      0.079     9.369 r  re2_bd_i/re2_copro_0/inst/UIP/abram/RAM_inferred__0/read_reg[63]_i_88/O
                         net (fo=1, routed)           0.000     9.369    re2_bd_i/re2_copro_0/inst/UIP/abram/RAM_inferred__0/read_reg[63]_i_88_n_0
    SLICE_X31Y25         MUXF8 (Prop_F8MUX_TOP_SLICEM_I1_O)
                                                      0.028     9.397 r  re2_bd_i/re2_copro_0/inst/UIP/abram/RAM_inferred__0/read_reg[63]_i_42/O
                         net (fo=1, routed)           1.057    10.454    re2_bd_i/re2_copro_0/inst/UIP/abram/RAM_inferred__0/read_reg[63]_i_42_n_0
    SLICE_X36Y100        LUT6 (Prop_C6LUT_SLICEL_I5_O)
                                                      0.063    10.517 r  re2_bd_i/re2_copro_0/inst/UIP/abram/RAM_inferred__0/read[63]_i_20/O
                         net (fo=1, routed)           0.011    10.528    re2_bd_i/re2_copro_0/inst/UIP/abram/RAM_inferred__0/read[63]_i_20_n_0
    SLICE_X36Y100        MUXF7 (Prop_F7MUX_CD_SLICEL_I1_O)
                                                      0.083    10.611 r  re2_bd_i/re2_copro_0/inst/UIP/abram/RAM_inferred__0/read_reg[63]_i_9/O
                         net (fo=1, routed)           0.638    11.249    re2_bd_i/re2_copro_0/inst/UIP/abram/RAM_inferred__0/read_reg[63]_i_9_n_0
    SLICE_X31Y106        LUT6 (Prop_B6LUT_SLICEM_I0_O)
                                                      0.100    11.349 r  re2_bd_i/re2_copro_0/inst/UIP/abram/RAM_inferred__0/read[63]_i_2/O
                         net (fo=1, routed)           0.070    11.419    re2_bd_i/re2_copro_0/inst/UIP/abram/RAM[31]
    SLICE_X31Y106        FDRE                                         r  re2_bd_i/re2_copro_0/inst/UIP/abram/read_reg[63]/D
  -------------------------------------------------------------------    -------------------

                         (clock clk_pl_0 rise edge)
                                                     10.000    10.000 r  
    PS8_X0Y0             PS8                          0.000    10.000 r  re2_bd_i/zynq_ultra_ps_e_0/inst/PS8_i/PLCLK[0]
                         net (fo=1, routed)           0.140    10.140    re2_bd_i/zynq_ultra_ps_e_0/inst/pl_clk_unbuffered[0]
    BUFG_PS_X0Y67        BUFG_PS (Prop_BUFG_PS_I_O)
                                                      0.027    10.167 r  re2_bd_i/zynq_ultra_ps_e_0/inst/buffer_pl_clk_0.PL_CLK_0_BUFG/O
    X0Y1 (CLOCK_ROOT)    net (fo=41213, routed)       1.750    11.917    re2_bd_i/re2_copro_0/inst/UIP/abram/s00_axi_aclk
    SLICE_X31Y106        FDRE                                         r  re2_bd_i/re2_copro_0/inst/UIP/abram/read_reg[63]/C
                         clock pessimism              0.175    12.092    
                         clock uncertainty           -0.176    11.916    
    SLICE_X31Y106        FDRE (Setup_BFF_SLICEM_C_D)
                                                      0.027    11.943    re2_bd_i/re2_copro_0/inst/UIP/abram/read_reg[63]
  -------------------------------------------------------------------
                         required time                         11.943    
                         arrival time                         -11.419    
  -------------------------------------------------------------------
                         slack                                  0.524    

Slack (MET) :             0.544ns  (required time - arrival time)
  Source:                 re2_bd_i/re2_copro_0/inst/UIP/a_regex_coprocessor/a_topology/anEngine/anEngine/genblk3[2].a_regex_cpu/EXE1_Cc_id_reg[1]/C
                            (rising edge-triggered cell FDRE clocked by clk_pl_0  {rise@0.000ns fall@5.000ns period=10.000ns})
  Destination:            re2_bd_i/re2_copro_0/inst/UIP/abram/read_reg[11]/D
                            (rising edge-triggered cell FDRE clocked by clk_pl_0  {rise@0.000ns fall@5.000ns period=10.000ns})
  Path Group:             clk_pl_0
  Path Type:              Setup (Max at Slow Process Corner)
  Requirement:            10.000ns  (clk_pl_0 rise@10.000ns - clk_pl_0 rise@0.000ns)
  Data Path Delay:        9.240ns  (logic 2.337ns (25.291%)  route 6.903ns (74.709%))
  Logic Levels:           20  (LUT4=1 LUT6=15 MUXF7=3 MUXF8=1)
  Clock Path Skew:        -0.067ns (DCD - SCD + CPR)
    Destination Clock Delay (DCD):    1.966ns = ( 11.966 - 10.000 ) 
    Source Clock Delay      (SCD):    2.151ns
    Clock Pessimism Removal (CPR):    0.118ns
  Clock Uncertainty:      0.176ns  ((TSJ^2 + DJ^2)^1/2) / 2 + PE
    Total System Jitter     (TSJ):    0.071ns
    Discrete Jitter          (DJ):    0.344ns
    Phase Error              (PE):    0.000ns
  Clock Net Delay (Source):      1.944ns (routing 0.814ns, distribution 1.130ns)
  Clock Net Delay (Destination): 1.799ns (routing 0.736ns, distribution 1.063ns)

    Location             Delay type                Incr(ns)  Path(ns)    Netlist Resource(s)
  -------------------------------------------------------------------    -------------------
                         (clock clk_pl_0 rise edge)
                                                      0.000     0.000 r  
    PS8_X0Y0             PS8                          0.000     0.000 r  re2_bd_i/zynq_ultra_ps_e_0/inst/PS8_i/PLCLK[0]
                         net (fo=1, routed)           0.178     0.178    re2_bd_i/zynq_ultra_ps_e_0/inst/pl_clk_unbuffered[0]
    BUFG_PS_X0Y67        BUFG_PS (Prop_BUFG_PS_I_O)
                                                      0.029     0.207 r  re2_bd_i/zynq_ultra_ps_e_0/inst/buffer_pl_clk_0.PL_CLK_0_BUFG/O
    X0Y1 (CLOCK_ROOT)    net (fo=41213, routed)       1.944     2.151    re2_bd_i/re2_copro_0/inst/UIP/a_regex_coprocessor/a_topology/anEngine/anEngine/genblk3[2].a_regex_cpu/s00_axi_aclk
    SLICE_X24Y70         FDRE                                         r  re2_bd_i/re2_copro_0/inst/UIP/a_regex_coprocessor/a_topology/anEngine/anEngine/genblk3[2].a_regex_cpu/EXE1_Cc_id_reg[1]/C
  -------------------------------------------------------------------    -------------------
    SLICE_X24Y70         FDRE (Prop_GFF2_SLICEM_C_Q)
                                                      0.098     2.249 r  re2_bd_i/re2_copro_0/inst/UIP/a_regex_coprocessor/a_topology/anEngine/anEngine/genblk3[2].a_regex_cpu/EXE1_Cc_id_reg[1]/Q
                         net (fo=24, routed)          0.489     2.738    re2_bd_i/re2_copro_0/inst/UIP/a_regex_coprocessor/a_topology/anEngine/anEngine/genblk3[2].a_regex_cpu/EXE1_Cc_id[1]
    SLICE_X21Y65         LUT6 (Prop_H6LUT_SLICEL_I2_O)
                                                      0.116     2.854 r  re2_bd_i/re2_copro_0/inst/UIP/a_regex_coprocessor/a_topology/anEngine/anEngine/genblk3[2].a_regex_cpu/grant__0_i_49/O
                         net (fo=1, routed)           0.011     2.865    re2_bd_i/re2_copro_0/inst/UIP/a_regex_coprocessor/a_topology/anEngine/anEngine/genblk3[2].a_regex_cpu/grant__0_i_49_n_0
    SLICE_X21Y65         MUXF7 (Prop_F7MUX_GH_SLICEL_I0_O)
                                                      0.083     2.948 r  re2_bd_i/re2_copro_0/inst/UIP/a_regex_coprocessor/a_topology/anEngine/anEngine/genblk3[2].a_regex_cpu/grant__0_i_40/O
                         net (fo=1, routed)           0.219     3.167    re2_bd_i/re2_copro_0/inst/UIP/a_regex_coprocessor/a_topology/anEngine/anEngine/genblk3[2].a_regex_cpu/grant__0_i_40_n_0
    SLICE_X23Y67         LUT6 (Prop_H6LUT_SLICEL_I4_O)
                                                      0.116     3.283 f  re2_bd_i/re2_copro_0/inst/UIP/a_regex_coprocessor/a_topology/anEngine/anEngine/genblk3[2].a_regex_cpu/grant__0_i_31/O
                         net (fo=6, routed)           0.309     3.592    re2_bd_i/re2_copro_0/inst/UIP/a_regex_coprocessor/a_topology/anEngine/anEngine/genblk3[2].a_regex_cpu/grant__0_i_31_n_0
    SLICE_X24Y68         LUT6 (Prop_E6LUT_SLICEM_I1_O)
                                                      0.148     3.740 r  re2_bd_i/re2_copro_0/inst/UIP/a_regex_coprocessor/a_topology/anEngine/anEngine/genblk3[2].a_regex_cpu/grant__1_i_24/O
                         net (fo=3, routed)           0.295     4.035    re2_bd_i/re2_copro_0/inst/UIP/a_regex_coprocessor/a_topology/anEngine/anEngine/genblk3[2].a_regex_cpu/grant__1_i_24_n_0
    SLICE_X26Y69         LUT6 (Prop_G6LUT_SLICEL_I5_O)
                                                      0.147     4.182 f  re2_bd_i/re2_copro_0/inst/UIP/a_regex_coprocessor/a_topology/anEngine/anEngine/genblk3[2].a_regex_cpu/grant__1_i_14/O
                         net (fo=2, routed)           0.124     4.306    re2_bd_i/re2_copro_0/inst/UIP/a_regex_coprocessor/a_topology/anEngine/anEngine/genblk3[2].a_regex_cpu/grant__1_i_14_n_0
    SLICE_X26Y69         LUT6 (Prop_D6LUT_SLICEL_I1_O)
                                                      0.174     4.480 r  re2_bd_i/re2_copro_0/inst/UIP/a_regex_coprocessor/a_topology/anEngine/anEngine/genblk3[2].a_regex_cpu/FETCH_REC_has_to_save_i_4/O
                         net (fo=2, routed)           0.232     4.712    re2_bd_i/re2_copro_0/inst/UIP/a_regex_coprocessor/a_topology/anEngine/anEngine/genblk3[2].a_regex_cpu/output_pc_ready20_in
    SLICE_X24Y72         LUT6 (Prop_G6LUT_SLICEM_I3_O)
                                                      0.148     4.860 f  re2_bd_i/re2_copro_0/inst/UIP/a_regex_coprocessor/a_topology/anEngine/anEngine/genblk3[2].a_regex_cpu/FETCH_REC_Instr[15]_i_6__0/O
                         net (fo=1, routed)           0.213     5.073    re2_bd_i/re2_copro_0/inst/UIP/a_regex_coprocessor/a_topology/anEngine/anEngine/genblk3[1].a_regex_cpu/output_pc_ready126_out
    SLICE_X25Y75         LUT6 (Prop_G6LUT_SLICEL_I3_O)
                                                      0.114     5.187 f  re2_bd_i/re2_copro_0/inst/UIP/a_regex_coprocessor/a_topology/anEngine/anEngine/genblk3[1].a_regex_cpu/FETCH_REC_Instr[15]_i_3__0/O
                         net (fo=12, routed)          0.378     5.565    re2_bd_i/re2_copro_0/inst/UIP/a_regex_coprocessor/a_topology/anEngine/anEngine/genblk3[1].a_regex_cpu/old_grant_reg[0]
    SLICE_X28Y80         LUT4 (Prop_H5LUT_SLICEM_I3_O)
                                                      0.082     5.647 f  re2_bd_i/re2_copro_0/inst/UIP/a_regex_coprocessor/a_topology/anEngine/anEngine/genblk3[1].a_regex_cpu/tag_saved[4]_i_2/O
                         net (fo=12, routed)          0.288     5.935    re2_bd_i/re2_copro_0/inst/UIP/a_regex_coprocessor/a_topology/anEngine/anEngine/genblk1[1].cpu_cache/cpu_out_memory_valid_1
    SLICE_X29Y78         LUT6 (Prop_G6LUT_SLICEM_I4_O)
                                                      0.100     6.035 r  re2_bd_i/re2_copro_0/inst/UIP/a_regex_coprocessor/a_topology/anEngine/anEngine/genblk1[1].cpu_cache/cur_state[2]_i_15/O
                         net (fo=3, routed)           0.211     6.246    re2_bd_i/re2_copro_0/inst/UIP/a_regex_coprocessor/a_topology/anEngine/anEngine/genblk3[2].a_regex_cpu/cur_state_reg[2]_7
    SLICE_X29Y79         LUT6 (Prop_D6LUT_SLICEM_I2_O)
                                                      0.174     6.420 r  re2_bd_i/re2_copro_0/inst/UIP/a_regex_coprocessor/a_topology/anEngine/anEngine/genblk3[2].a_regex_cpu/cur_state[2]_i_5/O
                         net (fo=15, routed)          0.382     6.802    re2_bd_i/re2_copro_0/inst/UIP/a_regex_coprocessor/a_topology/anEngine/anEngine/genblk1[7].cpu_cache/cache_line_saved[0]_i_2_0
    SLICE_X30Y88         LUT6 (Prop_H6LUT_SLICEL_I4_O)
                                                      0.116     6.918 r  re2_bd_i/re2_copro_0/inst/UIP/a_regex_coprocessor/a_topology/anEngine/anEngine/genblk1[7].cpu_cache/cache_line_saved[3]_i_23/O
                         net (fo=57, routed)          0.471     7.389    re2_bd_i/re2_copro_0/inst/UIP/a_regex_coprocessor/a_topology/anEngine/anEngine/arbiter_tree_to_cope_with_memory_contention/arbitration_logic/in_ready_packed[0]
    SLICE_X29Y95         LUT6 (Prop_C6LUT_SLICEM_I3_O)
                                                      0.147     7.536 r  re2_bd_i/re2_copro_0/inst/UIP/a_regex_coprocessor/a_topology/anEngine/anEngine/arbiter_tree_to_cope_with_memory_contention/arbitration_logic/cache_line_saved[0]_i_2/O
                         net (fo=63, routed)          0.574     8.110    re2_bd_i/re2_copro_0/inst/re2_copro_slave_lite_v2_S00_AXI_inst/memory_addr_from_coprocessor[0]
    SLICE_X29Y118        LUT6 (Prop_G6LUT_SLICEM_I4_O)
                                                      0.116     8.226 r  re2_bd_i/re2_copro_0/inst/re2_copro_slave_lite_v2_S00_AXI_inst/read[15]_i_243/O
                         net (fo=1024, routed)        1.346     9.572    re2_bd_i/re2_copro_0/inst/UIP/abram/read_reg[8]_i_100_1
    SLICE_X45Y165        LUT6 (Prop_B6LUT_SLICEM_I4_O)
                                                      0.063     9.635 r  re2_bd_i/re2_copro_0/inst/UIP/abram/read[11]_i_138/O
                         net (fo=1, routed)           0.018     9.653    re2_bd_i/re2_copro_0/inst/UIP/abram/read[11]_i_138_n_0
    SLICE_X45Y165        MUXF7 (Prop_F7MUX_AB_SLICEM_I0_O)
                                                      0.080     9.733 r  re2_bd_i/re2_copro_0/inst/UIP/abram/read_reg[11]_i_60/O
                         net (fo=1, routed)           0.000     9.733    re2_bd_i/re2_copro_0/inst/UIP/abram/read_reg[11]_i_60_n_0
    SLICE_X45Y165        MUXF8 (Prop_F8MUX_BOT_SLICEM_I1_O)
                                                      0.028     9.761 r  re2_bd_i/re2_copro_0/inst/UIP/abram/read_reg[11]_i_20/O
                         net (fo=1, routed)           0.862    10.623    re2_bd_i/re2_copro_0/inst/UIP/abram/read_reg[11]_i_20_n_0
    SLICE_X37Y130        LUT6 (Prop_C6LUT_SLICEM_I3_O)
                                                      0.098    10.721 r  re2_bd_i/re2_copro_0/inst/UIP/abram/read[11]_i_7/O
                         net (fo=1, routed)           0.023    10.744    re2_bd_i/re2_copro_0/inst/UIP/abram/read[11]_i_7_n_0
    SLICE_X37Y130        MUXF7 (Prop_F7MUX_CD_SLICEM_I1_O)
                                                      0.089    10.833 r  re2_bd_i/re2_copro_0/inst/UIP/abram/read_reg[11]_i_2/O
                         net (fo=1, routed)           0.399    11.232    re2_bd_i/re2_copro_0/inst/UIP/abram/read_reg[11]_i_2_n_0
    SLICE_X33Y129        LUT6 (Prop_H6LUT_SLICEL_I0_O)
                                                      0.100    11.332 r  re2_bd_i/re2_copro_0/inst/UIP/abram/read[11]_i_1/O
                         net (fo=1, routed)           0.060    11.392    re2_bd_i/re2_copro_0/inst/UIP/abram/read[11]_i_1_n_0
    SLICE_X33Y129        FDRE                                         r  re2_bd_i/re2_copro_0/inst/UIP/abram/read_reg[11]/D
  -------------------------------------------------------------------    -------------------

                         (clock clk_pl_0 rise edge)
                                                     10.000    10.000 r  
    PS8_X0Y0             PS8                          0.000    10.000 r  re2_bd_i/zynq_ultra_ps_e_0/inst/PS8_i/PLCLK[0]
                         net (fo=1, routed)           0.140    10.140    re2_bd_i/zynq_ultra_ps_e_0/inst/pl_clk_unbuffered[0]
    BUFG_PS_X0Y67        BUFG_PS (Prop_BUFG_PS_I_O)
                                                      0.027    10.167 r  re2_bd_i/zynq_ultra_ps_e_0/inst/buffer_pl_clk_0.PL_CLK_0_BUFG/O
    X0Y1 (CLOCK_ROOT)    net (fo=41213, routed)       1.799    11.966    re2_bd_i/re2_copro_0/inst/UIP/abram/s00_axi_aclk
    SLICE_X33Y129        FDRE                                         r  re2_bd_i/re2_copro_0/inst/UIP/abram/read_reg[11]/C
                         clock pessimism              0.118    12.084    
                         clock uncertainty           -0.176    11.908    
    SLICE_X33Y129        FDRE (Setup_HFF_SLICEL_C_D)
                                                      0.027    11.935    re2_bd_i/re2_copro_0/inst/UIP/abram/read_reg[11]
  -------------------------------------------------------------------
                         required time                         11.935    
                         arrival time                         -11.392    
  -------------------------------------------------------------------
                         slack                                  0.544    

Slack (MET) :             0.557ns  (required time - arrival time)
  Source:                 re2_bd_i/re2_copro_0/inst/UIP/a_regex_coprocessor/cur_window_reg[20]/C
                            (rising edge-triggered cell FDRE clocked by clk_pl_0  {rise@0.000ns fall@5.000ns period=10.000ns})
  Destination:            re2_bd_i/re2_copro_0/inst/UIP/abram/read_reg[61]/D
                            (rising edge-triggered cell FDRE clocked by clk_pl_0  {rise@0.000ns fall@5.000ns period=10.000ns})
  Path Group:             clk_pl_0
  Path Type:              Setup (Max at Slow Process Corner)
  Requirement:            10.000ns  (clk_pl_0 rise@10.000ns - clk_pl_0 rise@0.000ns)
  Data Path Delay:        9.235ns  (logic 1.986ns (21.505%)  route 7.249ns (78.495%))
  Logic Levels:           20  (LUT3=1 LUT4=2 LUT6=13 MUXF7=3 MUXF8=1)
  Clock Path Skew:        -0.059ns (DCD - SCD + CPR)
    Destination Clock Delay (DCD):    1.917ns = ( 11.917 - 10.000 ) 
    Source Clock Delay      (SCD):    2.151ns
    Clock Pessimism Removal (CPR):    0.175ns
  Clock Uncertainty:      0.176ns  ((TSJ^2 + DJ^2)^1/2) / 2 + PE
    Total System Jitter     (TSJ):    0.071ns
    Discrete Jitter          (DJ):    0.344ns
    Phase Error              (PE):    0.000ns
  Clock Net Delay (Source):      1.944ns (routing 0.814ns, distribution 1.130ns)
  Clock Net Delay (Destination): 1.750ns (routing 0.736ns, distribution 1.014ns)

    Location             Delay type                Incr(ns)  Path(ns)    Netlist Resource(s)
  -------------------------------------------------------------------    -------------------
                         (clock clk_pl_0 rise edge)
                                                      0.000     0.000 r  
    PS8_X0Y0             PS8                          0.000     0.000 r  re2_bd_i/zynq_ultra_ps_e_0/inst/PS8_i/PLCLK[0]
                         net (fo=1, routed)           0.178     0.178    re2_bd_i/zynq_ultra_ps_e_0/inst/pl_clk_unbuffered[0]
    BUFG_PS_X0Y67        BUFG_PS (Prop_BUFG_PS_I_O)
                                                      0.029     0.207 r  re2_bd_i/zynq_ultra_ps_e_0/inst/buffer_pl_clk_0.PL_CLK_0_BUFG/O
    X0Y1 (CLOCK_ROOT)    net (fo=41213, routed)       1.944     2.151    re2_bd_i/re2_copro_0/inst/UIP/a_regex_coprocessor/s00_axi_aclk
    SLICE_X22Y67         FDRE                                         r  re2_bd_i/re2_copro_0/inst/UIP/a_regex_coprocessor/cur_window_reg[20]/C
  -------------------------------------------------------------------    -------------------
    SLICE_X22Y67         FDRE (Prop_HFF_SLICEL_C_Q)
                                                      0.096     2.247 r  re2_bd_i/re2_copro_0/inst/UIP/a_regex_coprocessor/cur_window_reg[20]/Q
                         net (fo=8, routed)           0.514     2.761    re2_bd_i/re2_copro_0/inst/UIP/a_regex_coprocessor/a_topology/anEngine/anEngine/genblk3[7].a_regex_cpu/p_4_out_i_11_0[20]
    SLICE_X21Y65         LUT6 (Prop_D6LUT_SLICEL_I1_O)
                                                      0.099     2.860 r  re2_bd_i/re2_copro_0/inst/UIP/a_regex_coprocessor/a_topology/anEngine/anEngine/genblk3[7].a_regex_cpu/p_4_out_i_32/O
                         net (fo=1, routed)           0.010     2.870    re2_bd_i/re2_copro_0/inst/UIP/a_regex_coprocessor/a_topology/anEngine/anEngine/genblk3[7].a_regex_cpu/p_4_out_i_32_n_0
    SLICE_X21Y65         MUXF7 (Prop_F7MUX_CD_SLICEL_I0_O)
                                                      0.082     2.952 r  re2_bd_i/re2_copro_0/inst/UIP/a_regex_coprocessor/a_topology/anEngine/anEngine/genblk3[7].a_regex_cpu/p_4_out_i_22/O
                         net (fo=2, routed)           0.426     3.378    re2_bd_i/re2_copro_0/inst/UIP/a_regex_coprocessor/a_topology/anEngine/anEngine/genblk3[7].a_regex_cpu/p_4_out_i_22_n_0
    SLICE_X20Y67         LUT6 (Prop_G6LUT_SLICEM_I4_O)
                                                      0.148     3.526 r  re2_bd_i/re2_copro_0/inst/UIP/a_regex_coprocessor/a_topology/anEngine/anEngine/genblk3[7].a_regex_cpu/p_4_out_i_11/O
                         net (fo=4, routed)           0.165     3.691    re2_bd_i/re2_copro_0/inst/UIP/a_regex_coprocessor/a_topology/anEngine/anEngine/genblk3[7].a_regex_cpu/p_4_out_i_11_n_0
    SLICE_X21Y69         LUT4 (Prop_C6LUT_SLICEL_I1_O)
                                                      0.063     3.754 r  re2_bd_i/re2_copro_0/inst/UIP/a_regex_coprocessor/a_topology/anEngine/anEngine/genblk3[7].a_regex_cpu/p_4_out_i_6/O
                         net (fo=5, routed)           0.263     4.018    re2_bd_i/re2_copro_0/inst/UIP/a_regex_coprocessor/a_topology/anEngine/anEngine/genblk3[7].a_regex_cpu/p_4_out_i_6_n_0
    SLICE_X22Y70         LUT6 (Prop_B6LUT_SLICEL_I3_O)
                                                      0.177     4.195 f  re2_bd_i/re2_copro_0/inst/UIP/a_regex_coprocessor/a_topology/anEngine/anEngine/genblk3[7].a_regex_cpu/grant__4_i_6/O
                         net (fo=3, routed)           0.192     4.387    re2_bd_i/re2_copro_0/inst/UIP/a_regex_coprocessor/a_topology/anEngine/anEngine/genblk3[7].a_regex_cpu/EXE1_Instr_valid_reg_1
    SLICE_X22Y71         LUT6 (Prop_G6LUT_SLICEL_I0_O)
                                                      0.114     4.501 f  re2_bd_i/re2_copro_0/inst/UIP/a_regex_coprocessor/a_topology/anEngine/anEngine/genblk3[7].a_regex_cpu/grant__4_i_2/O
                         net (fo=7, routed)           0.380     4.881    re2_bd_i/re2_copro_0/inst/UIP/a_regex_coprocessor/a_topology/anEngine/anEngine/genblk3[6].a_regex_cpu/old_grant_reg[0]_4
    SLICE_X29Y70         LUT6 (Prop_C6LUT_SLICEM_I0_O)
                                                      0.098     4.979 f  re2_bd_i/re2_copro_0/inst/UIP/a_regex_coprocessor/a_topology/anEngine/anEngine/genblk3[6].a_regex_cpu/old_grant[0]_i_1__6/O
                         net (fo=24, routed)          0.143     5.122    re2_bd_i/re2_copro_0/inst/UIP/a_regex_coprocessor/a_topology/anEngine/anEngine/genblk3[7].a_regex_cpu/FETCH_REC_Instr_reg[0]_0
    SLICE_X29Y72         LUT6 (Prop_H6LUT_SLICEM_I1_O)
                                                      0.182     5.304 f  re2_bd_i/re2_copro_0/inst/UIP/a_regex_coprocessor/a_topology/anEngine/anEngine/genblk3[7].a_regex_cpu/curState[1]_i_4__1/O
                         net (fo=14, routed)          0.295     5.598    re2_bd_i/re2_copro_0/inst/UIP/a_regex_coprocessor/a_topology/anEngine/anEngine/genblk1[7].cpu_cache/curState_reg[0]_5
    SLICE_X30Y79         LUT6 (Prop_H6LUT_SLICEL_I5_O)
                                                      0.040     5.638 f  re2_bd_i/re2_copro_0/inst/UIP/a_regex_coprocessor/a_topology/anEngine/anEngine/genblk1[7].cpu_cache/read[63]_i_30/O
                         net (fo=3, routed)           0.324     5.962    re2_bd_i/re2_copro_0/inst/UIP/a_regex_coprocessor/a_topology/anEngine/anEngine/arbiter_tree_to_cope_with_memory_contention/arbitration_logic/cache_out_addr_valid[7]_16
    SLICE_X30Y87         LUT3 (Prop_F6LUT_SLICEL_I0_O)
                                                      0.039     6.001 f  re2_bd_i/re2_copro_0/inst/UIP/a_regex_coprocessor/a_topology/anEngine/anEngine/arbiter_tree_to_cope_with_memory_contention/arbitration_logic/old_grant[6]_i_7/O
                         net (fo=31, routed)          0.581     6.582    re2_bd_i/re2_copro_0/inst/UIP/a_regex_coprocessor/a_topology/anEngine/anEngine/genblk1[0].cpu_cache/old_grant_reg[0]_0
    SLICE_X31Y89         LUT6 (Prop_C6LUT_SLICEM_I4_O)
                                                      0.098     6.680 r  re2_bd_i/re2_copro_0/inst/UIP/a_regex_coprocessor/a_topology/anEngine/anEngine/genblk1[0].cpu_cache/old_grant[0]_i_2/O
                         net (fo=5, routed)           0.323     7.003    re2_bd_i/re2_copro_0/inst/UIP/a_regex_coprocessor/a_topology/anEngine/anEngine/arbiter_tree_to_cope_with_memory_contention/arbitration_logic/tag_saved_reg[3]_7
    SLICE_X29Y93         LUT4 (Prop_E6LUT_SLICEM_I2_O)
                                                      0.063     7.066 r  re2_bd_i/re2_copro_0/inst/UIP/a_regex_coprocessor/a_topology/anEngine/anEngine/arbiter_tree_to_cope_with_memory_contention/arbitration_logic/cache_line_saved[1]_i_4/O
                         net (fo=1, routed)           0.183     7.249    re2_bd_i/re2_copro_0/inst/UIP/a_regex_coprocessor/a_topology/anEngine/anEngine/arbiter_tree_to_cope_with_memory_contention/arbitration_logic/cache_line_saved[1]_i_4_n_0
    SLICE_X30Y93         LUT6 (Prop_D6LUT_SLICEL_I1_O)
                                                      0.147     7.396 r  re2_bd_i/re2_copro_0/inst/UIP/a_regex_coprocessor/a_topology/anEngine/anEngine/arbiter_tree_to_cope_with_memory_contention/arbitration_logic/cache_line_saved[1]_i_2/O
                         net (fo=63, routed)          0.580     7.976    re2_bd_i/re2_copro_0/inst/re2_copro_slave_lite_v2_S00_AXI_inst/memory_addr_from_coprocessor[1]
    SLICE_X33Y98         LUT6 (Prop_G6LUT_SLICEL_I4_O)
                                                      0.038     8.014 r  re2_bd_i/re2_copro_0/inst/re2_copro_slave_lite_v2_S00_AXI_inst/read[63]_i_270/O
                         net (fo=1024, routed)        1.286     9.300    re2_bd_i/re2_copro_0/inst/UIP/abram/RAM_inferred__0/read_reg[56]_i_100_0
    SLICE_X25Y21         LUT6 (Prop_A6LUT_SLICEL_I2_O)
                                                      0.064     9.364 r  re2_bd_i/re2_copro_0/inst/UIP/abram/RAM_inferred__0/read[61]_i_154/O
                         net (fo=1, routed)           0.011     9.375    re2_bd_i/re2_copro_0/inst/UIP/abram/RAM_inferred__0/read[61]_i_154_n_0
    SLICE_X25Y21         MUXF7 (Prop_F7MUX_AB_SLICEL_I1_O)
                                                      0.076     9.451 r  re2_bd_i/re2_copro_0/inst/UIP/abram/RAM_inferred__0/read_reg[61]_i_67/O
                         net (fo=1, routed)           0.000     9.451    re2_bd_i/re2_copro_0/inst/UIP/abram/RAM_inferred__0/read_reg[61]_i_67_n_0
    SLICE_X25Y21         MUXF8 (Prop_F8MUX_BOT_SLICEL_I1_O)
                                                      0.027     9.478 r  re2_bd_i/re2_copro_0/inst/UIP/abram/RAM_inferred__0/read_reg[61]_i_24/O
                         net (fo=1, routed)           0.819    10.297    re2_bd_i/re2_copro_0/inst/UIP/abram/RAM_inferred__0/read_reg[61]_i_24_n_0
    SLICE_X24Y87         LUT6 (Prop_D6LUT_SLICEM_I3_O)
                                                      0.147    10.444 r  re2_bd_i/re2_copro_0/inst/UIP/abram/RAM_inferred__0/read[61]_i_8/O
                         net (fo=1, routed)           0.027    10.471    re2_bd_i/re2_copro_0/inst/UIP/abram/RAM_inferred__0/read[61]_i_8_n_0
    SLICE_X24Y87         MUXF7 (Prop_F7MUX_CD_SLICEM_I0_O)
                                                      0.090    10.561 r  re2_bd_i/re2_copro_0/inst/UIP/abram/RAM_inferred__0/read_reg[61]_i_3/O
                         net (fo=1, routed)           0.650    11.211    re2_bd_i/re2_copro_0/inst/UIP/abram/RAM_inferred__0/read_reg[61]_i_3_n_0
    SLICE_X31Y106        LUT6 (Prop_C6LUT_SLICEM_I1_O)
                                                      0.098    11.309 r  re2_bd_i/re2_copro_0/inst/UIP/abram/RAM_inferred__0/read[61]_i_1/O
                         net (fo=1, routed)           0.077    11.386    re2_bd_i/re2_copro_0/inst/UIP/abram/RAM[29]
    SLICE_X31Y106        FDRE                                         r  re2_bd_i/re2_copro_0/inst/UIP/abram/read_reg[61]/D
  -------------------------------------------------------------------    -------------------

                         (clock clk_pl_0 rise edge)
                                                     10.000    10.000 r  
    PS8_X0Y0             PS8                          0.000    10.000 r  re2_bd_i/zynq_ultra_ps_e_0/inst/PS8_i/PLCLK[0]
                         net (fo=1, routed)           0.140    10.140    re2_bd_i/zynq_ultra_ps_e_0/inst/pl_clk_unbuffered[0]
    BUFG_PS_X0Y67        BUFG_PS (Prop_BUFG_PS_I_O)
                                                      0.027    10.167 r  re2_bd_i/zynq_ultra_ps_e_0/inst/buffer_pl_clk_0.PL_CLK_0_BUFG/O
    X0Y1 (CLOCK_ROOT)    net (fo=41213, routed)       1.750    11.917    re2_bd_i/re2_copro_0/inst/UIP/abram/s00_axi_aclk
    SLICE_X31Y106        FDRE                                         r  re2_bd_i/re2_copro_0/inst/UIP/abram/read_reg[61]/C
                         clock pessimism              0.175    12.092    
                         clock uncertainty           -0.176    11.916    
    SLICE_X31Y106        FDRE (Setup_CFF_SLICEM_C_D)
                                                      0.027    11.943    re2_bd_i/re2_copro_0/inst/UIP/abram/read_reg[61]
  -------------------------------------------------------------------
                         required time                         11.943    
                         arrival time                         -11.386    
  -------------------------------------------------------------------
                         slack                                  0.557    

Slack (MET) :             0.567ns  (required time - arrival time)
  Source:                 re2_bd_i/re2_copro_0/inst/UIP/a_regex_coprocessor/a_topology/anEngine/anEngine/genblk3[2].a_regex_cpu/EXE1_Cc_id_reg[1]/C
                            (rising edge-triggered cell FDRE clocked by clk_pl_0  {rise@0.000ns fall@5.000ns period=10.000ns})
  Destination:            re2_bd_i/re2_copro_0/inst/UIP/abram/read_reg[30]/D
                            (rising edge-triggered cell FDRE clocked by clk_pl_0  {rise@0.000ns fall@5.000ns period=10.000ns})
  Path Group:             clk_pl_0
  Path Type:              Setup (Max at Slow Process Corner)
  Requirement:            10.000ns  (clk_pl_0 rise@10.000ns - clk_pl_0 rise@0.000ns)
  Data Path Delay:        9.235ns  (logic 2.314ns (25.057%)  route 6.921ns (74.943%))
  Logic Levels:           20  (LUT4=1 LUT6=15 MUXF7=3 MUXF8=1)
  Clock Path Skew:        -0.049ns (DCD - SCD + CPR)
    Destination Clock Delay (DCD):    1.984ns = ( 11.984 - 10.000 ) 
    Source Clock Delay      (SCD):    2.151ns
    Clock Pessimism Removal (CPR):    0.118ns
  Clock Uncertainty:      0.176ns  ((TSJ^2 + DJ^2)^1/2) / 2 + PE
    Total System Jitter     (TSJ):    0.071ns
    Discrete Jitter          (DJ):    0.344ns
    Phase Error              (PE):    0.000ns
  Clock Net Delay (Source):      1.944ns (routing 0.814ns, distribution 1.130ns)
  Clock Net Delay (Destination): 1.817ns (routing 0.736ns, distribution 1.081ns)

    Location             Delay type                Incr(ns)  Path(ns)    Netlist Resource(s)
  -------------------------------------------------------------------    -------------------
                         (clock clk_pl_0 rise edge)
                                                      0.000     0.000 r  
    PS8_X0Y0             PS8                          0.000     0.000 r  re2_bd_i/zynq_ultra_ps_e_0/inst/PS8_i/PLCLK[0]
                         net (fo=1, routed)           0.178     0.178    re2_bd_i/zynq_ultra_ps_e_0/inst/pl_clk_unbuffered[0]
    BUFG_PS_X0Y67        BUFG_PS (Prop_BUFG_PS_I_O)
                                                      0.029     0.207 r  re2_bd_i/zynq_ultra_ps_e_0/inst/buffer_pl_clk_0.PL_CLK_0_BUFG/O
    X0Y1 (CLOCK_ROOT)    net (fo=41213, routed)       1.944     2.151    re2_bd_i/re2_copro_0/inst/UIP/a_regex_coprocessor/a_topology/anEngine/anEngine/genblk3[2].a_regex_cpu/s00_axi_aclk
    SLICE_X24Y70         FDRE                                         r  re2_bd_i/re2_copro_0/inst/UIP/a_regex_coprocessor/a_topology/anEngine/anEngine/genblk3[2].a_regex_cpu/EXE1_Cc_id_reg[1]/C
  -------------------------------------------------------------------    -------------------
    SLICE_X24Y70         FDRE (Prop_GFF2_SLICEM_C_Q)
                                                      0.098     2.249 r  re2_bd_i/re2_copro_0/inst/UIP/a_regex_coprocessor/a_topology/anEngine/anEngine/genblk3[2].a_regex_cpu/EXE1_Cc_id_reg[1]/Q
                         net (fo=24, routed)          0.489     2.738    re2_bd_i/re2_copro_0/inst/UIP/a_regex_coprocessor/a_topology/anEngine/anEngine/genblk3[2].a_regex_cpu/EXE1_Cc_id[1]
    SLICE_X21Y65         LUT6 (Prop_H6LUT_SLICEL_I2_O)
                                                      0.116     2.854 r  re2_bd_i/re2_copro_0/inst/UIP/a_regex_coprocessor/a_topology/anEngine/anEngine/genblk3[2].a_regex_cpu/grant__0_i_49/O
                         net (fo=1, routed)           0.011     2.865    re2_bd_i/re2_copro_0/inst/UIP/a_regex_coprocessor/a_topology/anEngine/anEngine/genblk3[2].a_regex_cpu/grant__0_i_49_n_0
    SLICE_X21Y65         MUXF7 (Prop_F7MUX_GH_SLICEL_I0_O)
                                                      0.083     2.948 r  re2_bd_i/re2_copro_0/inst/UIP/a_regex_coprocessor/a_topology/anEngine/anEngine/genblk3[2].a_regex_cpu/grant__0_i_40/O
                         net (fo=1, routed)           0.219     3.167    re2_bd_i/re2_copro_0/inst/UIP/a_regex_coprocessor/a_topology/anEngine/anEngine/genblk3[2].a_regex_cpu/grant__0_i_40_n_0
    SLICE_X23Y67         LUT6 (Prop_H6LUT_SLICEL_I4_O)
                                                      0.116     3.283 f  re2_bd_i/re2_copro_0/inst/UIP/a_regex_coprocessor/a_topology/anEngine/anEngine/genblk3[2].a_regex_cpu/grant__0_i_31/O
                         net (fo=6, routed)           0.309     3.592    re2_bd_i/re2_copro_0/inst/UIP/a_regex_coprocessor/a_topology/anEngine/anEngine/genblk3[2].a_regex_cpu/grant__0_i_31_n_0
    SLICE_X24Y68         LUT6 (Prop_E6LUT_SLICEM_I1_O)
                                                      0.148     3.740 r  re2_bd_i/re2_copro_0/inst/UIP/a_regex_coprocessor/a_topology/anEngine/anEngine/genblk3[2].a_regex_cpu/grant__1_i_24/O
                         net (fo=3, routed)           0.295     4.035    re2_bd_i/re2_copro_0/inst/UIP/a_regex_coprocessor/a_topology/anEngine/anEngine/genblk3[2].a_regex_cpu/grant__1_i_24_n_0
    SLICE_X26Y69         LUT6 (Prop_G6LUT_SLICEL_I5_O)
                                                      0.147     4.182 f  re2_bd_i/re2_copro_0/inst/UIP/a_regex_coprocessor/a_topology/anEngine/anEngine/genblk3[2].a_regex_cpu/grant__1_i_14/O
                         net (fo=2, routed)           0.124     4.306    re2_bd_i/re2_copro_0/inst/UIP/a_regex_coprocessor/a_topology/anEngine/anEngine/genblk3[2].a_regex_cpu/grant__1_i_14_n_0
    SLICE_X26Y69         LUT6 (Prop_D6LUT_SLICEL_I1_O)
                                                      0.174     4.480 r  re2_bd_i/re2_copro_0/inst/UIP/a_regex_coprocessor/a_topology/anEngine/anEngine/genblk3[2].a_regex_cpu/FETCH_REC_has_to_save_i_4/O
                         net (fo=2, routed)           0.232     4.712    re2_bd_i/re2_copro_0/inst/UIP/a_regex_coprocessor/a_topology/anEngine/anEngine/genblk3[2].a_regex_cpu/output_pc_ready20_in
    SLICE_X24Y72         LUT6 (Prop_G6LUT_SLICEM_I3_O)
                                                      0.148     4.860 f  re2_bd_i/re2_copro_0/inst/UIP/a_regex_coprocessor/a_topology/anEngine/anEngine/genblk3[2].a_regex_cpu/FETCH_REC_Instr[15]_i_6__0/O
                         net (fo=1, routed)           0.213     5.073    re2_bd_i/re2_copro_0/inst/UIP/a_regex_coprocessor/a_topology/anEngine/anEngine/genblk3[1].a_regex_cpu/output_pc_ready126_out
    SLICE_X25Y75         LUT6 (Prop_G6LUT_SLICEL_I3_O)
                                                      0.114     5.187 f  re2_bd_i/re2_copro_0/inst/UIP/a_regex_coprocessor/a_topology/anEngine/anEngine/genblk3[1].a_regex_cpu/FETCH_REC_Instr[15]_i_3__0/O
                         net (fo=12, routed)          0.378     5.565    re2_bd_i/re2_copro_0/inst/UIP/a_regex_coprocessor/a_topology/anEngine/anEngine/genblk3[1].a_regex_cpu/old_grant_reg[0]
    SLICE_X28Y80         LUT4 (Prop_H5LUT_SLICEM_I3_O)
                                                      0.082     5.647 f  re2_bd_i/re2_copro_0/inst/UIP/a_regex_coprocessor/a_topology/anEngine/anEngine/genblk3[1].a_regex_cpu/tag_saved[4]_i_2/O
                         net (fo=12, routed)          0.288     5.935    re2_bd_i/re2_copro_0/inst/UIP/a_regex_coprocessor/a_topology/anEngine/anEngine/genblk1[1].cpu_cache/cpu_out_memory_valid_1
    SLICE_X29Y78         LUT6 (Prop_G6LUT_SLICEM_I4_O)
                                                      0.100     6.035 r  re2_bd_i/re2_copro_0/inst/UIP/a_regex_coprocessor/a_topology/anEngine/anEngine/genblk1[1].cpu_cache/cur_state[2]_i_15/O
                         net (fo=3, routed)           0.211     6.246    re2_bd_i/re2_copro_0/inst/UIP/a_regex_coprocessor/a_topology/anEngine/anEngine/genblk3[2].a_regex_cpu/cur_state_reg[2]_7
    SLICE_X29Y79         LUT6 (Prop_D6LUT_SLICEM_I2_O)
                                                      0.174     6.420 r  re2_bd_i/re2_copro_0/inst/UIP/a_regex_coprocessor/a_topology/anEngine/anEngine/genblk3[2].a_regex_cpu/cur_state[2]_i_5/O
                         net (fo=15, routed)          0.382     6.802    re2_bd_i/re2_copro_0/inst/UIP/a_regex_coprocessor/a_topology/anEngine/anEngine/genblk1[7].cpu_cache/cache_line_saved[0]_i_2_0
    SLICE_X30Y88         LUT6 (Prop_H6LUT_SLICEL_I4_O)
                                                      0.116     6.918 r  re2_bd_i/re2_copro_0/inst/UIP/a_regex_coprocessor/a_topology/anEngine/anEngine/genblk1[7].cpu_cache/cache_line_saved[3]_i_23/O
                         net (fo=57, routed)          0.471     7.389    re2_bd_i/re2_copro_0/inst/UIP/a_regex_coprocessor/a_topology/anEngine/anEngine/arbiter_tree_to_cope_with_memory_contention/arbitration_logic/in_ready_packed[0]
    SLICE_X29Y95         LUT6 (Prop_C6LUT_SLICEM_I3_O)
                                                      0.147     7.536 r  re2_bd_i/re2_copro_0/inst/UIP/a_regex_coprocessor/a_topology/anEngine/anEngine/arbiter_tree_to_cope_with_memory_contention/arbitration_logic/cache_line_saved[0]_i_2/O
                         net (fo=63, routed)          0.569     8.105    re2_bd_i/re2_copro_0/inst/re2_copro_slave_lite_v2_S00_AXI_inst/memory_addr_from_coprocessor[0]
    SLICE_X29Y118        LUT6 (Prop_F6LUT_SLICEM_I4_O)
                                                      0.038     8.143 r  re2_bd_i/re2_copro_0/inst/re2_copro_slave_lite_v2_S00_AXI_inst/read[31]_i_243/O
                         net (fo=1024, routed)        1.198     9.341    re2_bd_i/re2_copro_0/inst/UIP/abram/r_addr[0]
    SLICE_X8Y150         LUT6 (Prop_H6LUT_SLICEL_I4_O)
                                                      0.064     9.405 r  re2_bd_i/re2_copro_0/inst/UIP/abram/read[30]_i_163/O
                         net (fo=1, routed)           0.011     9.416    re2_bd_i/re2_copro_0/inst/UIP/abram/read[30]_i_163_n_0
    SLICE_X8Y150         MUXF7 (Prop_F7MUX_GH_SLICEL_I0_O)
                                                      0.076     9.492 r  re2_bd_i/re2_copro_0/inst/UIP/abram/read_reg[30]_i_72/O
                         net (fo=1, routed)           0.000     9.492    re2_bd_i/re2_copro_0/inst/UIP/abram/read_reg[30]_i_72_n_0
    SLICE_X8Y150         MUXF8 (Prop_F8MUX_TOP_SLICEL_I0_O)
                                                      0.027     9.519 r  re2_bd_i/re2_copro_0/inst/UIP/abram/read_reg[30]_i_27/O
                         net (fo=1, routed)           0.698    10.217    re2_bd_i/re2_copro_0/inst/UIP/abram/read_reg[30]_i_27_n_0
    SLICE_X25Y140        LUT6 (Prop_C6LUT_SLICEL_I1_O)
                                                      0.113    10.330 r  re2_bd_i/re2_copro_0/inst/UIP/abram/read[30]_i_9/O
                         net (fo=1, routed)           0.011    10.341    re2_bd_i/re2_copro_0/inst/UIP/abram/read[30]_i_9_n_0
    SLICE_X25Y140        MUXF7 (Prop_F7MUX_CD_SLICEL_I1_O)
                                                      0.083    10.424 r  re2_bd_i/re2_copro_0/inst/UIP/abram/read_reg[30]_i_3/O
                         net (fo=1, routed)           0.742    11.166    re2_bd_i/re2_copro_0/inst/UIP/abram/read_reg[30]_i_3_n_0
    SLICE_X34Y128        LUT6 (Prop_B6LUT_SLICEM_I1_O)
                                                      0.150    11.316 r  re2_bd_i/re2_copro_0/inst/UIP/abram/read[30]_i_1/O
                         net (fo=1, routed)           0.070    11.386    re2_bd_i/re2_copro_0/inst/UIP/abram/read[30]_i_1_n_0
    SLICE_X34Y128        FDRE                                         r  re2_bd_i/re2_copro_0/inst/UIP/abram/read_reg[30]/D
  -------------------------------------------------------------------    -------------------

                         (clock clk_pl_0 rise edge)
                                                     10.000    10.000 r  
    PS8_X0Y0             PS8                          0.000    10.000 r  re2_bd_i/zynq_ultra_ps_e_0/inst/PS8_i/PLCLK[0]
                         net (fo=1, routed)           0.140    10.140    re2_bd_i/zynq_ultra_ps_e_0/inst/pl_clk_unbuffered[0]
    BUFG_PS_X0Y67        BUFG_PS (Prop_BUFG_PS_I_O)
                                                      0.027    10.167 r  re2_bd_i/zynq_ultra_ps_e_0/inst/buffer_pl_clk_0.PL_CLK_0_BUFG/O
    X0Y1 (CLOCK_ROOT)    net (fo=41213, routed)       1.817    11.984    re2_bd_i/re2_copro_0/inst/UIP/abram/s00_axi_aclk
    SLICE_X34Y128        FDRE                                         r  re2_bd_i/re2_copro_0/inst/UIP/abram/read_reg[30]/C
                         clock pessimism              0.118    12.102    
                         clock uncertainty           -0.176    11.926    
    SLICE_X34Y128        FDRE (Setup_BFF_SLICEM_C_D)
                                                      0.027    11.953    re2_bd_i/re2_copro_0/inst/UIP/abram/read_reg[30]
  -------------------------------------------------------------------
                         required time                         11.953    
                         arrival time                         -11.386    
  -------------------------------------------------------------------
                         slack                                  0.567    

Slack (MET) :             0.568ns  (required time - arrival time)
  Source:                 re2_bd_i/re2_copro_0/inst/UIP/a_regex_coprocessor/a_topology/anEngine/anEngine/genblk3[2].a_regex_cpu/EXE1_Cc_id_reg[1]/C
                            (rising edge-triggered cell FDRE clocked by clk_pl_0  {rise@0.000ns fall@5.000ns period=10.000ns})
  Destination:            re2_bd_i/re2_copro_0/inst/UIP/abram/read_reg[27]/D
                            (rising edge-triggered cell FDRE clocked by clk_pl_0  {rise@0.000ns fall@5.000ns period=10.000ns})
  Path Group:             clk_pl_0
  Path Type:              Setup (Max at Slow Process Corner)
  Requirement:            10.000ns  (clk_pl_0 rise@10.000ns - clk_pl_0 rise@0.000ns)
  Data Path Delay:        9.212ns  (logic 2.441ns (26.499%)  route 6.771ns (73.501%))
  Logic Levels:           20  (LUT4=1 LUT6=15 MUXF7=3 MUXF8=1)
  Clock Path Skew:        -0.071ns (DCD - SCD + CPR)
    Destination Clock Delay (DCD):    1.962ns = ( 11.962 - 10.000 ) 
    Source Clock Delay      (SCD):    2.151ns
    Clock Pessimism Removal (CPR):    0.118ns
  Clock Uncertainty:      0.176ns  ((TSJ^2 + DJ^2)^1/2) / 2 + PE
    Total System Jitter     (TSJ):    0.071ns
    Discrete Jitter          (DJ):    0.344ns
    Phase Error              (PE):    0.000ns
  Clock Net Delay (Source):      1.944ns (routing 0.814ns, distribution 1.130ns)
  Clock Net Delay (Destination): 1.795ns (routing 0.736ns, distribution 1.059ns)

    Location             Delay type                Incr(ns)  Path(ns)    Netlist Resource(s)
  -------------------------------------------------------------------    -------------------
                         (clock clk_pl_0 rise edge)
                                                      0.000     0.000 r  
    PS8_X0Y0             PS8                          0.000     0.000 r  re2_bd_i/zynq_ultra_ps_e_0/inst/PS8_i/PLCLK[0]
                         net (fo=1, routed)           0.178     0.178    re2_bd_i/zynq_ultra_ps_e_0/inst/pl_clk_unbuffered[0]
    BUFG_PS_X0Y67        BUFG_PS (Prop_BUFG_PS_I_O)
                                                      0.029     0.207 r  re2_bd_i/zynq_ultra_ps_e_0/inst/buffer_pl_clk_0.PL_CLK_0_BUFG/O
    X0Y1 (CLOCK_ROOT)    net (fo=41213, routed)       1.944     2.151    re2_bd_i/re2_copro_0/inst/UIP/a_regex_coprocessor/a_topology/anEngine/anEngine/genblk3[2].a_regex_cpu/s00_axi_aclk
    SLICE_X24Y70         FDRE                                         r  re2_bd_i/re2_copro_0/inst/UIP/a_regex_coprocessor/a_topology/anEngine/anEngine/genblk3[2].a_regex_cpu/EXE1_Cc_id_reg[1]/C
  -------------------------------------------------------------------    -------------------
    SLICE_X24Y70         FDRE (Prop_GFF2_SLICEM_C_Q)
                                                      0.098     2.249 r  re2_bd_i/re2_copro_0/inst/UIP/a_regex_coprocessor/a_topology/anEngine/anEngine/genblk3[2].a_regex_cpu/EXE1_Cc_id_reg[1]/Q
                         net (fo=24, routed)          0.489     2.738    re2_bd_i/re2_copro_0/inst/UIP/a_regex_coprocessor/a_topology/anEngine/anEngine/genblk3[2].a_regex_cpu/EXE1_Cc_id[1]
    SLICE_X21Y65         LUT6 (Prop_H6LUT_SLICEL_I2_O)
                                                      0.116     2.854 r  re2_bd_i/re2_copro_0/inst/UIP/a_regex_coprocessor/a_topology/anEngine/anEngine/genblk3[2].a_regex_cpu/grant__0_i_49/O
                         net (fo=1, routed)           0.011     2.865    re2_bd_i/re2_copro_0/inst/UIP/a_regex_coprocessor/a_topology/anEngine/anEngine/genblk3[2].a_regex_cpu/grant__0_i_49_n_0
    SLICE_X21Y65         MUXF7 (Prop_F7MUX_GH_SLICEL_I0_O)
                                                      0.083     2.948 r  re2_bd_i/re2_copro_0/inst/UIP/a_regex_coprocessor/a_topology/anEngine/anEngine/genblk3[2].a_regex_cpu/grant__0_i_40/O
                         net (fo=1, routed)           0.219     3.167    re2_bd_i/re2_copro_0/inst/UIP/a_regex_coprocessor/a_topology/anEngine/anEngine/genblk3[2].a_regex_cpu/grant__0_i_40_n_0
    SLICE_X23Y67         LUT6 (Prop_H6LUT_SLICEL_I4_O)
                                                      0.116     3.283 f  re2_bd_i/re2_copro_0/inst/UIP/a_regex_coprocessor/a_topology/anEngine/anEngine/genblk3[2].a_regex_cpu/grant__0_i_31/O
                         net (fo=6, routed)           0.309     3.592    re2_bd_i/re2_copro_0/inst/UIP/a_regex_coprocessor/a_topology/anEngine/anEngine/genblk3[2].a_regex_cpu/grant__0_i_31_n_0
    SLICE_X24Y68         LUT6 (Prop_E6LUT_SLICEM_I1_O)
                                                      0.148     3.740 r  re2_bd_i/re2_copro_0/inst/UIP/a_regex_coprocessor/a_topology/anEngine/anEngine/genblk3[2].a_regex_cpu/grant__1_i_24/O
                         net (fo=3, routed)           0.295     4.035    re2_bd_i/re2_copro_0/inst/UIP/a_regex_coprocessor/a_topology/anEngine/anEngine/genblk3[2].a_regex_cpu/grant__1_i_24_n_0
    SLICE_X26Y69         LUT6 (Prop_G6LUT_SLICEL_I5_O)
                                                      0.147     4.182 f  re2_bd_i/re2_copro_0/inst/UIP/a_regex_coprocessor/a_topology/anEngine/anEngine/genblk3[2].a_regex_cpu/grant__1_i_14/O
                         net (fo=2, routed)           0.124     4.306    re2_bd_i/re2_copro_0/inst/UIP/a_regex_coprocessor/a_topology/anEngine/anEngine/genblk3[2].a_regex_cpu/grant__1_i_14_n_0
    SLICE_X26Y69         LUT6 (Prop_D6LUT_SLICEL_I1_O)
                                                      0.174     4.480 r  re2_bd_i/re2_copro_0/inst/UIP/a_regex_coprocessor/a_topology/anEngine/anEngine/genblk3[2].a_regex_cpu/FETCH_REC_has_to_save_i_4/O
                         net (fo=2, routed)           0.232     4.712    re2_bd_i/re2_copro_0/inst/UIP/a_regex_coprocessor/a_topology/anEngine/anEngine/genblk3[2].a_regex_cpu/output_pc_ready20_in
    SLICE_X24Y72         LUT6 (Prop_G6LUT_SLICEM_I3_O)
                                                      0.148     4.860 f  re2_bd_i/re2_copro_0/inst/UIP/a_regex_coprocessor/a_topology/anEngine/anEngine/genblk3[2].a_regex_cpu/FETCH_REC_Instr[15]_i_6__0/O
                         net (fo=1, routed)           0.213     5.073    re2_bd_i/re2_copro_0/inst/UIP/a_regex_coprocessor/a_topology/anEngine/anEngine/genblk3[1].a_regex_cpu/output_pc_ready126_out
    SLICE_X25Y75         LUT6 (Prop_G6LUT_SLICEL_I3_O)
                                                      0.114     5.187 f  re2_bd_i/re2_copro_0/inst/UIP/a_regex_coprocessor/a_topology/anEngine/anEngine/genblk3[1].a_regex_cpu/FETCH_REC_Instr[15]_i_3__0/O
                         net (fo=12, routed)          0.378     5.565    re2_bd_i/re2_copro_0/inst/UIP/a_regex_coprocessor/a_topology/anEngine/anEngine/genblk3[1].a_regex_cpu/old_grant_reg[0]
    SLICE_X28Y80         LUT4 (Prop_H5LUT_SLICEM_I3_O)
                                                      0.082     5.647 f  re2_bd_i/re2_copro_0/inst/UIP/a_regex_coprocessor/a_topology/anEngine/anEngine/genblk3[1].a_regex_cpu/tag_saved[4]_i_2/O
                         net (fo=12, routed)          0.288     5.935    re2_bd_i/re2_copro_0/inst/UIP/a_regex_coprocessor/a_topology/anEngine/anEngine/genblk1[1].cpu_cache/cpu_out_memory_valid_1
    SLICE_X29Y78         LUT6 (Prop_G6LUT_SLICEM_I4_O)
                                                      0.100     6.035 r  re2_bd_i/re2_copro_0/inst/UIP/a_regex_coprocessor/a_topology/anEngine/anEngine/genblk1[1].cpu_cache/cur_state[2]_i_15/O
                         net (fo=3, routed)           0.211     6.246    re2_bd_i/re2_copro_0/inst/UIP/a_regex_coprocessor/a_topology/anEngine/anEngine/genblk3[2].a_regex_cpu/cur_state_reg[2]_7
    SLICE_X29Y79         LUT6 (Prop_D6LUT_SLICEM_I2_O)
                                                      0.174     6.420 r  re2_bd_i/re2_copro_0/inst/UIP/a_regex_coprocessor/a_topology/anEngine/anEngine/genblk3[2].a_regex_cpu/cur_state[2]_i_5/O
                         net (fo=15, routed)          0.382     6.802    re2_bd_i/re2_copro_0/inst/UIP/a_regex_coprocessor/a_topology/anEngine/anEngine/genblk1[7].cpu_cache/cache_line_saved[0]_i_2_0
    SLICE_X30Y88         LUT6 (Prop_H6LUT_SLICEL_I4_O)
                                                      0.116     6.918 r  re2_bd_i/re2_copro_0/inst/UIP/a_regex_coprocessor/a_topology/anEngine/anEngine/genblk1[7].cpu_cache/cache_line_saved[3]_i_23/O
                         net (fo=57, routed)          0.471     7.389    re2_bd_i/re2_copro_0/inst/UIP/a_regex_coprocessor/a_topology/anEngine/anEngine/arbiter_tree_to_cope_with_memory_contention/arbitration_logic/in_ready_packed[0]
    SLICE_X29Y95         LUT6 (Prop_C6LUT_SLICEM_I3_O)
                                                      0.147     7.536 r  re2_bd_i/re2_copro_0/inst/UIP/a_regex_coprocessor/a_topology/anEngine/anEngine/arbiter_tree_to_cope_with_memory_contention/arbitration_logic/cache_line_saved[0]_i_2/O
                         net (fo=63, routed)          0.569     8.105    re2_bd_i/re2_copro_0/inst/re2_copro_slave_lite_v2_S00_AXI_inst/memory_addr_from_coprocessor[0]
    SLICE_X29Y118        LUT6 (Prop_F6LUT_SLICEM_I4_O)
                                                      0.038     8.143 r  re2_bd_i/re2_copro_0/inst/re2_copro_slave_lite_v2_S00_AXI_inst/read[31]_i_243/O
                         net (fo=1024, routed)        1.267     9.410    re2_bd_i/re2_copro_0/inst/UIP/abram/r_addr[0]
    SLICE_X40Y166        LUT6 (Prop_A6LUT_SLICEM_I4_O)
                                                      0.179     9.589 r  re2_bd_i/re2_copro_0/inst/UIP/abram/read[27]_i_135/O
                         net (fo=1, routed)           0.012     9.601    re2_bd_i/re2_copro_0/inst/UIP/abram/read[27]_i_135_n_0
    SLICE_X40Y166        MUXF7 (Prop_F7MUX_AB_SLICEM_I1_O)
                                                      0.078     9.679 r  re2_bd_i/re2_copro_0/inst/UIP/abram/read_reg[27]_i_58/O
                         net (fo=1, routed)           0.000     9.679    re2_bd_i/re2_copro_0/inst/UIP/abram/read_reg[27]_i_58_n_0
    SLICE_X40Y166        MUXF8 (Prop_F8MUX_BOT_SLICEM_I1_O)
                                                      0.028     9.707 r  re2_bd_i/re2_copro_0/inst/UIP/abram/read_reg[27]_i_19/O
                         net (fo=1, routed)           0.914    10.621    re2_bd_i/re2_copro_0/inst/UIP/abram/read_reg[27]_i_19_n_0
    SLICE_X36Y128        LUT6 (Prop_C6LUT_SLICEL_I1_O)
                                                      0.174    10.795 r  re2_bd_i/re2_copro_0/inst/UIP/abram/read[27]_i_7/O
                         net (fo=1, routed)           0.011    10.806    re2_bd_i/re2_copro_0/inst/UIP/abram/read[27]_i_7_n_0
    SLICE_X36Y128        MUXF7 (Prop_F7MUX_CD_SLICEL_I1_O)
                                                      0.083    10.889 r  re2_bd_i/re2_copro_0/inst/UIP/abram/read_reg[27]_i_2/O
                         net (fo=1, routed)           0.317    11.206    re2_bd_i/re2_copro_0/inst/UIP/abram/read_reg[27]_i_2_n_0
    SLICE_X33Y129        LUT6 (Prop_C6LUT_SLICEL_I0_O)
                                                      0.098    11.304 r  re2_bd_i/re2_copro_0/inst/UIP/abram/read[27]_i_1/O
                         net (fo=1, routed)           0.059    11.363    re2_bd_i/re2_copro_0/inst/UIP/abram/read[27]_i_1_n_0
    SLICE_X33Y129        FDRE                                         r  re2_bd_i/re2_copro_0/inst/UIP/abram/read_reg[27]/D
  -------------------------------------------------------------------    -------------------

                         (clock clk_pl_0 rise edge)
                                                     10.000    10.000 r  
    PS8_X0Y0             PS8                          0.000    10.000 r  re2_bd_i/zynq_ultra_ps_e_0/inst/PS8_i/PLCLK[0]
                         net (fo=1, routed)           0.140    10.140    re2_bd_i/zynq_ultra_ps_e_0/inst/pl_clk_unbuffered[0]
    BUFG_PS_X0Y67        BUFG_PS (Prop_BUFG_PS_I_O)
                                                      0.027    10.167 r  re2_bd_i/zynq_ultra_ps_e_0/inst/buffer_pl_clk_0.PL_CLK_0_BUFG/O
    X0Y1 (CLOCK_ROOT)    net (fo=41213, routed)       1.795    11.962    re2_bd_i/re2_copro_0/inst/UIP/abram/s00_axi_aclk
    SLICE_X33Y129        FDRE                                         r  re2_bd_i/re2_copro_0/inst/UIP/abram/read_reg[27]/C
                         clock pessimism              0.118    12.080    
                         clock uncertainty           -0.176    11.904    
    SLICE_X33Y129        FDRE (Setup_CFF_SLICEL_C_D)
                                                      0.027    11.931    re2_bd_i/re2_copro_0/inst/UIP/abram/read_reg[27]
  -------------------------------------------------------------------
                         required time                         11.931    
                         arrival time                         -11.363    
  -------------------------------------------------------------------
                         slack                                  0.568    





Min Delay Paths
--------------------------------------------------------------------------------------
Slack (MET) :             0.016ns  (arrival time - required time)
  Source:                 re2_bd_i/re2_copro_0/inst/UIP/a_regex_coprocessor/a_topology/anEngine/anEngine/genblk1[1].cpu_cache/tag_saved_reg[0]/C
                            (rising edge-triggered cell FDRE clocked by clk_pl_0  {rise@0.000ns fall@5.000ns period=10.000ns})
  Destination:            re2_bd_i/re2_copro_0/inst/UIP/a_regex_coprocessor/a_topology/anEngine/anEngine/genblk1[1].cpu_cache/tag_reg_0_15_0_4/RAMA/I
                            (rising edge-triggered cell RAMD32 clocked by clk_pl_0  {rise@0.000ns fall@5.000ns period=10.000ns})
  Path Group:             clk_pl_0
  Path Type:              Hold (Min at Slow Process Corner)
  Requirement:            0.000ns  (clk_pl_0 rise@0.000ns - clk_pl_0 rise@0.000ns)
  Data Path Delay:        0.229ns  (logic 0.070ns (30.568%)  route 0.159ns (69.432%))
  Logic Levels:           0  
  Clock Path Skew:        0.132ns (DCD - SCD - CPR)
    Destination Clock Delay (DCD):    2.214ns
    Source Clock Delay      (SCD):    1.903ns
    Clock Pessimism Removal (CPR):    0.179ns
  Clock Net Delay (Source):      1.736ns (routing 0.736ns, distribution 1.000ns)
  Clock Net Delay (Destination): 2.007ns (routing 0.814ns, distribution 1.193ns)

    Location             Delay type                Incr(ns)  Path(ns)    Netlist Resource(s)
  -------------------------------------------------------------------    -------------------
                         (clock clk_pl_0 rise edge)
                                                      0.000     0.000 r  
    PS8_X0Y0             PS8                          0.000     0.000 r  re2_bd_i/zynq_ultra_ps_e_0/inst/PS8_i/PLCLK[0]
                         net (fo=1, routed)           0.140     0.140    re2_bd_i/zynq_ultra_ps_e_0/inst/pl_clk_unbuffered[0]
    BUFG_PS_X0Y67        BUFG_PS (Prop_BUFG_PS_I_O)
                                                      0.027     0.167 r  re2_bd_i/zynq_ultra_ps_e_0/inst/buffer_pl_clk_0.PL_CLK_0_BUFG/O
    X0Y1 (CLOCK_ROOT)    net (fo=41213, routed)       1.736     1.903    re2_bd_i/re2_copro_0/inst/UIP/a_regex_coprocessor/a_topology/anEngine/anEngine/genblk1[1].cpu_cache/s00_axi_aclk
    SLICE_X29Y89         FDRE                                         r  re2_bd_i/re2_copro_0/inst/UIP/a_regex_coprocessor/a_topology/anEngine/anEngine/genblk1[1].cpu_cache/tag_saved_reg[0]/C
  -------------------------------------------------------------------    -------------------
    SLICE_X29Y89         FDRE (Prop_HFF_SLICEM_C_Q)
                                                      0.070     1.973 r  re2_bd_i/re2_copro_0/inst/UIP/a_regex_coprocessor/a_topology/anEngine/anEngine/genblk1[1].cpu_cache/tag_saved_reg[0]/Q
                         net (fo=1, routed)           0.159     2.132    re2_bd_i/re2_copro_0/inst/UIP/a_regex_coprocessor/a_topology/anEngine/anEngine/genblk1[1].cpu_cache/tag_reg_0_15_0_4/DIA0
    SLICE_X31Y83         RAMD32                                       r  re2_bd_i/re2_copro_0/inst/UIP/a_regex_coprocessor/a_topology/anEngine/anEngine/genblk1[1].cpu_cache/tag_reg_0_15_0_4/RAMA/I
  -------------------------------------------------------------------    -------------------

                         (clock clk_pl_0 rise edge)
                                                      0.000     0.000 r  
    PS8_X0Y0             PS8                          0.000     0.000 r  re2_bd_i/zynq_ultra_ps_e_0/inst/PS8_i/PLCLK[0]
                         net (fo=1, routed)           0.178     0.178    re2_bd_i/zynq_ultra_ps_e_0/inst/pl_clk_unbuffered[0]
    BUFG_PS_X0Y67        BUFG_PS (Prop_BUFG_PS_I_O)
                                                      0.029     0.207 r  re2_bd_i/zynq_ultra_ps_e_0/inst/buffer_pl_clk_0.PL_CLK_0_BUFG/O
    X0Y1 (CLOCK_ROOT)    net (fo=41213, routed)       2.007     2.214    re2_bd_i/re2_copro_0/inst/UIP/a_regex_coprocessor/a_topology/anEngine/anEngine/genblk1[1].cpu_cache/tag_reg_0_15_0_4/WCLK
    SLICE_X31Y83         RAMD32                                       r  re2_bd_i/re2_copro_0/inst/UIP/a_regex_coprocessor/a_topology/anEngine/anEngine/genblk1[1].cpu_cache/tag_reg_0_15_0_4/RAMA/CLK
                         clock pessimism             -0.179     2.035    
    SLICE_X31Y83         RAMD32 (Hold_E5LUT_SLICEM_CLK_I)
                                                      0.081     2.116    re2_bd_i/re2_copro_0/inst/UIP/a_regex_coprocessor/a_topology/anEngine/anEngine/genblk1[1].cpu_cache/tag_reg_0_15_0_4/RAMA
  -------------------------------------------------------------------
                         required time                         -2.116    
                         arrival time                           2.132    
  -------------------------------------------------------------------
                         slack                                  0.016    

Slack (MET) :             0.019ns  (arrival time - required time)
  Source:                 re2_bd_i/re2_copro_0/inst/UIP/a_regex_coprocessor/a_topology/anEngine/anEngine/genblk1[0].cpu_cache/cache_line_saved_reg[2]/C
                            (rising edge-triggered cell FDRE clocked by clk_pl_0  {rise@0.000ns fall@5.000ns period=10.000ns})
  Destination:            re2_bd_i/re2_copro_0/inst/UIP/a_regex_coprocessor/a_topology/anEngine/anEngine/genblk1[0].cpu_cache/tag_reg_0_15_0_4/RAMA/WADR2
                            (rising edge-triggered cell RAMD32 clocked by clk_pl_0  {rise@0.000ns fall@5.000ns period=10.000ns})
  Path Group:             clk_pl_0
  Path Type:              Hold (Min at Slow Process Corner)
  Requirement:            0.000ns  (clk_pl_0 rise@0.000ns - clk_pl_0 rise@0.000ns)
  Data Path Delay:        0.264ns  (logic 0.070ns (26.543%)  route 0.194ns (73.457%))
  Logic Levels:           0  
  Clock Path Skew:        0.150ns (DCD - SCD - CPR)
    Destination Clock Delay (DCD):    2.231ns
    Source Clock Delay      (SCD):    1.902ns
    Clock Pessimism Removal (CPR):    0.179ns
  Clock Net Delay (Source):      1.735ns (routing 0.736ns, distribution 0.999ns)
  Clock Net Delay (Destination): 2.024ns (routing 0.814ns, distribution 1.210ns)

    Location             Delay type                Incr(ns)  Path(ns)    Netlist Resource(s)
  -------------------------------------------------------------------    -------------------
                         (clock clk_pl_0 rise edge)
                                                      0.000     0.000 r  
    PS8_X0Y0             PS8                          0.000     0.000 r  re2_bd_i/zynq_ultra_ps_e_0/inst/PS8_i/PLCLK[0]
                         net (fo=1, routed)           0.140     0.140    re2_bd_i/zynq_ultra_ps_e_0/inst/pl_clk_unbuffered[0]
    BUFG_PS_X0Y67        BUFG_PS (Prop_BUFG_PS_I_O)
                                                      0.027     0.167 r  re2_bd_i/zynq_ultra_ps_e_0/inst/buffer_pl_clk_0.PL_CLK_0_BUFG/O
    X0Y1 (CLOCK_ROOT)    net (fo=41213, routed)       1.735     1.902    re2_bd_i/re2_copro_0/inst/UIP/a_regex_coprocessor/a_topology/anEngine/anEngine/genblk1[0].cpu_cache/s00_axi_aclk
    SLICE_X33Y89         FDRE                                         r  re2_bd_i/re2_copro_0/inst/UIP/a_regex_coprocessor/a_topology/anEngine/anEngine/genblk1[0].cpu_cache/cache_line_saved_reg[2]/C
  -------------------------------------------------------------------    -------------------
    SLICE_X33Y89         FDRE (Prop_DFF_SLICEL_C_Q)
                                                      0.070     1.972 r  re2_bd_i/re2_copro_0/inst/UIP/a_regex_coprocessor/a_topology/anEngine/anEngine/genblk1[0].cpu_cache/cache_line_saved_reg[2]/Q
                         net (fo=25, routed)          0.194     2.166    re2_bd_i/re2_copro_0/inst/UIP/a_regex_coprocessor/a_topology/anEngine/anEngine/genblk1[0].cpu_cache/tag_reg_0_15_0_4/ADDRD2
    SLICE_X34Y84         RAMD32                                       r  re2_bd_i/re2_copro_0/inst/UIP/a_regex_coprocessor/a_topology/anEngine/anEngine/genblk1[0].cpu_cache/tag_reg_0_15_0_4/RAMA/WADR2
  -------------------------------------------------------------------    -------------------

                         (clock clk_pl_0 rise edge)
                                                      0.000     0.000 r  
    PS8_X0Y0             PS8                          0.000     0.000 r  re2_bd_i/zynq_ultra_ps_e_0/inst/PS8_i/PLCLK[0]
                         net (fo=1, routed)           0.178     0.178    re2_bd_i/zynq_ultra_ps_e_0/inst/pl_clk_unbuffered[0]
    BUFG_PS_X0Y67        BUFG_PS (Prop_BUFG_PS_I_O)
                                                      0.029     0.207 r  re2_bd_i/zynq_ultra_ps_e_0/inst/buffer_pl_clk_0.PL_CLK_0_BUFG/O
    X0Y1 (CLOCK_ROOT)    net (fo=41213, routed)       2.024     2.231    re2_bd_i/re2_copro_0/inst/UIP/a_regex_coprocessor/a_topology/anEngine/anEngine/genblk1[0].cpu_cache/tag_reg_0_15_0_4/WCLK
    SLICE_X34Y84         RAMD32                                       r  re2_bd_i/re2_copro_0/inst/UIP/a_regex_coprocessor/a_topology/anEngine/anEngine/genblk1[0].cpu_cache/tag_reg_0_15_0_4/RAMA/CLK
                         clock pessimism             -0.179     2.052    
    SLICE_X34Y84         RAMD32 (Hold_E5LUT_SLICEM_CLK_WADR2)
                                                      0.095     2.147    re2_bd_i/re2_copro_0/inst/UIP/a_regex_coprocessor/a_topology/anEngine/anEngine/genblk1[0].cpu_cache/tag_reg_0_15_0_4/RAMA
  -------------------------------------------------------------------
                         required time                         -2.147    
                         arrival time                           2.166    
  -------------------------------------------------------------------
                         slack                                  0.019    

Slack (MET) :             0.019ns  (arrival time - required time)
  Source:                 re2_bd_i/re2_copro_0/inst/UIP/a_regex_coprocessor/a_topology/anEngine/anEngine/genblk1[0].cpu_cache/cache_line_saved_reg[2]/C
                            (rising edge-triggered cell FDRE clocked by clk_pl_0  {rise@0.000ns fall@5.000ns period=10.000ns})
  Destination:            re2_bd_i/re2_copro_0/inst/UIP/a_regex_coprocessor/a_topology/anEngine/anEngine/genblk1[0].cpu_cache/tag_reg_0_15_0_4/RAMA_D1/WADR2
                            (rising edge-triggered cell RAMD32 clocked by clk_pl_0  {rise@0.000ns fall@5.000ns period=10.000ns})
  Path Group:             clk_pl_0
  Path Type:              Hold (Min at Slow Process Corner)
  Requirement:            0.000ns  (clk_pl_0 rise@0.000ns - clk_pl_0 rise@0.000ns)
  Data Path Delay:        0.264ns  (logic 0.070ns (26.543%)  route 0.194ns (73.457%))
  Logic Levels:           0  
  Clock Path Skew:        0.150ns (DCD - SCD - CPR)
    Destination Clock Delay (DCD):    2.231ns
    Source Clock Delay      (SCD):    1.902ns
    Clock Pessimism Removal (CPR):    0.179ns
  Clock Net Delay (Source):      1.735ns (routing 0.736ns, distribution 0.999ns)
  Clock Net Delay (Destination): 2.024ns (routing 0.814ns, distribution 1.210ns)

    Location             Delay type                Incr(ns)  Path(ns)    Netlist Resource(s)
  -------------------------------------------------------------------    -------------------
                         (clock clk_pl_0 rise edge)
                                                      0.000     0.000 r  
    PS8_X0Y0             PS8                          0.000     0.000 r  re2_bd_i/zynq_ultra_ps_e_0/inst/PS8_i/PLCLK[0]
                         net (fo=1, routed)           0.140     0.140    re2_bd_i/zynq_ultra_ps_e_0/inst/pl_clk_unbuffered[0]
    BUFG_PS_X0Y67        BUFG_PS (Prop_BUFG_PS_I_O)
                                                      0.027     0.167 r  re2_bd_i/zynq_ultra_ps_e_0/inst/buffer_pl_clk_0.PL_CLK_0_BUFG/O
    X0Y1 (CLOCK_ROOT)    net (fo=41213, routed)       1.735     1.902    re2_bd_i/re2_copro_0/inst/UIP/a_regex_coprocessor/a_topology/anEngine/anEngine/genblk1[0].cpu_cache/s00_axi_aclk
    SLICE_X33Y89         FDRE                                         r  re2_bd_i/re2_copro_0/inst/UIP/a_regex_coprocessor/a_topology/anEngine/anEngine/genblk1[0].cpu_cache/cache_line_saved_reg[2]/C
  -------------------------------------------------------------------    -------------------
    SLICE_X33Y89         FDRE (Prop_DFF_SLICEL_C_Q)
                                                      0.070     1.972 r  re2_bd_i/re2_copro_0/inst/UIP/a_regex_coprocessor/a_topology/anEngine/anEngine/genblk1[0].cpu_cache/cache_line_saved_reg[2]/Q
                         net (fo=25, routed)          0.194     2.166    re2_bd_i/re2_copro_0/inst/UIP/a_regex_coprocessor/a_topology/anEngine/anEngine/genblk1[0].cpu_cache/tag_reg_0_15_0_4/ADDRD2
    SLICE_X34Y84         RAMD32                                       r  re2_bd_i/re2_copro_0/inst/UIP/a_regex_coprocessor/a_topology/anEngine/anEngine/genblk1[0].cpu_cache/tag_reg_0_15_0_4/RAMA_D1/WADR2
  -------------------------------------------------------------------    -------------------

                         (clock clk_pl_0 rise edge)
                                                      0.000     0.000 r  
    PS8_X0Y0             PS8                          0.000     0.000 r  re2_bd_i/zynq_ultra_ps_e_0/inst/PS8_i/PLCLK[0]
                         net (fo=1, routed)           0.178     0.178    re2_bd_i/zynq_ultra_ps_e_0/inst/pl_clk_unbuffered[0]
    BUFG_PS_X0Y67        BUFG_PS (Prop_BUFG_PS_I_O)
                                                      0.029     0.207 r  re2_bd_i/zynq_ultra_ps_e_0/inst/buffer_pl_clk_0.PL_CLK_0_BUFG/O
    X0Y1 (CLOCK_ROOT)    net (fo=41213, routed)       2.024     2.231    re2_bd_i/re2_copro_0/inst/UIP/a_regex_coprocessor/a_topology/anEngine/anEngine/genblk1[0].cpu_cache/tag_reg_0_15_0_4/WCLK
    SLICE_X34Y84         RAMD32                                       r  re2_bd_i/re2_copro_0/inst/UIP/a_regex_coprocessor/a_topology/anEngine/anEngine/genblk1[0].cpu_cache/tag_reg_0_15_0_4/RAMA_D1/CLK
                         clock pessimism             -0.179     2.052    
    SLICE_X34Y84         RAMD32 (Hold_E6LUT_SLICEM_CLK_WADR2)
                                                      0.095     2.147    re2_bd_i/re2_copro_0/inst/UIP/a_regex_coprocessor/a_topology/anEngine/anEngine/genblk1[0].cpu_cache/tag_reg_0_15_0_4/RAMA_D1
  -------------------------------------------------------------------
                         required time                         -2.147    
                         arrival time                           2.166    
  -------------------------------------------------------------------
                         slack                                  0.019    

Slack (MET) :             0.019ns  (arrival time - required time)
  Source:                 re2_bd_i/re2_copro_0/inst/UIP/a_regex_coprocessor/a_topology/anEngine/anEngine/genblk1[0].cpu_cache/cache_line_saved_reg[2]/C
                            (rising edge-triggered cell FDRE clocked by clk_pl_0  {rise@0.000ns fall@5.000ns period=10.000ns})
  Destination:            re2_bd_i/re2_copro_0/inst/UIP/a_regex_coprocessor/a_topology/anEngine/anEngine/genblk1[0].cpu_cache/tag_reg_0_15_0_4/RAMB/WADR2
                            (rising edge-triggered cell RAMD32 clocked by clk_pl_0  {rise@0.000ns fall@5.000ns period=10.000ns})
  Path Group:             clk_pl_0
  Path Type:              Hold (Min at Slow Process Corner)
  Requirement:            0.000ns  (clk_pl_0 rise@0.000ns - clk_pl_0 rise@0.000ns)
  Data Path Delay:        0.264ns  (logic 0.070ns (26.543%)  route 0.194ns (73.457%))
  Logic Levels:           0  
  Clock Path Skew:        0.150ns (DCD - SCD - CPR)
    Destination Clock Delay (DCD):    2.231ns
    Source Clock Delay      (SCD):    1.902ns
    Clock Pessimism Removal (CPR):    0.179ns
  Clock Net Delay (Source):      1.735ns (routing 0.736ns, distribution 0.999ns)
  Clock Net Delay (Destination): 2.024ns (routing 0.814ns, distribution 1.210ns)

    Location             Delay type                Incr(ns)  Path(ns)    Netlist Resource(s)
  -------------------------------------------------------------------    -------------------
                         (clock clk_pl_0 rise edge)
                                                      0.000     0.000 r  
    PS8_X0Y0             PS8                          0.000     0.000 r  re2_bd_i/zynq_ultra_ps_e_0/inst/PS8_i/PLCLK[0]
                         net (fo=1, routed)           0.140     0.140    re2_bd_i/zynq_ultra_ps_e_0/inst/pl_clk_unbuffered[0]
    BUFG_PS_X0Y67        BUFG_PS (Prop_BUFG_PS_I_O)
                                                      0.027     0.167 r  re2_bd_i/zynq_ultra_ps_e_0/inst/buffer_pl_clk_0.PL_CLK_0_BUFG/O
    X0Y1 (CLOCK_ROOT)    net (fo=41213, routed)       1.735     1.902    re2_bd_i/re2_copro_0/inst/UIP/a_regex_coprocessor/a_topology/anEngine/anEngine/genblk1[0].cpu_cache/s00_axi_aclk
    SLICE_X33Y89         FDRE                                         r  re2_bd_i/re2_copro_0/inst/UIP/a_regex_coprocessor/a_topology/anEngine/anEngine/genblk1[0].cpu_cache/cache_line_saved_reg[2]/C
  -------------------------------------------------------------------    -------------------
    SLICE_X33Y89         FDRE (Prop_DFF_SLICEL_C_Q)
                                                      0.070     1.972 r  re2_bd_i/re2_copro_0/inst/UIP/a_regex_coprocessor/a_topology/anEngine/anEngine/genblk1[0].cpu_cache/cache_line_saved_reg[2]/Q
                         net (fo=25, routed)          0.194     2.166    re2_bd_i/re2_copro_0/inst/UIP/a_regex_coprocessor/a_topology/anEngine/anEngine/genblk1[0].cpu_cache/tag_reg_0_15_0_4/ADDRD2
    SLICE_X34Y84         RAMD32                                       r  re2_bd_i/re2_copro_0/inst/UIP/a_regex_coprocessor/a_topology/anEngine/anEngine/genblk1[0].cpu_cache/tag_reg_0_15_0_4/RAMB/WADR2
  -------------------------------------------------------------------    -------------------

                         (clock clk_pl_0 rise edge)
                                                      0.000     0.000 r  
    PS8_X0Y0             PS8                          0.000     0.000 r  re2_bd_i/zynq_ultra_ps_e_0/inst/PS8_i/PLCLK[0]
                         net (fo=1, routed)           0.178     0.178    re2_bd_i/zynq_ultra_ps_e_0/inst/pl_clk_unbuffered[0]
    BUFG_PS_X0Y67        BUFG_PS (Prop_BUFG_PS_I_O)
                                                      0.029     0.207 r  re2_bd_i/zynq_ultra_ps_e_0/inst/buffer_pl_clk_0.PL_CLK_0_BUFG/O
    X0Y1 (CLOCK_ROOT)    net (fo=41213, routed)       2.024     2.231    re2_bd_i/re2_copro_0/inst/UIP/a_regex_coprocessor/a_topology/anEngine/anEngine/genblk1[0].cpu_cache/tag_reg_0_15_0_4/WCLK
    SLICE_X34Y84         RAMD32                                       r  re2_bd_i/re2_copro_0/inst/UIP/a_regex_coprocessor/a_topology/anEngine/anEngine/genblk1[0].cpu_cache/tag_reg_0_15_0_4/RAMB/CLK
                         clock pessimism             -0.179     2.052    
    SLICE_X34Y84         RAMD32 (Hold_F5LUT_SLICEM_CLK_WADR2)
                                                      0.095     2.147    re2_bd_i/re2_copro_0/inst/UIP/a_regex_coprocessor/a_topology/anEngine/anEngine/genblk1[0].cpu_cache/tag_reg_0_15_0_4/RAMB
  -------------------------------------------------------------------
                         required time                         -2.147    
                         arrival time                           2.166    
  -------------------------------------------------------------------
                         slack                                  0.019    

Slack (MET) :             0.019ns  (arrival time - required time)
  Source:                 re2_bd_i/re2_copro_0/inst/UIP/a_regex_coprocessor/a_topology/anEngine/anEngine/genblk1[0].cpu_cache/cache_line_saved_reg[2]/C
                            (rising edge-triggered cell FDRE clocked by clk_pl_0  {rise@0.000ns fall@5.000ns period=10.000ns})
  Destination:            re2_bd_i/re2_copro_0/inst/UIP/a_regex_coprocessor/a_topology/anEngine/anEngine/genblk1[0].cpu_cache/tag_reg_0_15_0_4/RAMB_D1/WADR2
                            (rising edge-triggered cell RAMD32 clocked by clk_pl_0  {rise@0.000ns fall@5.000ns period=10.000ns})
  Path Group:             clk_pl_0
  Path Type:              Hold (Min at Slow Process Corner)
  Requirement:            0.000ns  (clk_pl_0 rise@0.000ns - clk_pl_0 rise@0.000ns)
  Data Path Delay:        0.264ns  (logic 0.070ns (26.543%)  route 0.194ns (73.457%))
  Logic Levels:           0  
  Clock Path Skew:        0.150ns (DCD - SCD - CPR)
    Destination Clock Delay (DCD):    2.231ns
    Source Clock Delay      (SCD):    1.902ns
    Clock Pessimism Removal (CPR):    0.179ns
  Clock Net Delay (Source):      1.735ns (routing 0.736ns, distribution 0.999ns)
  Clock Net Delay (Destination): 2.024ns (routing 0.814ns, distribution 1.210ns)

    Location             Delay type                Incr(ns)  Path(ns)    Netlist Resource(s)
  -------------------------------------------------------------------    -------------------
                         (clock clk_pl_0 rise edge)
                                                      0.000     0.000 r  
    PS8_X0Y0             PS8                          0.000     0.000 r  re2_bd_i/zynq_ultra_ps_e_0/inst/PS8_i/PLCLK[0]
                         net (fo=1, routed)           0.140     0.140    re2_bd_i/zynq_ultra_ps_e_0/inst/pl_clk_unbuffered[0]
    BUFG_PS_X0Y67        BUFG_PS (Prop_BUFG_PS_I_O)
                                                      0.027     0.167 r  re2_bd_i/zynq_ultra_ps_e_0/inst/buffer_pl_clk_0.PL_CLK_0_BUFG/O
    X0Y1 (CLOCK_ROOT)    net (fo=41213, routed)       1.735     1.902    re2_bd_i/re2_copro_0/inst/UIP/a_regex_coprocessor/a_topology/anEngine/anEngine/genblk1[0].cpu_cache/s00_axi_aclk
    SLICE_X33Y89         FDRE                                         r  re2_bd_i/re2_copro_0/inst/UIP/a_regex_coprocessor/a_topology/anEngine/anEngine/genblk1[0].cpu_cache/cache_line_saved_reg[2]/C
  -------------------------------------------------------------------    -------------------
    SLICE_X33Y89         FDRE (Prop_DFF_SLICEL_C_Q)
                                                      0.070     1.972 r  re2_bd_i/re2_copro_0/inst/UIP/a_regex_coprocessor/a_topology/anEngine/anEngine/genblk1[0].cpu_cache/cache_line_saved_reg[2]/Q
                         net (fo=25, routed)          0.194     2.166    re2_bd_i/re2_copro_0/inst/UIP/a_regex_coprocessor/a_topology/anEngine/anEngine/genblk1[0].cpu_cache/tag_reg_0_15_0_4/ADDRD2
    SLICE_X34Y84         RAMD32                                       r  re2_bd_i/re2_copro_0/inst/UIP/a_regex_coprocessor/a_topology/anEngine/anEngine/genblk1[0].cpu_cache/tag_reg_0_15_0_4/RAMB_D1/WADR2
  -------------------------------------------------------------------    -------------------

                         (clock clk_pl_0 rise edge)
                                                      0.000     0.000 r  
    PS8_X0Y0             PS8                          0.000     0.000 r  re2_bd_i/zynq_ultra_ps_e_0/inst/PS8_i/PLCLK[0]
                         net (fo=1, routed)           0.178     0.178    re2_bd_i/zynq_ultra_ps_e_0/inst/pl_clk_unbuffered[0]
    BUFG_PS_X0Y67        BUFG_PS (Prop_BUFG_PS_I_O)
                                                      0.029     0.207 r  re2_bd_i/zynq_ultra_ps_e_0/inst/buffer_pl_clk_0.PL_CLK_0_BUFG/O
    X0Y1 (CLOCK_ROOT)    net (fo=41213, routed)       2.024     2.231    re2_bd_i/re2_copro_0/inst/UIP/a_regex_coprocessor/a_topology/anEngine/anEngine/genblk1[0].cpu_cache/tag_reg_0_15_0_4/WCLK
    SLICE_X34Y84         RAMD32                                       r  re2_bd_i/re2_copro_0/inst/UIP/a_regex_coprocessor/a_topology/anEngine/anEngine/genblk1[0].cpu_cache/tag_reg_0_15_0_4/RAMB_D1/CLK
                         clock pessimism             -0.179     2.052    
    SLICE_X34Y84         RAMD32 (Hold_F6LUT_SLICEM_CLK_WADR2)
                                                      0.095     2.147    re2_bd_i/re2_copro_0/inst/UIP/a_regex_coprocessor/a_topology/anEngine/anEngine/genblk1[0].cpu_cache/tag_reg_0_15_0_4/RAMB_D1
  -------------------------------------------------------------------
                         required time                         -2.147    
                         arrival time                           2.166    
  -------------------------------------------------------------------
                         slack                                  0.019    

Slack (MET) :             0.019ns  (arrival time - required time)
  Source:                 re2_bd_i/re2_copro_0/inst/UIP/a_regex_coprocessor/a_topology/anEngine/anEngine/genblk1[0].cpu_cache/cache_line_saved_reg[2]/C
                            (rising edge-triggered cell FDRE clocked by clk_pl_0  {rise@0.000ns fall@5.000ns period=10.000ns})
  Destination:            re2_bd_i/re2_copro_0/inst/UIP/a_regex_coprocessor/a_topology/anEngine/anEngine/genblk1[0].cpu_cache/tag_reg_0_15_0_4/RAMC/WADR2
                            (rising edge-triggered cell RAMD32 clocked by clk_pl_0  {rise@0.000ns fall@5.000ns period=10.000ns})
  Path Group:             clk_pl_0
  Path Type:              Hold (Min at Slow Process Corner)
  Requirement:            0.000ns  (clk_pl_0 rise@0.000ns - clk_pl_0 rise@0.000ns)
  Data Path Delay:        0.264ns  (logic 0.070ns (26.543%)  route 0.194ns (73.457%))
  Logic Levels:           0  
  Clock Path Skew:        0.150ns (DCD - SCD - CPR)
    Destination Clock Delay (DCD):    2.231ns
    Source Clock Delay      (SCD):    1.902ns
    Clock Pessimism Removal (CPR):    0.179ns
  Clock Net Delay (Source):      1.735ns (routing 0.736ns, distribution 0.999ns)
  Clock Net Delay (Destination): 2.024ns (routing 0.814ns, distribution 1.210ns)

    Location             Delay type                Incr(ns)  Path(ns)    Netlist Resource(s)
  -------------------------------------------------------------------    -------------------
                         (clock clk_pl_0 rise edge)
                                                      0.000     0.000 r  
    PS8_X0Y0             PS8                          0.000     0.000 r  re2_bd_i/zynq_ultra_ps_e_0/inst/PS8_i/PLCLK[0]
                         net (fo=1, routed)           0.140     0.140    re2_bd_i/zynq_ultra_ps_e_0/inst/pl_clk_unbuffered[0]
    BUFG_PS_X0Y67        BUFG_PS (Prop_BUFG_PS_I_O)
                                                      0.027     0.167 r  re2_bd_i/zynq_ultra_ps_e_0/inst/buffer_pl_clk_0.PL_CLK_0_BUFG/O
    X0Y1 (CLOCK_ROOT)    net (fo=41213, routed)       1.735     1.902    re2_bd_i/re2_copro_0/inst/UIP/a_regex_coprocessor/a_topology/anEngine/anEngine/genblk1[0].cpu_cache/s00_axi_aclk
    SLICE_X33Y89         FDRE                                         r  re2_bd_i/re2_copro_0/inst/UIP/a_regex_coprocessor/a_topology/anEngine/anEngine/genblk1[0].cpu_cache/cache_line_saved_reg[2]/C
  -------------------------------------------------------------------    -------------------
    SLICE_X33Y89         FDRE (Prop_DFF_SLICEL_C_Q)
                                                      0.070     1.972 r  re2_bd_i/re2_copro_0/inst/UIP/a_regex_coprocessor/a_topology/anEngine/anEngine/genblk1[0].cpu_cache/cache_line_saved_reg[2]/Q
                         net (fo=25, routed)          0.194     2.166    re2_bd_i/re2_copro_0/inst/UIP/a_regex_coprocessor/a_topology/anEngine/anEngine/genblk1[0].cpu_cache/tag_reg_0_15_0_4/ADDRD2
    SLICE_X34Y84         RAMD32                                       r  re2_bd_i/re2_copro_0/inst/UIP/a_regex_coprocessor/a_topology/anEngine/anEngine/genblk1[0].cpu_cache/tag_reg_0_15_0_4/RAMC/WADR2
  -------------------------------------------------------------------    -------------------

                         (clock clk_pl_0 rise edge)
                                                      0.000     0.000 r  
    PS8_X0Y0             PS8                          0.000     0.000 r  re2_bd_i/zynq_ultra_ps_e_0/inst/PS8_i/PLCLK[0]
                         net (fo=1, routed)           0.178     0.178    re2_bd_i/zynq_ultra_ps_e_0/inst/pl_clk_unbuffered[0]
    BUFG_PS_X0Y67        BUFG_PS (Prop_BUFG_PS_I_O)
                                                      0.029     0.207 r  re2_bd_i/zynq_ultra_ps_e_0/inst/buffer_pl_clk_0.PL_CLK_0_BUFG/O
    X0Y1 (CLOCK_ROOT)    net (fo=41213, routed)       2.024     2.231    re2_bd_i/re2_copro_0/inst/UIP/a_regex_coprocessor/a_topology/anEngine/anEngine/genblk1[0].cpu_cache/tag_reg_0_15_0_4/WCLK
    SLICE_X34Y84         RAMD32                                       r  re2_bd_i/re2_copro_0/inst/UIP/a_regex_coprocessor/a_topology/anEngine/anEngine/genblk1[0].cpu_cache/tag_reg_0_15_0_4/RAMC/CLK
                         clock pessimism             -0.179     2.052    
    SLICE_X34Y84         RAMD32 (Hold_G5LUT_SLICEM_CLK_WADR2)
                                                      0.095     2.147    re2_bd_i/re2_copro_0/inst/UIP/a_regex_coprocessor/a_topology/anEngine/anEngine/genblk1[0].cpu_cache/tag_reg_0_15_0_4/RAMC
  -------------------------------------------------------------------
                         required time                         -2.147    
                         arrival time                           2.166    
  -------------------------------------------------------------------
                         slack                                  0.019    

Slack (MET) :             0.019ns  (arrival time - required time)
  Source:                 re2_bd_i/re2_copro_0/inst/UIP/a_regex_coprocessor/a_topology/anEngine/anEngine/genblk1[0].cpu_cache/cache_line_saved_reg[2]/C
                            (rising edge-triggered cell FDRE clocked by clk_pl_0  {rise@0.000ns fall@5.000ns period=10.000ns})
  Destination:            re2_bd_i/re2_copro_0/inst/UIP/a_regex_coprocessor/a_topology/anEngine/anEngine/genblk1[0].cpu_cache/tag_reg_0_15_0_4/RAMC_D1/WADR2
                            (rising edge-triggered cell RAMD32 clocked by clk_pl_0  {rise@0.000ns fall@5.000ns period=10.000ns})
  Path Group:             clk_pl_0
  Path Type:              Hold (Min at Slow Process Corner)
  Requirement:            0.000ns  (clk_pl_0 rise@0.000ns - clk_pl_0 rise@0.000ns)
  Data Path Delay:        0.264ns  (logic 0.070ns (26.543%)  route 0.194ns (73.457%))
  Logic Levels:           0  
  Clock Path Skew:        0.150ns (DCD - SCD - CPR)
    Destination Clock Delay (DCD):    2.231ns
    Source Clock Delay      (SCD):    1.902ns
    Clock Pessimism Removal (CPR):    0.179ns
  Clock Net Delay (Source):      1.735ns (routing 0.736ns, distribution 0.999ns)
  Clock Net Delay (Destination): 2.024ns (routing 0.814ns, distribution 1.210ns)

    Location             Delay type                Incr(ns)  Path(ns)    Netlist Resource(s)
  -------------------------------------------------------------------    -------------------
                         (clock clk_pl_0 rise edge)
                                                      0.000     0.000 r  
    PS8_X0Y0             PS8                          0.000     0.000 r  re2_bd_i/zynq_ultra_ps_e_0/inst/PS8_i/PLCLK[0]
                         net (fo=1, routed)           0.140     0.140    re2_bd_i/zynq_ultra_ps_e_0/inst/pl_clk_unbuffered[0]
    BUFG_PS_X0Y67        BUFG_PS (Prop_BUFG_PS_I_O)
                                                      0.027     0.167 r  re2_bd_i/zynq_ultra_ps_e_0/inst/buffer_pl_clk_0.PL_CLK_0_BUFG/O
    X0Y1 (CLOCK_ROOT)    net (fo=41213, routed)       1.735     1.902    re2_bd_i/re2_copro_0/inst/UIP/a_regex_coprocessor/a_topology/anEngine/anEngine/genblk1[0].cpu_cache/s00_axi_aclk
    SLICE_X33Y89         FDRE                                         r  re2_bd_i/re2_copro_0/inst/UIP/a_regex_coprocessor/a_topology/anEngine/anEngine/genblk1[0].cpu_cache/cache_line_saved_reg[2]/C
  -------------------------------------------------------------------    -------------------
    SLICE_X33Y89         FDRE (Prop_DFF_SLICEL_C_Q)
                                                      0.070     1.972 r  re2_bd_i/re2_copro_0/inst/UIP/a_regex_coprocessor/a_topology/anEngine/anEngine/genblk1[0].cpu_cache/cache_line_saved_reg[2]/Q
                         net (fo=25, routed)          0.194     2.166    re2_bd_i/re2_copro_0/inst/UIP/a_regex_coprocessor/a_topology/anEngine/anEngine/genblk1[0].cpu_cache/tag_reg_0_15_0_4/ADDRD2
    SLICE_X34Y84         RAMD32                                       r  re2_bd_i/re2_copro_0/inst/UIP/a_regex_coprocessor/a_topology/anEngine/anEngine/genblk1[0].cpu_cache/tag_reg_0_15_0_4/RAMC_D1/WADR2
  -------------------------------------------------------------------    -------------------

                         (clock clk_pl_0 rise edge)
                                                      0.000     0.000 r  
    PS8_X0Y0             PS8                          0.000     0.000 r  re2_bd_i/zynq_ultra_ps_e_0/inst/PS8_i/PLCLK[0]
                         net (fo=1, routed)           0.178     0.178    re2_bd_i/zynq_ultra_ps_e_0/inst/pl_clk_unbuffered[0]
    BUFG_PS_X0Y67        BUFG_PS (Prop_BUFG_PS_I_O)
                                                      0.029     0.207 r  re2_bd_i/zynq_ultra_ps_e_0/inst/buffer_pl_clk_0.PL_CLK_0_BUFG/O
    X0Y1 (CLOCK_ROOT)    net (fo=41213, routed)       2.024     2.231    re2_bd_i/re2_copro_0/inst/UIP/a_regex_coprocessor/a_topology/anEngine/anEngine/genblk1[0].cpu_cache/tag_reg_0_15_0_4/WCLK
    SLICE_X34Y84         RAMD32                                       r  re2_bd_i/re2_copro_0/inst/UIP/a_regex_coprocessor/a_topology/anEngine/anEngine/genblk1[0].cpu_cache/tag_reg_0_15_0_4/RAMC_D1/CLK
                         clock pessimism             -0.179     2.052    
    SLICE_X34Y84         RAMD32 (Hold_G6LUT_SLICEM_CLK_WADR2)
                                                      0.095     2.147    re2_bd_i/re2_copro_0/inst/UIP/a_regex_coprocessor/a_topology/anEngine/anEngine/genblk1[0].cpu_cache/tag_reg_0_15_0_4/RAMC_D1
  -------------------------------------------------------------------
                         required time                         -2.147    
                         arrival time                           2.166    
  -------------------------------------------------------------------
                         slack                                  0.019    

Slack (MET) :             0.019ns  (arrival time - required time)
  Source:                 re2_bd_i/re2_copro_0/inst/UIP/a_regex_coprocessor/a_topology/anEngine/anEngine/genblk1[0].cpu_cache/cache_line_saved_reg[2]/C
                            (rising edge-triggered cell FDRE clocked by clk_pl_0  {rise@0.000ns fall@5.000ns period=10.000ns})
  Destination:            re2_bd_i/re2_copro_0/inst/UIP/a_regex_coprocessor/a_topology/anEngine/anEngine/genblk1[0].cpu_cache/tag_reg_0_15_0_4/RAMD/ADR2
                            (rising edge-triggered cell RAMS32 clocked by clk_pl_0  {rise@0.000ns fall@5.000ns period=10.000ns})
  Path Group:             clk_pl_0
  Path Type:              Hold (Min at Slow Process Corner)
  Requirement:            0.000ns  (clk_pl_0 rise@0.000ns - clk_pl_0 rise@0.000ns)
  Data Path Delay:        0.264ns  (logic 0.070ns (26.543%)  route 0.194ns (73.457%))
  Logic Levels:           0  
  Clock Path Skew:        0.150ns (DCD - SCD - CPR)
    Destination Clock Delay (DCD):    2.231ns
    Source Clock Delay      (SCD):    1.902ns
    Clock Pessimism Removal (CPR):    0.179ns
  Clock Net Delay (Source):      1.735ns (routing 0.736ns, distribution 0.999ns)
  Clock Net Delay (Destination): 2.024ns (routing 0.814ns, distribution 1.210ns)

    Location             Delay type                Incr(ns)  Path(ns)    Netlist Resource(s)
  -------------------------------------------------------------------    -------------------
                         (clock clk_pl_0 rise edge)
                                                      0.000     0.000 r  
    PS8_X0Y0             PS8                          0.000     0.000 r  re2_bd_i/zynq_ultra_ps_e_0/inst/PS8_i/PLCLK[0]
                         net (fo=1, routed)           0.140     0.140    re2_bd_i/zynq_ultra_ps_e_0/inst/pl_clk_unbuffered[0]
    BUFG_PS_X0Y67        BUFG_PS (Prop_BUFG_PS_I_O)
                                                      0.027     0.167 r  re2_bd_i/zynq_ultra_ps_e_0/inst/buffer_pl_clk_0.PL_CLK_0_BUFG/O
    X0Y1 (CLOCK_ROOT)    net (fo=41213, routed)       1.735     1.902    re2_bd_i/re2_copro_0/inst/UIP/a_regex_coprocessor/a_topology/anEngine/anEngine/genblk1[0].cpu_cache/s00_axi_aclk
    SLICE_X33Y89         FDRE                                         r  re2_bd_i/re2_copro_0/inst/UIP/a_regex_coprocessor/a_topology/anEngine/anEngine/genblk1[0].cpu_cache/cache_line_saved_reg[2]/C
  -------------------------------------------------------------------    -------------------
    SLICE_X33Y89         FDRE (Prop_DFF_SLICEL_C_Q)
                                                      0.070     1.972 r  re2_bd_i/re2_copro_0/inst/UIP/a_regex_coprocessor/a_topology/anEngine/anEngine/genblk1[0].cpu_cache/cache_line_saved_reg[2]/Q
                         net (fo=25, routed)          0.194     2.166    re2_bd_i/re2_copro_0/inst/UIP/a_regex_coprocessor/a_topology/anEngine/anEngine/genblk1[0].cpu_cache/tag_reg_0_15_0_4/ADDRD2
    SLICE_X34Y84         RAMS32                                       r  re2_bd_i/re2_copro_0/inst/UIP/a_regex_coprocessor/a_topology/anEngine/anEngine/genblk1[0].cpu_cache/tag_reg_0_15_0_4/RAMD/ADR2
  -------------------------------------------------------------------    -------------------

                         (clock clk_pl_0 rise edge)
                                                      0.000     0.000 r  
    PS8_X0Y0             PS8                          0.000     0.000 r  re2_bd_i/zynq_ultra_ps_e_0/inst/PS8_i/PLCLK[0]
                         net (fo=1, routed)           0.178     0.178    re2_bd_i/zynq_ultra_ps_e_0/inst/pl_clk_unbuffered[0]
    BUFG_PS_X0Y67        BUFG_PS (Prop_BUFG_PS_I_O)
                                                      0.029     0.207 r  re2_bd_i/zynq_ultra_ps_e_0/inst/buffer_pl_clk_0.PL_CLK_0_BUFG/O
    X0Y1 (CLOCK_ROOT)    net (fo=41213, routed)       2.024     2.231    re2_bd_i/re2_copro_0/inst/UIP/a_regex_coprocessor/a_topology/anEngine/anEngine/genblk1[0].cpu_cache/tag_reg_0_15_0_4/WCLK
    SLICE_X34Y84         RAMS32                                       r  re2_bd_i/re2_copro_0/inst/UIP/a_regex_coprocessor/a_topology/anEngine/anEngine/genblk1[0].cpu_cache/tag_reg_0_15_0_4/RAMD/CLK
                         clock pessimism             -0.179     2.052    
    SLICE_X34Y84         RAMS32 (Hold_H5LUT_SLICEM_CLK_ADR2)
                                                      0.095     2.147    re2_bd_i/re2_copro_0/inst/UIP/a_regex_coprocessor/a_topology/anEngine/anEngine/genblk1[0].cpu_cache/tag_reg_0_15_0_4/RAMD
  -------------------------------------------------------------------
                         required time                         -2.147    
                         arrival time                           2.166    
  -------------------------------------------------------------------
                         slack                                  0.019    

Slack (MET) :             0.019ns  (arrival time - required time)
  Source:                 re2_bd_i/re2_copro_0/inst/UIP/a_regex_coprocessor/a_topology/anEngine/anEngine/genblk1[0].cpu_cache/cache_line_saved_reg[2]/C
                            (rising edge-triggered cell FDRE clocked by clk_pl_0  {rise@0.000ns fall@5.000ns period=10.000ns})
  Destination:            re2_bd_i/re2_copro_0/inst/UIP/a_regex_coprocessor/a_topology/anEngine/anEngine/genblk1[0].cpu_cache/tag_reg_0_15_0_4/RAMD_D1/ADR2
                            (rising edge-triggered cell RAMS32 clocked by clk_pl_0  {rise@0.000ns fall@5.000ns period=10.000ns})
  Path Group:             clk_pl_0
  Path Type:              Hold (Min at Slow Process Corner)
  Requirement:            0.000ns  (clk_pl_0 rise@0.000ns - clk_pl_0 rise@0.000ns)
  Data Path Delay:        0.264ns  (logic 0.070ns (26.543%)  route 0.194ns (73.457%))
  Logic Levels:           0  
  Clock Path Skew:        0.150ns (DCD - SCD - CPR)
    Destination Clock Delay (DCD):    2.231ns
    Source Clock Delay      (SCD):    1.902ns
    Clock Pessimism Removal (CPR):    0.179ns
  Clock Net Delay (Source):      1.735ns (routing 0.736ns, distribution 0.999ns)
  Clock Net Delay (Destination): 2.024ns (routing 0.814ns, distribution 1.210ns)

    Location             Delay type                Incr(ns)  Path(ns)    Netlist Resource(s)
  -------------------------------------------------------------------    -------------------
                         (clock clk_pl_0 rise edge)
                                                      0.000     0.000 r  
    PS8_X0Y0             PS8                          0.000     0.000 r  re2_bd_i/zynq_ultra_ps_e_0/inst/PS8_i/PLCLK[0]
                         net (fo=1, routed)           0.140     0.140    re2_bd_i/zynq_ultra_ps_e_0/inst/pl_clk_unbuffered[0]
    BUFG_PS_X0Y67        BUFG_PS (Prop_BUFG_PS_I_O)
                                                      0.027     0.167 r  re2_bd_i/zynq_ultra_ps_e_0/inst/buffer_pl_clk_0.PL_CLK_0_BUFG/O
    X0Y1 (CLOCK_ROOT)    net (fo=41213, routed)       1.735     1.902    re2_bd_i/re2_copro_0/inst/UIP/a_regex_coprocessor/a_topology/anEngine/anEngine/genblk1[0].cpu_cache/s00_axi_aclk
    SLICE_X33Y89         FDRE                                         r  re2_bd_i/re2_copro_0/inst/UIP/a_regex_coprocessor/a_topology/anEngine/anEngine/genblk1[0].cpu_cache/cache_line_saved_reg[2]/C
  -------------------------------------------------------------------    -------------------
    SLICE_X33Y89         FDRE (Prop_DFF_SLICEL_C_Q)
                                                      0.070     1.972 r  re2_bd_i/re2_copro_0/inst/UIP/a_regex_coprocessor/a_topology/anEngine/anEngine/genblk1[0].cpu_cache/cache_line_saved_reg[2]/Q
                         net (fo=25, routed)          0.194     2.166    re2_bd_i/re2_copro_0/inst/UIP/a_regex_coprocessor/a_topology/anEngine/anEngine/genblk1[0].cpu_cache/tag_reg_0_15_0_4/ADDRD2
    SLICE_X34Y84         RAMS32                                       r  re2_bd_i/re2_copro_0/inst/UIP/a_regex_coprocessor/a_topology/anEngine/anEngine/genblk1[0].cpu_cache/tag_reg_0_15_0_4/RAMD_D1/ADR2
  -------------------------------------------------------------------    -------------------

                         (clock clk_pl_0 rise edge)
                                                      0.000     0.000 r  
    PS8_X0Y0             PS8                          0.000     0.000 r  re2_bd_i/zynq_ultra_ps_e_0/inst/PS8_i/PLCLK[0]
                         net (fo=1, routed)           0.178     0.178    re2_bd_i/zynq_ultra_ps_e_0/inst/pl_clk_unbuffered[0]
    BUFG_PS_X0Y67        BUFG_PS (Prop_BUFG_PS_I_O)
                                                      0.029     0.207 r  re2_bd_i/zynq_ultra_ps_e_0/inst/buffer_pl_clk_0.PL_CLK_0_BUFG/O
    X0Y1 (CLOCK_ROOT)    net (fo=41213, routed)       2.024     2.231    re2_bd_i/re2_copro_0/inst/UIP/a_regex_coprocessor/a_topology/anEngine/anEngine/genblk1[0].cpu_cache/tag_reg_0_15_0_4/WCLK
    SLICE_X34Y84         RAMS32                                       r  re2_bd_i/re2_copro_0/inst/UIP/a_regex_coprocessor/a_topology/anEngine/anEngine/genblk1[0].cpu_cache/tag_reg_0_15_0_4/RAMD_D1/CLK
                         clock pessimism             -0.179     2.052    
    SLICE_X34Y84         RAMS32 (Hold_H6LUT_SLICEM_CLK_ADR2)
                                                      0.095     2.147    re2_bd_i/re2_copro_0/inst/UIP/a_regex_coprocessor/a_topology/anEngine/anEngine/genblk1[0].cpu_cache/tag_reg_0_15_0_4/RAMD_D1
  -------------------------------------------------------------------
                         required time                         -2.147    
                         arrival time                           2.166    
  -------------------------------------------------------------------
                         slack                                  0.019    

Slack (MET) :             0.021ns  (arrival time - required time)
  Source:                 re2_bd_i/axi_smc/inst/s00_entry_pipeline/s00_si_converter/inst/converter.wrap_narrow_inst/ar_reg_slice/m_vector_i_reg[1061]/C
                            (rising edge-triggered cell FDRE clocked by clk_pl_0  {rise@0.000ns fall@5.000ns period=10.000ns})
  Destination:            re2_bd_i/axi_smc/inst/s00_nodes/s00_ar_node/inst/inst_mi_handler/gen_normal_area.inst_fifo_node_payld/gen_xpm_memory_fifo.inst_fifo/gen_mem_rep[0].inst_xpm_memory/xpm_memory_base_inst/gen_wr_a.gen_word_narrow.mem_reg_0_31_84_97/RAMF/I
                            (rising edge-triggered cell RAMD32 clocked by clk_pl_0  {rise@0.000ns fall@5.000ns period=10.000ns})
  Path Group:             clk_pl_0
  Path Type:              Hold (Min at Slow Process Corner)
  Requirement:            0.000ns  (clk_pl_0 rise@0.000ns - clk_pl_0 rise@0.000ns)
  Data Path Delay:        0.248ns  (logic 0.073ns (29.435%)  route 0.175ns (70.564%))
  Logic Levels:           0  
  Clock Path Skew:        0.146ns (DCD - SCD - CPR)
    Destination Clock Delay (DCD):    2.221ns
    Source Clock Delay      (SCD):    1.897ns
    Clock Pessimism Removal (CPR):    0.177ns
  Clock Net Delay (Source):      1.730ns (routing 0.736ns, distribution 0.994ns)
  Clock Net Delay (Destination): 2.014ns (routing 0.814ns, distribution 1.200ns)

    Location             Delay type                Incr(ns)  Path(ns)    Netlist Resource(s)
  -------------------------------------------------------------------    -------------------
                         (clock clk_pl_0 rise edge)
                                                      0.000     0.000 r  
    PS8_X0Y0             PS8                          0.000     0.000 r  re2_bd_i/zynq_ultra_ps_e_0/inst/PS8_i/PLCLK[0]
                         net (fo=1, routed)           0.140     0.140    re2_bd_i/zynq_ultra_ps_e_0/inst/pl_clk_unbuffered[0]
    BUFG_PS_X0Y67        BUFG_PS (Prop_BUFG_PS_I_O)
                                                      0.027     0.167 r  re2_bd_i/zynq_ultra_ps_e_0/inst/buffer_pl_clk_0.PL_CLK_0_BUFG/O
    X0Y1 (CLOCK_ROOT)    net (fo=41213, routed)       1.730     1.897    re2_bd_i/axi_smc/inst/s00_entry_pipeline/s00_si_converter/inst/converter.wrap_narrow_inst/ar_reg_slice/aclk
    SLICE_X13Y4          FDRE                                         r  re2_bd_i/axi_smc/inst/s00_entry_pipeline/s00_si_converter/inst/converter.wrap_narrow_inst/ar_reg_slice/m_vector_i_reg[1061]/C
  -------------------------------------------------------------------    -------------------
    SLICE_X13Y4          FDRE (Prop_DFF2_SLICEL_C_Q)
                                                      0.073     1.970 r  re2_bd_i/axi_smc/inst/s00_entry_pipeline/s00_si_converter/inst/converter.wrap_narrow_inst/ar_reg_slice/m_vector_i_reg[1061]/Q
                         net (fo=1, routed)           0.175     2.145    re2_bd_i/axi_smc/inst/s00_nodes/s00_ar_node/inst/inst_mi_handler/gen_normal_area.inst_fifo_node_payld/gen_xpm_memory_fifo.inst_fifo/gen_mem_rep[0].inst_xpm_memory/xpm_memory_base_inst/gen_wr_a.gen_word_narrow.mem_reg_0_31_84_97/DIF0
    SLICE_X9Y2           RAMD32                                       r  re2_bd_i/axi_smc/inst/s00_nodes/s00_ar_node/inst/inst_mi_handler/gen_normal_area.inst_fifo_node_payld/gen_xpm_memory_fifo.inst_fifo/gen_mem_rep[0].inst_xpm_memory/xpm_memory_base_inst/gen_wr_a.gen_word_narrow.mem_reg_0_31_84_97/RAMF/I
  -------------------------------------------------------------------    -------------------

                         (clock clk_pl_0 rise edge)
                                                      0.000     0.000 r  
    PS8_X0Y0             PS8                          0.000     0.000 r  re2_bd_i/zynq_ultra_ps_e_0/inst/PS8_i/PLCLK[0]
                         net (fo=1, routed)           0.178     0.178    re2_bd_i/zynq_ultra_ps_e_0/inst/pl_clk_unbuffered[0]
    BUFG_PS_X0Y67        BUFG_PS (Prop_BUFG_PS_I_O)
                                                      0.029     0.207 r  re2_bd_i/zynq_ultra_ps_e_0/inst/buffer_pl_clk_0.PL_CLK_0_BUFG/O
    X0Y1 (CLOCK_ROOT)    net (fo=41213, routed)       2.014     2.221    re2_bd_i/axi_smc/inst/s00_nodes/s00_ar_node/inst/inst_mi_handler/gen_normal_area.inst_fifo_node_payld/gen_xpm_memory_fifo.inst_fifo/gen_mem_rep[0].inst_xpm_memory/xpm_memory_base_inst/gen_wr_a.gen_word_narrow.mem_reg_0_31_84_97/WCLK
    SLICE_X9Y2           RAMD32                                       r  re2_bd_i/axi_smc/inst/s00_nodes/s00_ar_node/inst/inst_mi_handler/gen_normal_area.inst_fifo_node_payld/gen_xpm_memory_fifo.inst_fifo/gen_mem_rep[0].inst_xpm_memory/xpm_memory_base_inst/gen_wr_a.gen_word_narrow.mem_reg_0_31_84_97/RAMF/CLK
                         clock pessimism             -0.177     2.044    
    SLICE_X9Y2           RAMD32 (Hold_F5LUT_SLICEM_CLK_I)
                                                      0.081     2.125    re2_bd_i/axi_smc/inst/s00_nodes/s00_ar_node/inst/inst_mi_handler/gen_normal_area.inst_fifo_node_payld/gen_xpm_memory_fifo.inst_fifo/gen_mem_rep[0].inst_xpm_memory/xpm_memory_base_inst/gen_wr_a.gen_word_narrow.mem_reg_0_31_84_97/RAMF
  -------------------------------------------------------------------
                         required time                         -2.125    
                         arrival time                           2.145    
  -------------------------------------------------------------------
                         slack                                  0.021    





Pulse Width Checks
--------------------------------------------------------------------------------------
Clock Name:         clk_pl_0
Waveform(ns):       { 0.000 5.000 }
Period(ns):         10.000
Sources:            { re2_bd_i/zynq_ultra_ps_e_0/inst/PS8_i/PLCLK[0] }

Check Type        Corner  Lib Pin             Reference Pin  Required(ns)  Actual(ns)  Slack(ns)  Location      Pin
Min Period        n/a     PS8/MAXIGP0ACLK     n/a            3.000         10.000      7.000      PS8_X0Y0      re2_bd_i/zynq_ultra_ps_e_0/inst/PS8_i/MAXIGP0ACLK
Min Period        n/a     PS8/MAXIGP1ACLK     n/a            3.000         10.000      7.000      PS8_X0Y0      re2_bd_i/zynq_ultra_ps_e_0/inst/PS8_i/MAXIGP1ACLK
Min Period        n/a     PS8/SAXIGP0RCLK     n/a            3.000         10.000      7.000      PS8_X0Y0      re2_bd_i/zynq_ultra_ps_e_0/inst/PS8_i/SAXIGP0RCLK
Min Period        n/a     PS8/SAXIGP0WCLK     n/a            3.000         10.000      7.000      PS8_X0Y0      re2_bd_i/zynq_ultra_ps_e_0/inst/PS8_i/SAXIGP0WCLK
Min Period        n/a     RAMB36E2/CLKARDCLK  n/a            1.739         10.000      8.261      RAMB36_X1Y11  re2_bd_i/re2_copro_0/inst/UIP/a_regex_coprocessor/a_topology/anEngine/anEngine/genblk1[0].cpu_cache/content_reg/CLKARDCLK
Min Period        n/a     RAMB36E2/CLKBWRCLK  n/a            1.739         10.000      8.261      RAMB36_X1Y11  re2_bd_i/re2_copro_0/inst/UIP/a_regex_coprocessor/a_topology/anEngine/anEngine/genblk1[0].cpu_cache/content_reg/CLKBWRCLK
Min Period        n/a     RAMB36E2/CLKARDCLK  n/a            1.739         10.000      8.261      RAMB36_X1Y14  re2_bd_i/re2_copro_0/inst/UIP/a_regex_coprocessor/a_topology/anEngine/anEngine/genblk1[1].cpu_cache/content_reg/CLKARDCLK
Min Period        n/a     RAMB36E2/CLKBWRCLK  n/a            1.739         10.000      8.261      RAMB36_X1Y14  re2_bd_i/re2_copro_0/inst/UIP/a_regex_coprocessor/a_topology/anEngine/anEngine/genblk1[1].cpu_cache/content_reg/CLKBWRCLK
Min Period        n/a     RAMB36E2/CLKARDCLK  n/a            1.739         10.000      8.261      RAMB36_X2Y11  re2_bd_i/re2_copro_0/inst/UIP/a_regex_coprocessor/a_topology/anEngine/anEngine/genblk1[2].cpu_cache/content_reg/CLKARDCLK
Min Period        n/a     RAMB36E2/CLKBWRCLK  n/a            1.739         10.000      8.261      RAMB36_X2Y11  re2_bd_i/re2_copro_0/inst/UIP/a_regex_coprocessor/a_topology/anEngine/anEngine/genblk1[2].cpu_cache/content_reg/CLKBWRCLK
Low Pulse Width   Slow    PS8/MAXIGP0ACLK     n/a            1.500         5.000       3.500      PS8_X0Y0      re2_bd_i/zynq_ultra_ps_e_0/inst/PS8_i/MAXIGP0ACLK
Low Pulse Width   Fast    PS8/MAXIGP0ACLK     n/a            1.500         5.000       3.500      PS8_X0Y0      re2_bd_i/zynq_ultra_ps_e_0/inst/PS8_i/MAXIGP0ACLK
Low Pulse Width   Slow    PS8/MAXIGP1ACLK     n/a            1.500         5.000       3.500      PS8_X0Y0      re2_bd_i/zynq_ultra_ps_e_0/inst/PS8_i/MAXIGP1ACLK
Low Pulse Width   Fast    PS8/MAXIGP1ACLK     n/a            1.500         5.000       3.500      PS8_X0Y0      re2_bd_i/zynq_ultra_ps_e_0/inst/PS8_i/MAXIGP1ACLK
Low Pulse Width   Slow    PS8/SAXIGP0RCLK     n/a            1.500         5.000       3.500      PS8_X0Y0      re2_bd_i/zynq_ultra_ps_e_0/inst/PS8_i/SAXIGP0RCLK
Low Pulse Width   Fast    PS8/SAXIGP0RCLK     n/a            1.500         5.000       3.500      PS8_X0Y0      re2_bd_i/zynq_ultra_ps_e_0/inst/PS8_i/SAXIGP0RCLK
Low Pulse Width   Slow    PS8/SAXIGP0WCLK     n/a            1.500         5.000       3.500      PS8_X0Y0      re2_bd_i/zynq_ultra_ps_e_0/inst/PS8_i/SAXIGP0WCLK
Low Pulse Width   Fast    PS8/SAXIGP0WCLK     n/a            1.500         5.000       3.500      PS8_X0Y0      re2_bd_i/zynq_ultra_ps_e_0/inst/PS8_i/SAXIGP0WCLK
Low Pulse Width   Slow    SRL16E/CLK          n/a            0.573         5.000       4.427      SLICE_X5Y22   re2_bd_i/axi_smc/inst/clk_map/psr_aclk/U0/EXT_LPF/POR_SRL_I/CLK
Low Pulse Width   Fast    SRL16E/CLK          n/a            0.573         5.000       4.427      SLICE_X5Y22   re2_bd_i/axi_smc/inst/clk_map/psr_aclk/U0/EXT_LPF/POR_SRL_I/CLK
High Pulse Width  Slow    PS8/MAXIGP0ACLK     n/a            1.500         5.000       3.500      PS8_X0Y0      re2_bd_i/zynq_ultra_ps_e_0/inst/PS8_i/MAXIGP0ACLK
High Pulse Width  Fast    PS8/MAXIGP0ACLK     n/a            1.500         5.000       3.500      PS8_X0Y0      re2_bd_i/zynq_ultra_ps_e_0/inst/PS8_i/MAXIGP0ACLK
High Pulse Width  Slow    PS8/MAXIGP1ACLK     n/a            1.500         5.000       3.500      PS8_X0Y0      re2_bd_i/zynq_ultra_ps_e_0/inst/PS8_i/MAXIGP1ACLK
High Pulse Width  Fast    PS8/MAXIGP1ACLK     n/a            1.500         5.000       3.500      PS8_X0Y0      re2_bd_i/zynq_ultra_ps_e_0/inst/PS8_i/MAXIGP1ACLK
High Pulse Width  Slow    PS8/SAXIGP0RCLK     n/a            1.500         5.000       3.500      PS8_X0Y0      re2_bd_i/zynq_ultra_ps_e_0/inst/PS8_i/SAXIGP0RCLK
High Pulse Width  Fast    PS8/SAXIGP0RCLK     n/a            1.500         5.000       3.500      PS8_X0Y0      re2_bd_i/zynq_ultra_ps_e_0/inst/PS8_i/SAXIGP0RCLK
High Pulse Width  Slow    PS8/SAXIGP0WCLK     n/a            1.500         5.000       3.500      PS8_X0Y0      re2_bd_i/zynq_ultra_ps_e_0/inst/PS8_i/SAXIGP0WCLK
High Pulse Width  Fast    PS8/SAXIGP0WCLK     n/a            1.500         5.000       3.500      PS8_X0Y0      re2_bd_i/zynq_ultra_ps_e_0/inst/PS8_i/SAXIGP0WCLK
High Pulse Width  Slow    SRL16E/CLK          n/a            0.573         5.000       4.427      SLICE_X5Y22   re2_bd_i/axi_smc/inst/clk_map/psr_aclk/U0/EXT_LPF/POR_SRL_I/CLK
High Pulse Width  Fast    SRL16E/CLK          n/a            0.573         5.000       4.427      SLICE_X5Y22   re2_bd_i/axi_smc/inst/clk_map/psr_aclk/U0/EXT_LPF/POR_SRL_I/CLK



---------------------------------------------------------------------------------------------------
Path Group:  **async_default**
From Clock:  clk_pl_0
  To Clock:  clk_pl_0

Setup :            0  Failing Endpoints,  Worst Slack        8.402ns,  Total Violation        0.000ns
Hold  :            0  Failing Endpoints,  Worst Slack        0.185ns,  Total Violation        0.000ns
---------------------------------------------------------------------------------------------------


Max Delay Paths
--------------------------------------------------------------------------------------
Slack (MET) :             8.402ns  (required time - arrival time)
  Source:                 re2_bd_i/ps8_0_axi_periph/s00_couplers/auto_ds/inst/gen_downsizer.gen_simple_downsizer.axi_downsizer_inst/USE_WRITE.write_addr_inst/cmd_queue/inst/fifo_gen_inst/inst_fifo_gen/gconvfifo.rf/grf.rf/rstblk/ngwrdrst.grst.g7serrst.gnsckt_wrst.rst_wr_reg2_inst/arststages_ff_reg[1]/C
                            (rising edge-triggered cell FDPE clocked by clk_pl_0  {rise@0.000ns fall@5.000ns period=10.000ns})
  Destination:            re2_bd_i/ps8_0_axi_periph/s00_couplers/auto_ds/inst/gen_downsizer.gen_simple_downsizer.axi_downsizer_inst/USE_WRITE.write_addr_inst/cmd_queue/inst/fifo_gen_inst/inst_fifo_gen/gconvfifo.rf/grf.rf/gntv_or_sync_fifo.gl0.wr/wpntr/gcc0.gc0.count_d1_reg[1]/CLR
                            (recovery check against rising-edge clock clk_pl_0  {rise@0.000ns fall@5.000ns period=10.000ns})
  Path Group:             **async_default**
  Path Type:              Recovery (Max at Slow Process Corner)
  Requirement:            10.000ns  (clk_pl_0 rise@10.000ns - clk_pl_0 rise@0.000ns)
  Data Path Delay:        1.318ns  (logic 0.247ns (18.735%)  route 1.071ns (81.265%))
  Logic Levels:           1  (LUT3=1)
  Clock Path Skew:        -0.031ns (DCD - SCD + CPR)
    Destination Clock Delay (DCD):    1.908ns = ( 11.908 - 10.000 ) 
    Source Clock Delay      (SCD):    2.182ns
    Clock Pessimism Removal (CPR):    0.242ns
  Clock Uncertainty:      0.176ns  ((TSJ^2 + DJ^2)^1/2) / 2 + PE
    Total System Jitter     (TSJ):    0.071ns
    Discrete Jitter          (DJ):    0.344ns
    Phase Error              (PE):    0.000ns
  Clock Net Delay (Source):      1.975ns (routing 0.814ns, distribution 1.161ns)
  Clock Net Delay (Destination): 1.741ns (routing 0.736ns, distribution 1.005ns)

    Location             Delay type                Incr(ns)  Path(ns)    Netlist Resource(s)
  -------------------------------------------------------------------    -------------------
                         (clock clk_pl_0 rise edge)
                                                      0.000     0.000 r  
    PS8_X0Y0             PS8                          0.000     0.000 r  re2_bd_i/zynq_ultra_ps_e_0/inst/PS8_i/PLCLK[0]
                         net (fo=1, routed)           0.178     0.178    re2_bd_i/zynq_ultra_ps_e_0/inst/pl_clk_unbuffered[0]
    BUFG_PS_X0Y67        BUFG_PS (Prop_BUFG_PS_I_O)
                                                      0.029     0.207 r  re2_bd_i/zynq_ultra_ps_e_0/inst/buffer_pl_clk_0.PL_CLK_0_BUFG/O
    X0Y1 (CLOCK_ROOT)    net (fo=41213, routed)       1.975     2.182    re2_bd_i/ps8_0_axi_periph/s00_couplers/auto_ds/inst/gen_downsizer.gen_simple_downsizer.axi_downsizer_inst/USE_WRITE.write_addr_inst/cmd_queue/inst/fifo_gen_inst/inst_fifo_gen/gconvfifo.rf/grf.rf/rstblk/ngwrdrst.grst.g7serrst.gnsckt_wrst.rst_wr_reg2_inst/dest_clk
    SLICE_X2Y25          FDPE                                         r  re2_bd_i/ps8_0_axi_periph/s00_couplers/auto_ds/inst/gen_downsizer.gen_simple_downsizer.axi_downsizer_inst/USE_WRITE.write_addr_inst/cmd_queue/inst/fifo_gen_inst/inst_fifo_gen/gconvfifo.rf/grf.rf/rstblk/ngwrdrst.grst.g7serrst.gnsckt_wrst.rst_wr_reg2_inst/arststages_ff_reg[1]/C
  -------------------------------------------------------------------    -------------------
    SLICE_X2Y25          FDPE (Prop_AFF2_SLICEL_C_Q)
                                                      0.099     2.281 f  re2_bd_i/ps8_0_axi_periph/s00_couplers/auto_ds/inst/gen_downsizer.gen_simple_downsizer.axi_downsizer_inst/USE_WRITE.write_addr_inst/cmd_queue/inst/fifo_gen_inst/inst_fifo_gen/gconvfifo.rf/grf.rf/rstblk/ngwrdrst.grst.g7serrst.gnsckt_wrst.rst_wr_reg2_inst/arststages_ff_reg[1]/Q
                         net (fo=3, routed)           0.352     2.633    re2_bd_i/ps8_0_axi_periph/s00_couplers/auto_ds/inst/gen_downsizer.gen_simple_downsizer.axi_downsizer_inst/USE_WRITE.write_addr_inst/cmd_queue/inst/fifo_gen_inst/inst_fifo_gen/gconvfifo.rf/grf.rf/rstblk/ngwrdrst.rst_wr_reg2
    SLICE_X3Y29          LUT3 (Prop_E6LUT_SLICEL_I2_O)
                                                      0.148     2.781 f  re2_bd_i/ps8_0_axi_periph/s00_couplers/auto_ds/inst/gen_downsizer.gen_simple_downsizer.axi_downsizer_inst/USE_WRITE.write_addr_inst/cmd_queue/inst/fifo_gen_inst/inst_fifo_gen/gconvfifo.rf/grf.rf/rstblk/gpregsm1.curr_fwft_state[1]_i_2/O
                         net (fo=32, routed)          0.719     3.500    re2_bd_i/ps8_0_axi_periph/s00_couplers/auto_ds/inst/gen_downsizer.gen_simple_downsizer.axi_downsizer_inst/USE_WRITE.write_addr_inst/cmd_queue/inst/fifo_gen_inst/inst_fifo_gen/gconvfifo.rf/grf.rf/gntv_or_sync_fifo.gl0.wr/wpntr/AR[0]
    SLICE_X1Y27          FDCE                                         f  re2_bd_i/ps8_0_axi_periph/s00_couplers/auto_ds/inst/gen_downsizer.gen_simple_downsizer.axi_downsizer_inst/USE_WRITE.write_addr_inst/cmd_queue/inst/fifo_gen_inst/inst_fifo_gen/gconvfifo.rf/grf.rf/gntv_or_sync_fifo.gl0.wr/wpntr/gcc0.gc0.count_d1_reg[1]/CLR
  -------------------------------------------------------------------    -------------------

                         (clock clk_pl_0 rise edge)
                                                     10.000    10.000 r  
    PS8_X0Y0             PS8                          0.000    10.000 r  re2_bd_i/zynq_ultra_ps_e_0/inst/PS8_i/PLCLK[0]
                         net (fo=1, routed)           0.140    10.140    re2_bd_i/zynq_ultra_ps_e_0/inst/pl_clk_unbuffered[0]
    BUFG_PS_X0Y67        BUFG_PS (Prop_BUFG_PS_I_O)
                                                      0.027    10.167 r  re2_bd_i/zynq_ultra_ps_e_0/inst/buffer_pl_clk_0.PL_CLK_0_BUFG/O
    X0Y1 (CLOCK_ROOT)    net (fo=41213, routed)       1.741    11.908    re2_bd_i/ps8_0_axi_periph/s00_couplers/auto_ds/inst/gen_downsizer.gen_simple_downsizer.axi_downsizer_inst/USE_WRITE.write_addr_inst/cmd_queue/inst/fifo_gen_inst/inst_fifo_gen/gconvfifo.rf/grf.rf/gntv_or_sync_fifo.gl0.wr/wpntr/clk
    SLICE_X1Y27          FDCE                                         r  re2_bd_i/ps8_0_axi_periph/s00_couplers/auto_ds/inst/gen_downsizer.gen_simple_downsizer.axi_downsizer_inst/USE_WRITE.write_addr_inst/cmd_queue/inst/fifo_gen_inst/inst_fifo_gen/gconvfifo.rf/grf.rf/gntv_or_sync_fifo.gl0.wr/wpntr/gcc0.gc0.count_d1_reg[1]/C
                         clock pessimism              0.242    12.151    
                         clock uncertainty           -0.176    11.975    
    SLICE_X1Y27          FDCE (Recov_AFF_SLICEM_C_CLR)
                                                     -0.072    11.903    re2_bd_i/ps8_0_axi_periph/s00_couplers/auto_ds/inst/gen_downsizer.gen_simple_downsizer.axi_downsizer_inst/USE_WRITE.write_addr_inst/cmd_queue/inst/fifo_gen_inst/inst_fifo_gen/gconvfifo.rf/grf.rf/gntv_or_sync_fifo.gl0.wr/wpntr/gcc0.gc0.count_d1_reg[1]
  -------------------------------------------------------------------
                         required time                         11.903    
                         arrival time                          -3.500    
  -------------------------------------------------------------------
                         slack                                  8.402    

Slack (MET) :             8.402ns  (required time - arrival time)
  Source:                 re2_bd_i/ps8_0_axi_periph/s00_couplers/auto_ds/inst/gen_downsizer.gen_simple_downsizer.axi_downsizer_inst/USE_WRITE.write_addr_inst/cmd_queue/inst/fifo_gen_inst/inst_fifo_gen/gconvfifo.rf/grf.rf/rstblk/ngwrdrst.grst.g7serrst.gnsckt_wrst.rst_wr_reg2_inst/arststages_ff_reg[1]/C
                            (rising edge-triggered cell FDPE clocked by clk_pl_0  {rise@0.000ns fall@5.000ns period=10.000ns})
  Destination:            re2_bd_i/ps8_0_axi_periph/s00_couplers/auto_ds/inst/gen_downsizer.gen_simple_downsizer.axi_downsizer_inst/USE_WRITE.write_addr_inst/cmd_queue/inst/fifo_gen_inst/inst_fifo_gen/gconvfifo.rf/grf.rf/gntv_or_sync_fifo.gl0.wr/wpntr/gcc0.gc0.count_reg[2]/CLR
                            (recovery check against rising-edge clock clk_pl_0  {rise@0.000ns fall@5.000ns period=10.000ns})
  Path Group:             **async_default**
  Path Type:              Recovery (Max at Slow Process Corner)
  Requirement:            10.000ns  (clk_pl_0 rise@10.000ns - clk_pl_0 rise@0.000ns)
  Data Path Delay:        1.318ns  (logic 0.247ns (18.735%)  route 1.071ns (81.265%))
  Logic Levels:           1  (LUT3=1)
  Clock Path Skew:        -0.031ns (DCD - SCD + CPR)
    Destination Clock Delay (DCD):    1.908ns = ( 11.908 - 10.000 ) 
    Source Clock Delay      (SCD):    2.182ns
    Clock Pessimism Removal (CPR):    0.242ns
  Clock Uncertainty:      0.176ns  ((TSJ^2 + DJ^2)^1/2) / 2 + PE
    Total System Jitter     (TSJ):    0.071ns
    Discrete Jitter          (DJ):    0.344ns
    Phase Error              (PE):    0.000ns
  Clock Net Delay (Source):      1.975ns (routing 0.814ns, distribution 1.161ns)
  Clock Net Delay (Destination): 1.741ns (routing 0.736ns, distribution 1.005ns)

    Location             Delay type                Incr(ns)  Path(ns)    Netlist Resource(s)
  -------------------------------------------------------------------    -------------------
                         (clock clk_pl_0 rise edge)
                                                      0.000     0.000 r  
    PS8_X0Y0             PS8                          0.000     0.000 r  re2_bd_i/zynq_ultra_ps_e_0/inst/PS8_i/PLCLK[0]
                         net (fo=1, routed)           0.178     0.178    re2_bd_i/zynq_ultra_ps_e_0/inst/pl_clk_unbuffered[0]
    BUFG_PS_X0Y67        BUFG_PS (Prop_BUFG_PS_I_O)
                                                      0.029     0.207 r  re2_bd_i/zynq_ultra_ps_e_0/inst/buffer_pl_clk_0.PL_CLK_0_BUFG/O
    X0Y1 (CLOCK_ROOT)    net (fo=41213, routed)       1.975     2.182    re2_bd_i/ps8_0_axi_periph/s00_couplers/auto_ds/inst/gen_downsizer.gen_simple_downsizer.axi_downsizer_inst/USE_WRITE.write_addr_inst/cmd_queue/inst/fifo_gen_inst/inst_fifo_gen/gconvfifo.rf/grf.rf/rstblk/ngwrdrst.grst.g7serrst.gnsckt_wrst.rst_wr_reg2_inst/dest_clk
    SLICE_X2Y25          FDPE                                         r  re2_bd_i/ps8_0_axi_periph/s00_couplers/auto_ds/inst/gen_downsizer.gen_simple_downsizer.axi_downsizer_inst/USE_WRITE.write_addr_inst/cmd_queue/inst/fifo_gen_inst/inst_fifo_gen/gconvfifo.rf/grf.rf/rstblk/ngwrdrst.grst.g7serrst.gnsckt_wrst.rst_wr_reg2_inst/arststages_ff_reg[1]/C
  -------------------------------------------------------------------    -------------------
    SLICE_X2Y25          FDPE (Prop_AFF2_SLICEL_C_Q)
                                                      0.099     2.281 f  re2_bd_i/ps8_0_axi_periph/s00_couplers/auto_ds/inst/gen_downsizer.gen_simple_downsizer.axi_downsizer_inst/USE_WRITE.write_addr_inst/cmd_queue/inst/fifo_gen_inst/inst_fifo_gen/gconvfifo.rf/grf.rf/rstblk/ngwrdrst.grst.g7serrst.gnsckt_wrst.rst_wr_reg2_inst/arststages_ff_reg[1]/Q
                         net (fo=3, routed)           0.352     2.633    re2_bd_i/ps8_0_axi_periph/s00_couplers/auto_ds/inst/gen_downsizer.gen_simple_downsizer.axi_downsizer_inst/USE_WRITE.write_addr_inst/cmd_queue/inst/fifo_gen_inst/inst_fifo_gen/gconvfifo.rf/grf.rf/rstblk/ngwrdrst.rst_wr_reg2
    SLICE_X3Y29          LUT3 (Prop_E6LUT_SLICEL_I2_O)
                                                      0.148     2.781 f  re2_bd_i/ps8_0_axi_periph/s00_couplers/auto_ds/inst/gen_downsizer.gen_simple_downsizer.axi_downsizer_inst/USE_WRITE.write_addr_inst/cmd_queue/inst/fifo_gen_inst/inst_fifo_gen/gconvfifo.rf/grf.rf/rstblk/gpregsm1.curr_fwft_state[1]_i_2/O
                         net (fo=32, routed)          0.719     3.500    re2_bd_i/ps8_0_axi_periph/s00_couplers/auto_ds/inst/gen_downsizer.gen_simple_downsizer.axi_downsizer_inst/USE_WRITE.write_addr_inst/cmd_queue/inst/fifo_gen_inst/inst_fifo_gen/gconvfifo.rf/grf.rf/gntv_or_sync_fifo.gl0.wr/wpntr/AR[0]
    SLICE_X1Y27          FDCE                                         f  re2_bd_i/ps8_0_axi_periph/s00_couplers/auto_ds/inst/gen_downsizer.gen_simple_downsizer.axi_downsizer_inst/USE_WRITE.write_addr_inst/cmd_queue/inst/fifo_gen_inst/inst_fifo_gen/gconvfifo.rf/grf.rf/gntv_or_sync_fifo.gl0.wr/wpntr/gcc0.gc0.count_reg[2]/CLR
  -------------------------------------------------------------------    -------------------

                         (clock clk_pl_0 rise edge)
                                                     10.000    10.000 r  
    PS8_X0Y0             PS8                          0.000    10.000 r  re2_bd_i/zynq_ultra_ps_e_0/inst/PS8_i/PLCLK[0]
                         net (fo=1, routed)           0.140    10.140    re2_bd_i/zynq_ultra_ps_e_0/inst/pl_clk_unbuffered[0]
    BUFG_PS_X0Y67        BUFG_PS (Prop_BUFG_PS_I_O)
                                                      0.027    10.167 r  re2_bd_i/zynq_ultra_ps_e_0/inst/buffer_pl_clk_0.PL_CLK_0_BUFG/O
    X0Y1 (CLOCK_ROOT)    net (fo=41213, routed)       1.741    11.908    re2_bd_i/ps8_0_axi_periph/s00_couplers/auto_ds/inst/gen_downsizer.gen_simple_downsizer.axi_downsizer_inst/USE_WRITE.write_addr_inst/cmd_queue/inst/fifo_gen_inst/inst_fifo_gen/gconvfifo.rf/grf.rf/gntv_or_sync_fifo.gl0.wr/wpntr/clk
    SLICE_X1Y27          FDCE                                         r  re2_bd_i/ps8_0_axi_periph/s00_couplers/auto_ds/inst/gen_downsizer.gen_simple_downsizer.axi_downsizer_inst/USE_WRITE.write_addr_inst/cmd_queue/inst/fifo_gen_inst/inst_fifo_gen/gconvfifo.rf/grf.rf/gntv_or_sync_fifo.gl0.wr/wpntr/gcc0.gc0.count_reg[2]/C
                         clock pessimism              0.242    12.151    
                         clock uncertainty           -0.176    11.975    
    SLICE_X1Y27          FDCE (Recov_BFF2_SLICEM_C_CLR)
                                                     -0.072    11.903    re2_bd_i/ps8_0_axi_periph/s00_couplers/auto_ds/inst/gen_downsizer.gen_simple_downsizer.axi_downsizer_inst/USE_WRITE.write_addr_inst/cmd_queue/inst/fifo_gen_inst/inst_fifo_gen/gconvfifo.rf/grf.rf/gntv_or_sync_fifo.gl0.wr/wpntr/gcc0.gc0.count_reg[2]
  -------------------------------------------------------------------
                         required time                         11.903    
                         arrival time                          -3.500    
  -------------------------------------------------------------------
                         slack                                  8.402    

Slack (MET) :             8.402ns  (required time - arrival time)
  Source:                 re2_bd_i/ps8_0_axi_periph/s00_couplers/auto_ds/inst/gen_downsizer.gen_simple_downsizer.axi_downsizer_inst/USE_WRITE.write_addr_inst/cmd_queue/inst/fifo_gen_inst/inst_fifo_gen/gconvfifo.rf/grf.rf/rstblk/ngwrdrst.grst.g7serrst.gnsckt_wrst.rst_wr_reg2_inst/arststages_ff_reg[1]/C
                            (rising edge-triggered cell FDPE clocked by clk_pl_0  {rise@0.000ns fall@5.000ns period=10.000ns})
  Destination:            re2_bd_i/ps8_0_axi_periph/s00_couplers/auto_ds/inst/gen_downsizer.gen_simple_downsizer.axi_downsizer_inst/USE_WRITE.write_addr_inst/cmd_queue/inst/fifo_gen_inst/inst_fifo_gen/gconvfifo.rf/grf.rf/gntv_or_sync_fifo.gl0.wr/wpntr/gcc0.gc0.count_reg[3]/CLR
                            (recovery check against rising-edge clock clk_pl_0  {rise@0.000ns fall@5.000ns period=10.000ns})
  Path Group:             **async_default**
  Path Type:              Recovery (Max at Slow Process Corner)
  Requirement:            10.000ns  (clk_pl_0 rise@10.000ns - clk_pl_0 rise@0.000ns)
  Data Path Delay:        1.318ns  (logic 0.247ns (18.735%)  route 1.071ns (81.265%))
  Logic Levels:           1  (LUT3=1)
  Clock Path Skew:        -0.031ns (DCD - SCD + CPR)
    Destination Clock Delay (DCD):    1.908ns = ( 11.908 - 10.000 ) 
    Source Clock Delay      (SCD):    2.182ns
    Clock Pessimism Removal (CPR):    0.242ns
  Clock Uncertainty:      0.176ns  ((TSJ^2 + DJ^2)^1/2) / 2 + PE
    Total System Jitter     (TSJ):    0.071ns
    Discrete Jitter          (DJ):    0.344ns
    Phase Error              (PE):    0.000ns
  Clock Net Delay (Source):      1.975ns (routing 0.814ns, distribution 1.161ns)
  Clock Net Delay (Destination): 1.741ns (routing 0.736ns, distribution 1.005ns)

    Location             Delay type                Incr(ns)  Path(ns)    Netlist Resource(s)
  -------------------------------------------------------------------    -------------------
                         (clock clk_pl_0 rise edge)
                                                      0.000     0.000 r  
    PS8_X0Y0             PS8                          0.000     0.000 r  re2_bd_i/zynq_ultra_ps_e_0/inst/PS8_i/PLCLK[0]
                         net (fo=1, routed)           0.178     0.178    re2_bd_i/zynq_ultra_ps_e_0/inst/pl_clk_unbuffered[0]
    BUFG_PS_X0Y67        BUFG_PS (Prop_BUFG_PS_I_O)
                                                      0.029     0.207 r  re2_bd_i/zynq_ultra_ps_e_0/inst/buffer_pl_clk_0.PL_CLK_0_BUFG/O
    X0Y1 (CLOCK_ROOT)    net (fo=41213, routed)       1.975     2.182    re2_bd_i/ps8_0_axi_periph/s00_couplers/auto_ds/inst/gen_downsizer.gen_simple_downsizer.axi_downsizer_inst/USE_WRITE.write_addr_inst/cmd_queue/inst/fifo_gen_inst/inst_fifo_gen/gconvfifo.rf/grf.rf/rstblk/ngwrdrst.grst.g7serrst.gnsckt_wrst.rst_wr_reg2_inst/dest_clk
    SLICE_X2Y25          FDPE                                         r  re2_bd_i/ps8_0_axi_periph/s00_couplers/auto_ds/inst/gen_downsizer.gen_simple_downsizer.axi_downsizer_inst/USE_WRITE.write_addr_inst/cmd_queue/inst/fifo_gen_inst/inst_fifo_gen/gconvfifo.rf/grf.rf/rstblk/ngwrdrst.grst.g7serrst.gnsckt_wrst.rst_wr_reg2_inst/arststages_ff_reg[1]/C
  -------------------------------------------------------------------    -------------------
    SLICE_X2Y25          FDPE (Prop_AFF2_SLICEL_C_Q)
                                                      0.099     2.281 f  re2_bd_i/ps8_0_axi_periph/s00_couplers/auto_ds/inst/gen_downsizer.gen_simple_downsizer.axi_downsizer_inst/USE_WRITE.write_addr_inst/cmd_queue/inst/fifo_gen_inst/inst_fifo_gen/gconvfifo.rf/grf.rf/rstblk/ngwrdrst.grst.g7serrst.gnsckt_wrst.rst_wr_reg2_inst/arststages_ff_reg[1]/Q
                         net (fo=3, routed)           0.352     2.633    re2_bd_i/ps8_0_axi_periph/s00_couplers/auto_ds/inst/gen_downsizer.gen_simple_downsizer.axi_downsizer_inst/USE_WRITE.write_addr_inst/cmd_queue/inst/fifo_gen_inst/inst_fifo_gen/gconvfifo.rf/grf.rf/rstblk/ngwrdrst.rst_wr_reg2
    SLICE_X3Y29          LUT3 (Prop_E6LUT_SLICEL_I2_O)
                                                      0.148     2.781 f  re2_bd_i/ps8_0_axi_periph/s00_couplers/auto_ds/inst/gen_downsizer.gen_simple_downsizer.axi_downsizer_inst/USE_WRITE.write_addr_inst/cmd_queue/inst/fifo_gen_inst/inst_fifo_gen/gconvfifo.rf/grf.rf/rstblk/gpregsm1.curr_fwft_state[1]_i_2/O
                         net (fo=32, routed)          0.719     3.500    re2_bd_i/ps8_0_axi_periph/s00_couplers/auto_ds/inst/gen_downsizer.gen_simple_downsizer.axi_downsizer_inst/USE_WRITE.write_addr_inst/cmd_queue/inst/fifo_gen_inst/inst_fifo_gen/gconvfifo.rf/grf.rf/gntv_or_sync_fifo.gl0.wr/wpntr/AR[0]
    SLICE_X1Y27          FDCE                                         f  re2_bd_i/ps8_0_axi_periph/s00_couplers/auto_ds/inst/gen_downsizer.gen_simple_downsizer.axi_downsizer_inst/USE_WRITE.write_addr_inst/cmd_queue/inst/fifo_gen_inst/inst_fifo_gen/gconvfifo.rf/grf.rf/gntv_or_sync_fifo.gl0.wr/wpntr/gcc0.gc0.count_reg[3]/CLR
  -------------------------------------------------------------------    -------------------

                         (clock clk_pl_0 rise edge)
                                                     10.000    10.000 r  
    PS8_X0Y0             PS8                          0.000    10.000 r  re2_bd_i/zynq_ultra_ps_e_0/inst/PS8_i/PLCLK[0]
                         net (fo=1, routed)           0.140    10.140    re2_bd_i/zynq_ultra_ps_e_0/inst/pl_clk_unbuffered[0]
    BUFG_PS_X0Y67        BUFG_PS (Prop_BUFG_PS_I_O)
                                                      0.027    10.167 r  re2_bd_i/zynq_ultra_ps_e_0/inst/buffer_pl_clk_0.PL_CLK_0_BUFG/O
    X0Y1 (CLOCK_ROOT)    net (fo=41213, routed)       1.741    11.908    re2_bd_i/ps8_0_axi_periph/s00_couplers/auto_ds/inst/gen_downsizer.gen_simple_downsizer.axi_downsizer_inst/USE_WRITE.write_addr_inst/cmd_queue/inst/fifo_gen_inst/inst_fifo_gen/gconvfifo.rf/grf.rf/gntv_or_sync_fifo.gl0.wr/wpntr/clk
    SLICE_X1Y27          FDCE                                         r  re2_bd_i/ps8_0_axi_periph/s00_couplers/auto_ds/inst/gen_downsizer.gen_simple_downsizer.axi_downsizer_inst/USE_WRITE.write_addr_inst/cmd_queue/inst/fifo_gen_inst/inst_fifo_gen/gconvfifo.rf/grf.rf/gntv_or_sync_fifo.gl0.wr/wpntr/gcc0.gc0.count_reg[3]/C
                         clock pessimism              0.242    12.151    
                         clock uncertainty           -0.176    11.975    
    SLICE_X1Y27          FDCE (Recov_CFF_SLICEM_C_CLR)
                                                     -0.072    11.903    re2_bd_i/ps8_0_axi_periph/s00_couplers/auto_ds/inst/gen_downsizer.gen_simple_downsizer.axi_downsizer_inst/USE_WRITE.write_addr_inst/cmd_queue/inst/fifo_gen_inst/inst_fifo_gen/gconvfifo.rf/grf.rf/gntv_or_sync_fifo.gl0.wr/wpntr/gcc0.gc0.count_reg[3]
  -------------------------------------------------------------------
                         required time                         11.903    
                         arrival time                          -3.500    
  -------------------------------------------------------------------
                         slack                                  8.402    

Slack (MET) :             8.402ns  (required time - arrival time)
  Source:                 re2_bd_i/ps8_0_axi_periph/s00_couplers/auto_ds/inst/gen_downsizer.gen_simple_downsizer.axi_downsizer_inst/USE_WRITE.write_addr_inst/cmd_queue/inst/fifo_gen_inst/inst_fifo_gen/gconvfifo.rf/grf.rf/rstblk/ngwrdrst.grst.g7serrst.gnsckt_wrst.rst_wr_reg2_inst/arststages_ff_reg[1]/C
                            (rising edge-triggered cell FDPE clocked by clk_pl_0  {rise@0.000ns fall@5.000ns period=10.000ns})
  Destination:            re2_bd_i/ps8_0_axi_periph/s00_couplers/auto_ds/inst/gen_downsizer.gen_simple_downsizer.axi_downsizer_inst/USE_WRITE.write_addr_inst/cmd_queue/inst/fifo_gen_inst/inst_fifo_gen/gconvfifo.rf/grf.rf/gntv_or_sync_fifo.gl0.wr/wpntr/gcc0.gc0.count_reg[4]/CLR
                            (recovery check against rising-edge clock clk_pl_0  {rise@0.000ns fall@5.000ns period=10.000ns})
  Path Group:             **async_default**
  Path Type:              Recovery (Max at Slow Process Corner)
  Requirement:            10.000ns  (clk_pl_0 rise@10.000ns - clk_pl_0 rise@0.000ns)
  Data Path Delay:        1.318ns  (logic 0.247ns (18.735%)  route 1.071ns (81.265%))
  Logic Levels:           1  (LUT3=1)
  Clock Path Skew:        -0.031ns (DCD - SCD + CPR)
    Destination Clock Delay (DCD):    1.908ns = ( 11.908 - 10.000 ) 
    Source Clock Delay      (SCD):    2.182ns
    Clock Pessimism Removal (CPR):    0.242ns
  Clock Uncertainty:      0.176ns  ((TSJ^2 + DJ^2)^1/2) / 2 + PE
    Total System Jitter     (TSJ):    0.071ns
    Discrete Jitter          (DJ):    0.344ns
    Phase Error              (PE):    0.000ns
  Clock Net Delay (Source):      1.975ns (routing 0.814ns, distribution 1.161ns)
  Clock Net Delay (Destination): 1.741ns (routing 0.736ns, distribution 1.005ns)

    Location             Delay type                Incr(ns)  Path(ns)    Netlist Resource(s)
  -------------------------------------------------------------------    -------------------
                         (clock clk_pl_0 rise edge)
                                                      0.000     0.000 r  
    PS8_X0Y0             PS8                          0.000     0.000 r  re2_bd_i/zynq_ultra_ps_e_0/inst/PS8_i/PLCLK[0]
                         net (fo=1, routed)           0.178     0.178    re2_bd_i/zynq_ultra_ps_e_0/inst/pl_clk_unbuffered[0]
    BUFG_PS_X0Y67        BUFG_PS (Prop_BUFG_PS_I_O)
                                                      0.029     0.207 r  re2_bd_i/zynq_ultra_ps_e_0/inst/buffer_pl_clk_0.PL_CLK_0_BUFG/O
    X0Y1 (CLOCK_ROOT)    net (fo=41213, routed)       1.975     2.182    re2_bd_i/ps8_0_axi_periph/s00_couplers/auto_ds/inst/gen_downsizer.gen_simple_downsizer.axi_downsizer_inst/USE_WRITE.write_addr_inst/cmd_queue/inst/fifo_gen_inst/inst_fifo_gen/gconvfifo.rf/grf.rf/rstblk/ngwrdrst.grst.g7serrst.gnsckt_wrst.rst_wr_reg2_inst/dest_clk
    SLICE_X2Y25          FDPE                                         r  re2_bd_i/ps8_0_axi_periph/s00_couplers/auto_ds/inst/gen_downsizer.gen_simple_downsizer.axi_downsizer_inst/USE_WRITE.write_addr_inst/cmd_queue/inst/fifo_gen_inst/inst_fifo_gen/gconvfifo.rf/grf.rf/rstblk/ngwrdrst.grst.g7serrst.gnsckt_wrst.rst_wr_reg2_inst/arststages_ff_reg[1]/C
  -------------------------------------------------------------------    -------------------
    SLICE_X2Y25          FDPE (Prop_AFF2_SLICEL_C_Q)
                                                      0.099     2.281 f  re2_bd_i/ps8_0_axi_periph/s00_couplers/auto_ds/inst/gen_downsizer.gen_simple_downsizer.axi_downsizer_inst/USE_WRITE.write_addr_inst/cmd_queue/inst/fifo_gen_inst/inst_fifo_gen/gconvfifo.rf/grf.rf/rstblk/ngwrdrst.grst.g7serrst.gnsckt_wrst.rst_wr_reg2_inst/arststages_ff_reg[1]/Q
                         net (fo=3, routed)           0.352     2.633    re2_bd_i/ps8_0_axi_periph/s00_couplers/auto_ds/inst/gen_downsizer.gen_simple_downsizer.axi_downsizer_inst/USE_WRITE.write_addr_inst/cmd_queue/inst/fifo_gen_inst/inst_fifo_gen/gconvfifo.rf/grf.rf/rstblk/ngwrdrst.rst_wr_reg2
    SLICE_X3Y29          LUT3 (Prop_E6LUT_SLICEL_I2_O)
                                                      0.148     2.781 f  re2_bd_i/ps8_0_axi_periph/s00_couplers/auto_ds/inst/gen_downsizer.gen_simple_downsizer.axi_downsizer_inst/USE_WRITE.write_addr_inst/cmd_queue/inst/fifo_gen_inst/inst_fifo_gen/gconvfifo.rf/grf.rf/rstblk/gpregsm1.curr_fwft_state[1]_i_2/O
                         net (fo=32, routed)          0.719     3.500    re2_bd_i/ps8_0_axi_periph/s00_couplers/auto_ds/inst/gen_downsizer.gen_simple_downsizer.axi_downsizer_inst/USE_WRITE.write_addr_inst/cmd_queue/inst/fifo_gen_inst/inst_fifo_gen/gconvfifo.rf/grf.rf/gntv_or_sync_fifo.gl0.wr/wpntr/AR[0]
    SLICE_X1Y27          FDCE                                         f  re2_bd_i/ps8_0_axi_periph/s00_couplers/auto_ds/inst/gen_downsizer.gen_simple_downsizer.axi_downsizer_inst/USE_WRITE.write_addr_inst/cmd_queue/inst/fifo_gen_inst/inst_fifo_gen/gconvfifo.rf/grf.rf/gntv_or_sync_fifo.gl0.wr/wpntr/gcc0.gc0.count_reg[4]/CLR
  -------------------------------------------------------------------    -------------------

                         (clock clk_pl_0 rise edge)
                                                     10.000    10.000 r  
    PS8_X0Y0             PS8                          0.000    10.000 r  re2_bd_i/zynq_ultra_ps_e_0/inst/PS8_i/PLCLK[0]
                         net (fo=1, routed)           0.140    10.140    re2_bd_i/zynq_ultra_ps_e_0/inst/pl_clk_unbuffered[0]
    BUFG_PS_X0Y67        BUFG_PS (Prop_BUFG_PS_I_O)
                                                      0.027    10.167 r  re2_bd_i/zynq_ultra_ps_e_0/inst/buffer_pl_clk_0.PL_CLK_0_BUFG/O
    X0Y1 (CLOCK_ROOT)    net (fo=41213, routed)       1.741    11.908    re2_bd_i/ps8_0_axi_periph/s00_couplers/auto_ds/inst/gen_downsizer.gen_simple_downsizer.axi_downsizer_inst/USE_WRITE.write_addr_inst/cmd_queue/inst/fifo_gen_inst/inst_fifo_gen/gconvfifo.rf/grf.rf/gntv_or_sync_fifo.gl0.wr/wpntr/clk
    SLICE_X1Y27          FDCE                                         r  re2_bd_i/ps8_0_axi_periph/s00_couplers/auto_ds/inst/gen_downsizer.gen_simple_downsizer.axi_downsizer_inst/USE_WRITE.write_addr_inst/cmd_queue/inst/fifo_gen_inst/inst_fifo_gen/gconvfifo.rf/grf.rf/gntv_or_sync_fifo.gl0.wr/wpntr/gcc0.gc0.count_reg[4]/C
                         clock pessimism              0.242    12.151    
                         clock uncertainty           -0.176    11.975    
    SLICE_X1Y27          FDCE (Recov_CFF2_SLICEM_C_CLR)
                                                     -0.072    11.903    re2_bd_i/ps8_0_axi_periph/s00_couplers/auto_ds/inst/gen_downsizer.gen_simple_downsizer.axi_downsizer_inst/USE_WRITE.write_addr_inst/cmd_queue/inst/fifo_gen_inst/inst_fifo_gen/gconvfifo.rf/grf.rf/gntv_or_sync_fifo.gl0.wr/wpntr/gcc0.gc0.count_reg[4]
  -------------------------------------------------------------------
                         required time                         11.903    
                         arrival time                          -3.500    
  -------------------------------------------------------------------
                         slack                                  8.402    

Slack (MET) :             8.404ns  (required time - arrival time)
  Source:                 re2_bd_i/ps8_0_axi_periph/s00_couplers/auto_ds/inst/gen_downsizer.gen_simple_downsizer.axi_downsizer_inst/USE_WRITE.write_addr_inst/cmd_queue/inst/fifo_gen_inst/inst_fifo_gen/gconvfifo.rf/grf.rf/rstblk/ngwrdrst.grst.g7serrst.gnsckt_wrst.rst_wr_reg2_inst/arststages_ff_reg[1]/C
                            (rising edge-triggered cell FDPE clocked by clk_pl_0  {rise@0.000ns fall@5.000ns period=10.000ns})
  Destination:            re2_bd_i/ps8_0_axi_periph/s00_couplers/auto_ds/inst/gen_downsizer.gen_simple_downsizer.axi_downsizer_inst/USE_WRITE.write_addr_inst/cmd_queue/inst/fifo_gen_inst/inst_fifo_gen/gconvfifo.rf/grf.rf/gntv_or_sync_fifo.gl0.rd/grss.rsts/ram_empty_i_reg/PRE
                            (recovery check against rising-edge clock clk_pl_0  {rise@0.000ns fall@5.000ns period=10.000ns})
  Path Group:             **async_default**
  Path Type:              Recovery (Max at Slow Process Corner)
  Requirement:            10.000ns  (clk_pl_0 rise@10.000ns - clk_pl_0 rise@0.000ns)
  Data Path Delay:        1.316ns  (logic 0.247ns (18.764%)  route 1.069ns (81.236%))
  Logic Levels:           1  (LUT3=1)
  Clock Path Skew:        -0.031ns (DCD - SCD + CPR)
    Destination Clock Delay (DCD):    1.908ns = ( 11.908 - 10.000 ) 
    Source Clock Delay      (SCD):    2.182ns
    Clock Pessimism Removal (CPR):    0.242ns
  Clock Uncertainty:      0.176ns  ((TSJ^2 + DJ^2)^1/2) / 2 + PE
    Total System Jitter     (TSJ):    0.071ns
    Discrete Jitter          (DJ):    0.344ns
    Phase Error              (PE):    0.000ns
  Clock Net Delay (Source):      1.975ns (routing 0.814ns, distribution 1.161ns)
  Clock Net Delay (Destination): 1.741ns (routing 0.736ns, distribution 1.005ns)

    Location             Delay type                Incr(ns)  Path(ns)    Netlist Resource(s)
  -------------------------------------------------------------------    -------------------
                         (clock clk_pl_0 rise edge)
                                                      0.000     0.000 r  
    PS8_X0Y0             PS8                          0.000     0.000 r  re2_bd_i/zynq_ultra_ps_e_0/inst/PS8_i/PLCLK[0]
                         net (fo=1, routed)           0.178     0.178    re2_bd_i/zynq_ultra_ps_e_0/inst/pl_clk_unbuffered[0]
    BUFG_PS_X0Y67        BUFG_PS (Prop_BUFG_PS_I_O)
                                                      0.029     0.207 r  re2_bd_i/zynq_ultra_ps_e_0/inst/buffer_pl_clk_0.PL_CLK_0_BUFG/O
    X0Y1 (CLOCK_ROOT)    net (fo=41213, routed)       1.975     2.182    re2_bd_i/ps8_0_axi_periph/s00_couplers/auto_ds/inst/gen_downsizer.gen_simple_downsizer.axi_downsizer_inst/USE_WRITE.write_addr_inst/cmd_queue/inst/fifo_gen_inst/inst_fifo_gen/gconvfifo.rf/grf.rf/rstblk/ngwrdrst.grst.g7serrst.gnsckt_wrst.rst_wr_reg2_inst/dest_clk
    SLICE_X2Y25          FDPE                                         r  re2_bd_i/ps8_0_axi_periph/s00_couplers/auto_ds/inst/gen_downsizer.gen_simple_downsizer.axi_downsizer_inst/USE_WRITE.write_addr_inst/cmd_queue/inst/fifo_gen_inst/inst_fifo_gen/gconvfifo.rf/grf.rf/rstblk/ngwrdrst.grst.g7serrst.gnsckt_wrst.rst_wr_reg2_inst/arststages_ff_reg[1]/C
  -------------------------------------------------------------------    -------------------
    SLICE_X2Y25          FDPE (Prop_AFF2_SLICEL_C_Q)
                                                      0.099     2.281 f  re2_bd_i/ps8_0_axi_periph/s00_couplers/auto_ds/inst/gen_downsizer.gen_simple_downsizer.axi_downsizer_inst/USE_WRITE.write_addr_inst/cmd_queue/inst/fifo_gen_inst/inst_fifo_gen/gconvfifo.rf/grf.rf/rstblk/ngwrdrst.grst.g7serrst.gnsckt_wrst.rst_wr_reg2_inst/arststages_ff_reg[1]/Q
                         net (fo=3, routed)           0.352     2.633    re2_bd_i/ps8_0_axi_periph/s00_couplers/auto_ds/inst/gen_downsizer.gen_simple_downsizer.axi_downsizer_inst/USE_WRITE.write_addr_inst/cmd_queue/inst/fifo_gen_inst/inst_fifo_gen/gconvfifo.rf/grf.rf/rstblk/ngwrdrst.rst_wr_reg2
    SLICE_X3Y29          LUT3 (Prop_E6LUT_SLICEL_I2_O)
                                                      0.148     2.781 f  re2_bd_i/ps8_0_axi_periph/s00_couplers/auto_ds/inst/gen_downsizer.gen_simple_downsizer.axi_downsizer_inst/USE_WRITE.write_addr_inst/cmd_queue/inst/fifo_gen_inst/inst_fifo_gen/gconvfifo.rf/grf.rf/rstblk/gpregsm1.curr_fwft_state[1]_i_2/O
                         net (fo=32, routed)          0.717     3.498    re2_bd_i/ps8_0_axi_periph/s00_couplers/auto_ds/inst/gen_downsizer.gen_simple_downsizer.axi_downsizer_inst/USE_WRITE.write_addr_inst/cmd_queue/inst/fifo_gen_inst/inst_fifo_gen/gconvfifo.rf/grf.rf/gntv_or_sync_fifo.gl0.rd/grss.rsts/ram_empty_i_reg_1
    SLICE_X1Y27          FDPE                                         f  re2_bd_i/ps8_0_axi_periph/s00_couplers/auto_ds/inst/gen_downsizer.gen_simple_downsizer.axi_downsizer_inst/USE_WRITE.write_addr_inst/cmd_queue/inst/fifo_gen_inst/inst_fifo_gen/gconvfifo.rf/grf.rf/gntv_or_sync_fifo.gl0.rd/grss.rsts/ram_empty_i_reg/PRE
  -------------------------------------------------------------------    -------------------

                         (clock clk_pl_0 rise edge)
                                                     10.000    10.000 r  
    PS8_X0Y0             PS8                          0.000    10.000 r  re2_bd_i/zynq_ultra_ps_e_0/inst/PS8_i/PLCLK[0]
                         net (fo=1, routed)           0.140    10.140    re2_bd_i/zynq_ultra_ps_e_0/inst/pl_clk_unbuffered[0]
    BUFG_PS_X0Y67        BUFG_PS (Prop_BUFG_PS_I_O)
                                                      0.027    10.167 r  re2_bd_i/zynq_ultra_ps_e_0/inst/buffer_pl_clk_0.PL_CLK_0_BUFG/O
    X0Y1 (CLOCK_ROOT)    net (fo=41213, routed)       1.741    11.908    re2_bd_i/ps8_0_axi_periph/s00_couplers/auto_ds/inst/gen_downsizer.gen_simple_downsizer.axi_downsizer_inst/USE_WRITE.write_addr_inst/cmd_queue/inst/fifo_gen_inst/inst_fifo_gen/gconvfifo.rf/grf.rf/gntv_or_sync_fifo.gl0.rd/grss.rsts/clk
    SLICE_X1Y27          FDPE                                         r  re2_bd_i/ps8_0_axi_periph/s00_couplers/auto_ds/inst/gen_downsizer.gen_simple_downsizer.axi_downsizer_inst/USE_WRITE.write_addr_inst/cmd_queue/inst/fifo_gen_inst/inst_fifo_gen/gconvfifo.rf/grf.rf/gntv_or_sync_fifo.gl0.rd/grss.rsts/ram_empty_i_reg/C
                         clock pessimism              0.242    12.151    
                         clock uncertainty           -0.176    11.975    
    SLICE_X1Y27          FDPE (Recov_HFF_SLICEM_C_PRE)
                                                     -0.072    11.903    re2_bd_i/ps8_0_axi_periph/s00_couplers/auto_ds/inst/gen_downsizer.gen_simple_downsizer.axi_downsizer_inst/USE_WRITE.write_addr_inst/cmd_queue/inst/fifo_gen_inst/inst_fifo_gen/gconvfifo.rf/grf.rf/gntv_or_sync_fifo.gl0.rd/grss.rsts/ram_empty_i_reg
  -------------------------------------------------------------------
                         required time                         11.903    
                         arrival time                          -3.498    
  -------------------------------------------------------------------
                         slack                                  8.404    

Slack (MET) :             8.404ns  (required time - arrival time)
  Source:                 re2_bd_i/ps8_0_axi_periph/s00_couplers/auto_ds/inst/gen_downsizer.gen_simple_downsizer.axi_downsizer_inst/USE_WRITE.write_addr_inst/cmd_queue/inst/fifo_gen_inst/inst_fifo_gen/gconvfifo.rf/grf.rf/rstblk/ngwrdrst.grst.g7serrst.gnsckt_wrst.rst_wr_reg2_inst/arststages_ff_reg[1]/C
                            (rising edge-triggered cell FDPE clocked by clk_pl_0  {rise@0.000ns fall@5.000ns period=10.000ns})
  Destination:            re2_bd_i/ps8_0_axi_periph/s00_couplers/auto_ds/inst/gen_downsizer.gen_simple_downsizer.axi_downsizer_inst/USE_WRITE.write_addr_inst/cmd_queue/inst/fifo_gen_inst/inst_fifo_gen/gconvfifo.rf/grf.rf/gntv_or_sync_fifo.gl0.wr/wpntr/gcc0.gc0.count_d1_reg[2]/CLR
                            (recovery check against rising-edge clock clk_pl_0  {rise@0.000ns fall@5.000ns period=10.000ns})
  Path Group:             **async_default**
  Path Type:              Recovery (Max at Slow Process Corner)
  Requirement:            10.000ns  (clk_pl_0 rise@10.000ns - clk_pl_0 rise@0.000ns)
  Data Path Delay:        1.316ns  (logic 0.247ns (18.764%)  route 1.069ns (81.236%))
  Logic Levels:           1  (LUT3=1)
  Clock Path Skew:        -0.031ns (DCD - SCD + CPR)
    Destination Clock Delay (DCD):    1.908ns = ( 11.908 - 10.000 ) 
    Source Clock Delay      (SCD):    2.182ns
    Clock Pessimism Removal (CPR):    0.242ns
  Clock Uncertainty:      0.176ns  ((TSJ^2 + DJ^2)^1/2) / 2 + PE
    Total System Jitter     (TSJ):    0.071ns
    Discrete Jitter          (DJ):    0.344ns
    Phase Error              (PE):    0.000ns
  Clock Net Delay (Source):      1.975ns (routing 0.814ns, distribution 1.161ns)
  Clock Net Delay (Destination): 1.741ns (routing 0.736ns, distribution 1.005ns)

    Location             Delay type                Incr(ns)  Path(ns)    Netlist Resource(s)
  -------------------------------------------------------------------    -------------------
                         (clock clk_pl_0 rise edge)
                                                      0.000     0.000 r  
    PS8_X0Y0             PS8                          0.000     0.000 r  re2_bd_i/zynq_ultra_ps_e_0/inst/PS8_i/PLCLK[0]
                         net (fo=1, routed)           0.178     0.178    re2_bd_i/zynq_ultra_ps_e_0/inst/pl_clk_unbuffered[0]
    BUFG_PS_X0Y67        BUFG_PS (Prop_BUFG_PS_I_O)
                                                      0.029     0.207 r  re2_bd_i/zynq_ultra_ps_e_0/inst/buffer_pl_clk_0.PL_CLK_0_BUFG/O
    X0Y1 (CLOCK_ROOT)    net (fo=41213, routed)       1.975     2.182    re2_bd_i/ps8_0_axi_periph/s00_couplers/auto_ds/inst/gen_downsizer.gen_simple_downsizer.axi_downsizer_inst/USE_WRITE.write_addr_inst/cmd_queue/inst/fifo_gen_inst/inst_fifo_gen/gconvfifo.rf/grf.rf/rstblk/ngwrdrst.grst.g7serrst.gnsckt_wrst.rst_wr_reg2_inst/dest_clk
    SLICE_X2Y25          FDPE                                         r  re2_bd_i/ps8_0_axi_periph/s00_couplers/auto_ds/inst/gen_downsizer.gen_simple_downsizer.axi_downsizer_inst/USE_WRITE.write_addr_inst/cmd_queue/inst/fifo_gen_inst/inst_fifo_gen/gconvfifo.rf/grf.rf/rstblk/ngwrdrst.grst.g7serrst.gnsckt_wrst.rst_wr_reg2_inst/arststages_ff_reg[1]/C
  -------------------------------------------------------------------    -------------------
    SLICE_X2Y25          FDPE (Prop_AFF2_SLICEL_C_Q)
                                                      0.099     2.281 f  re2_bd_i/ps8_0_axi_periph/s00_couplers/auto_ds/inst/gen_downsizer.gen_simple_downsizer.axi_downsizer_inst/USE_WRITE.write_addr_inst/cmd_queue/inst/fifo_gen_inst/inst_fifo_gen/gconvfifo.rf/grf.rf/rstblk/ngwrdrst.grst.g7serrst.gnsckt_wrst.rst_wr_reg2_inst/arststages_ff_reg[1]/Q
                         net (fo=3, routed)           0.352     2.633    re2_bd_i/ps8_0_axi_periph/s00_couplers/auto_ds/inst/gen_downsizer.gen_simple_downsizer.axi_downsizer_inst/USE_WRITE.write_addr_inst/cmd_queue/inst/fifo_gen_inst/inst_fifo_gen/gconvfifo.rf/grf.rf/rstblk/ngwrdrst.rst_wr_reg2
    SLICE_X3Y29          LUT3 (Prop_E6LUT_SLICEL_I2_O)
                                                      0.148     2.781 f  re2_bd_i/ps8_0_axi_periph/s00_couplers/auto_ds/inst/gen_downsizer.gen_simple_downsizer.axi_downsizer_inst/USE_WRITE.write_addr_inst/cmd_queue/inst/fifo_gen_inst/inst_fifo_gen/gconvfifo.rf/grf.rf/rstblk/gpregsm1.curr_fwft_state[1]_i_2/O
                         net (fo=32, routed)          0.717     3.498    re2_bd_i/ps8_0_axi_periph/s00_couplers/auto_ds/inst/gen_downsizer.gen_simple_downsizer.axi_downsizer_inst/USE_WRITE.write_addr_inst/cmd_queue/inst/fifo_gen_inst/inst_fifo_gen/gconvfifo.rf/grf.rf/gntv_or_sync_fifo.gl0.wr/wpntr/AR[0]
    SLICE_X1Y27          FDCE                                         f  re2_bd_i/ps8_0_axi_periph/s00_couplers/auto_ds/inst/gen_downsizer.gen_simple_downsizer.axi_downsizer_inst/USE_WRITE.write_addr_inst/cmd_queue/inst/fifo_gen_inst/inst_fifo_gen/gconvfifo.rf/grf.rf/gntv_or_sync_fifo.gl0.wr/wpntr/gcc0.gc0.count_d1_reg[2]/CLR
  -------------------------------------------------------------------    -------------------

                         (clock clk_pl_0 rise edge)
                                                     10.000    10.000 r  
    PS8_X0Y0             PS8                          0.000    10.000 r  re2_bd_i/zynq_ultra_ps_e_0/inst/PS8_i/PLCLK[0]
                         net (fo=1, routed)           0.140    10.140    re2_bd_i/zynq_ultra_ps_e_0/inst/pl_clk_unbuffered[0]
    BUFG_PS_X0Y67        BUFG_PS (Prop_BUFG_PS_I_O)
                                                      0.027    10.167 r  re2_bd_i/zynq_ultra_ps_e_0/inst/buffer_pl_clk_0.PL_CLK_0_BUFG/O
    X0Y1 (CLOCK_ROOT)    net (fo=41213, routed)       1.741    11.908    re2_bd_i/ps8_0_axi_periph/s00_couplers/auto_ds/inst/gen_downsizer.gen_simple_downsizer.axi_downsizer_inst/USE_WRITE.write_addr_inst/cmd_queue/inst/fifo_gen_inst/inst_fifo_gen/gconvfifo.rf/grf.rf/gntv_or_sync_fifo.gl0.wr/wpntr/clk
    SLICE_X1Y27          FDCE                                         r  re2_bd_i/ps8_0_axi_periph/s00_couplers/auto_ds/inst/gen_downsizer.gen_simple_downsizer.axi_downsizer_inst/USE_WRITE.write_addr_inst/cmd_queue/inst/fifo_gen_inst/inst_fifo_gen/gconvfifo.rf/grf.rf/gntv_or_sync_fifo.gl0.wr/wpntr/gcc0.gc0.count_d1_reg[2]/C
                         clock pessimism              0.242    12.151    
                         clock uncertainty           -0.176    11.975    
    SLICE_X1Y27          FDCE (Recov_HFF2_SLICEM_C_CLR)
                                                     -0.072    11.903    re2_bd_i/ps8_0_axi_periph/s00_couplers/auto_ds/inst/gen_downsizer.gen_simple_downsizer.axi_downsizer_inst/USE_WRITE.write_addr_inst/cmd_queue/inst/fifo_gen_inst/inst_fifo_gen/gconvfifo.rf/grf.rf/gntv_or_sync_fifo.gl0.wr/wpntr/gcc0.gc0.count_d1_reg[2]
  -------------------------------------------------------------------
                         required time                         11.903    
                         arrival time                          -3.498    
  -------------------------------------------------------------------
                         slack                                  8.404    

Slack (MET) :             8.404ns  (required time - arrival time)
  Source:                 re2_bd_i/ps8_0_axi_periph/s00_couplers/auto_ds/inst/gen_downsizer.gen_simple_downsizer.axi_downsizer_inst/USE_WRITE.write_addr_inst/cmd_queue/inst/fifo_gen_inst/inst_fifo_gen/gconvfifo.rf/grf.rf/rstblk/ngwrdrst.grst.g7serrst.gnsckt_wrst.rst_wr_reg2_inst/arststages_ff_reg[1]/C
                            (rising edge-triggered cell FDPE clocked by clk_pl_0  {rise@0.000ns fall@5.000ns period=10.000ns})
  Destination:            re2_bd_i/ps8_0_axi_periph/s00_couplers/auto_ds/inst/gen_downsizer.gen_simple_downsizer.axi_downsizer_inst/USE_WRITE.write_addr_inst/cmd_queue/inst/fifo_gen_inst/inst_fifo_gen/gconvfifo.rf/grf.rf/gntv_or_sync_fifo.gl0.wr/wpntr/gcc0.gc0.count_d1_reg[3]/CLR
                            (recovery check against rising-edge clock clk_pl_0  {rise@0.000ns fall@5.000ns period=10.000ns})
  Path Group:             **async_default**
  Path Type:              Recovery (Max at Slow Process Corner)
  Requirement:            10.000ns  (clk_pl_0 rise@10.000ns - clk_pl_0 rise@0.000ns)
  Data Path Delay:        1.316ns  (logic 0.247ns (18.764%)  route 1.069ns (81.236%))
  Logic Levels:           1  (LUT3=1)
  Clock Path Skew:        -0.031ns (DCD - SCD + CPR)
    Destination Clock Delay (DCD):    1.908ns = ( 11.908 - 10.000 ) 
    Source Clock Delay      (SCD):    2.182ns
    Clock Pessimism Removal (CPR):    0.242ns
  Clock Uncertainty:      0.176ns  ((TSJ^2 + DJ^2)^1/2) / 2 + PE
    Total System Jitter     (TSJ):    0.071ns
    Discrete Jitter          (DJ):    0.344ns
    Phase Error              (PE):    0.000ns
  Clock Net Delay (Source):      1.975ns (routing 0.814ns, distribution 1.161ns)
  Clock Net Delay (Destination): 1.741ns (routing 0.736ns, distribution 1.005ns)

    Location             Delay type                Incr(ns)  Path(ns)    Netlist Resource(s)
  -------------------------------------------------------------------    -------------------
                         (clock clk_pl_0 rise edge)
                                                      0.000     0.000 r  
    PS8_X0Y0             PS8                          0.000     0.000 r  re2_bd_i/zynq_ultra_ps_e_0/inst/PS8_i/PLCLK[0]
                         net (fo=1, routed)           0.178     0.178    re2_bd_i/zynq_ultra_ps_e_0/inst/pl_clk_unbuffered[0]
    BUFG_PS_X0Y67        BUFG_PS (Prop_BUFG_PS_I_O)
                                                      0.029     0.207 r  re2_bd_i/zynq_ultra_ps_e_0/inst/buffer_pl_clk_0.PL_CLK_0_BUFG/O
    X0Y1 (CLOCK_ROOT)    net (fo=41213, routed)       1.975     2.182    re2_bd_i/ps8_0_axi_periph/s00_couplers/auto_ds/inst/gen_downsizer.gen_simple_downsizer.axi_downsizer_inst/USE_WRITE.write_addr_inst/cmd_queue/inst/fifo_gen_inst/inst_fifo_gen/gconvfifo.rf/grf.rf/rstblk/ngwrdrst.grst.g7serrst.gnsckt_wrst.rst_wr_reg2_inst/dest_clk
    SLICE_X2Y25          FDPE                                         r  re2_bd_i/ps8_0_axi_periph/s00_couplers/auto_ds/inst/gen_downsizer.gen_simple_downsizer.axi_downsizer_inst/USE_WRITE.write_addr_inst/cmd_queue/inst/fifo_gen_inst/inst_fifo_gen/gconvfifo.rf/grf.rf/rstblk/ngwrdrst.grst.g7serrst.gnsckt_wrst.rst_wr_reg2_inst/arststages_ff_reg[1]/C
  -------------------------------------------------------------------    -------------------
    SLICE_X2Y25          FDPE (Prop_AFF2_SLICEL_C_Q)
                                                      0.099     2.281 f  re2_bd_i/ps8_0_axi_periph/s00_couplers/auto_ds/inst/gen_downsizer.gen_simple_downsizer.axi_downsizer_inst/USE_WRITE.write_addr_inst/cmd_queue/inst/fifo_gen_inst/inst_fifo_gen/gconvfifo.rf/grf.rf/rstblk/ngwrdrst.grst.g7serrst.gnsckt_wrst.rst_wr_reg2_inst/arststages_ff_reg[1]/Q
                         net (fo=3, routed)           0.352     2.633    re2_bd_i/ps8_0_axi_periph/s00_couplers/auto_ds/inst/gen_downsizer.gen_simple_downsizer.axi_downsizer_inst/USE_WRITE.write_addr_inst/cmd_queue/inst/fifo_gen_inst/inst_fifo_gen/gconvfifo.rf/grf.rf/rstblk/ngwrdrst.rst_wr_reg2
    SLICE_X3Y29          LUT3 (Prop_E6LUT_SLICEL_I2_O)
                                                      0.148     2.781 f  re2_bd_i/ps8_0_axi_periph/s00_couplers/auto_ds/inst/gen_downsizer.gen_simple_downsizer.axi_downsizer_inst/USE_WRITE.write_addr_inst/cmd_queue/inst/fifo_gen_inst/inst_fifo_gen/gconvfifo.rf/grf.rf/rstblk/gpregsm1.curr_fwft_state[1]_i_2/O
                         net (fo=32, routed)          0.717     3.498    re2_bd_i/ps8_0_axi_periph/s00_couplers/auto_ds/inst/gen_downsizer.gen_simple_downsizer.axi_downsizer_inst/USE_WRITE.write_addr_inst/cmd_queue/inst/fifo_gen_inst/inst_fifo_gen/gconvfifo.rf/grf.rf/gntv_or_sync_fifo.gl0.wr/wpntr/AR[0]
    SLICE_X1Y27          FDCE                                         f  re2_bd_i/ps8_0_axi_periph/s00_couplers/auto_ds/inst/gen_downsizer.gen_simple_downsizer.axi_downsizer_inst/USE_WRITE.write_addr_inst/cmd_queue/inst/fifo_gen_inst/inst_fifo_gen/gconvfifo.rf/grf.rf/gntv_or_sync_fifo.gl0.wr/wpntr/gcc0.gc0.count_d1_reg[3]/CLR
  -------------------------------------------------------------------    -------------------

                         (clock clk_pl_0 rise edge)
                                                     10.000    10.000 r  
    PS8_X0Y0             PS8                          0.000    10.000 r  re2_bd_i/zynq_ultra_ps_e_0/inst/PS8_i/PLCLK[0]
                         net (fo=1, routed)           0.140    10.140    re2_bd_i/zynq_ultra_ps_e_0/inst/pl_clk_unbuffered[0]
    BUFG_PS_X0Y67        BUFG_PS (Prop_BUFG_PS_I_O)
                                                      0.027    10.167 r  re2_bd_i/zynq_ultra_ps_e_0/inst/buffer_pl_clk_0.PL_CLK_0_BUFG/O
    X0Y1 (CLOCK_ROOT)    net (fo=41213, routed)       1.741    11.908    re2_bd_i/ps8_0_axi_periph/s00_couplers/auto_ds/inst/gen_downsizer.gen_simple_downsizer.axi_downsizer_inst/USE_WRITE.write_addr_inst/cmd_queue/inst/fifo_gen_inst/inst_fifo_gen/gconvfifo.rf/grf.rf/gntv_or_sync_fifo.gl0.wr/wpntr/clk
    SLICE_X1Y27          FDCE                                         r  re2_bd_i/ps8_0_axi_periph/s00_couplers/auto_ds/inst/gen_downsizer.gen_simple_downsizer.axi_downsizer_inst/USE_WRITE.write_addr_inst/cmd_queue/inst/fifo_gen_inst/inst_fifo_gen/gconvfifo.rf/grf.rf/gntv_or_sync_fifo.gl0.wr/wpntr/gcc0.gc0.count_d1_reg[3]/C
                         clock pessimism              0.242    12.151    
                         clock uncertainty           -0.176    11.975    
    SLICE_X1Y27          FDCE (Recov_GFF2_SLICEM_C_CLR)
                                                     -0.072    11.903    re2_bd_i/ps8_0_axi_periph/s00_couplers/auto_ds/inst/gen_downsizer.gen_simple_downsizer.axi_downsizer_inst/USE_WRITE.write_addr_inst/cmd_queue/inst/fifo_gen_inst/inst_fifo_gen/gconvfifo.rf/grf.rf/gntv_or_sync_fifo.gl0.wr/wpntr/gcc0.gc0.count_d1_reg[3]
  -------------------------------------------------------------------
                         required time                         11.903    
                         arrival time                          -3.498    
  -------------------------------------------------------------------
                         slack                                  8.404    

Slack (MET) :             8.404ns  (required time - arrival time)
  Source:                 re2_bd_i/ps8_0_axi_periph/s00_couplers/auto_ds/inst/gen_downsizer.gen_simple_downsizer.axi_downsizer_inst/USE_WRITE.write_addr_inst/cmd_queue/inst/fifo_gen_inst/inst_fifo_gen/gconvfifo.rf/grf.rf/rstblk/ngwrdrst.grst.g7serrst.gnsckt_wrst.rst_wr_reg2_inst/arststages_ff_reg[1]/C
                            (rising edge-triggered cell FDPE clocked by clk_pl_0  {rise@0.000ns fall@5.000ns period=10.000ns})
  Destination:            re2_bd_i/ps8_0_axi_periph/s00_couplers/auto_ds/inst/gen_downsizer.gen_simple_downsizer.axi_downsizer_inst/USE_WRITE.write_addr_inst/cmd_queue/inst/fifo_gen_inst/inst_fifo_gen/gconvfifo.rf/grf.rf/gntv_or_sync_fifo.gl0.wr/wpntr/gcc0.gc0.count_d1_reg[4]/CLR
                            (recovery check against rising-edge clock clk_pl_0  {rise@0.000ns fall@5.000ns period=10.000ns})
  Path Group:             **async_default**
  Path Type:              Recovery (Max at Slow Process Corner)
  Requirement:            10.000ns  (clk_pl_0 rise@10.000ns - clk_pl_0 rise@0.000ns)
  Data Path Delay:        1.316ns  (logic 0.247ns (18.764%)  route 1.069ns (81.236%))
  Logic Levels:           1  (LUT3=1)
  Clock Path Skew:        -0.031ns (DCD - SCD + CPR)
    Destination Clock Delay (DCD):    1.908ns = ( 11.908 - 10.000 ) 
    Source Clock Delay      (SCD):    2.182ns
    Clock Pessimism Removal (CPR):    0.242ns
  Clock Uncertainty:      0.176ns  ((TSJ^2 + DJ^2)^1/2) / 2 + PE
    Total System Jitter     (TSJ):    0.071ns
    Discrete Jitter          (DJ):    0.344ns
    Phase Error              (PE):    0.000ns
  Clock Net Delay (Source):      1.975ns (routing 0.814ns, distribution 1.161ns)
  Clock Net Delay (Destination): 1.741ns (routing 0.736ns, distribution 1.005ns)

    Location             Delay type                Incr(ns)  Path(ns)    Netlist Resource(s)
  -------------------------------------------------------------------    -------------------
                         (clock clk_pl_0 rise edge)
                                                      0.000     0.000 r  
    PS8_X0Y0             PS8                          0.000     0.000 r  re2_bd_i/zynq_ultra_ps_e_0/inst/PS8_i/PLCLK[0]
                         net (fo=1, routed)           0.178     0.178    re2_bd_i/zynq_ultra_ps_e_0/inst/pl_clk_unbuffered[0]
    BUFG_PS_X0Y67        BUFG_PS (Prop_BUFG_PS_I_O)
                                                      0.029     0.207 r  re2_bd_i/zynq_ultra_ps_e_0/inst/buffer_pl_clk_0.PL_CLK_0_BUFG/O
    X0Y1 (CLOCK_ROOT)    net (fo=41213, routed)       1.975     2.182    re2_bd_i/ps8_0_axi_periph/s00_couplers/auto_ds/inst/gen_downsizer.gen_simple_downsizer.axi_downsizer_inst/USE_WRITE.write_addr_inst/cmd_queue/inst/fifo_gen_inst/inst_fifo_gen/gconvfifo.rf/grf.rf/rstblk/ngwrdrst.grst.g7serrst.gnsckt_wrst.rst_wr_reg2_inst/dest_clk
    SLICE_X2Y25          FDPE                                         r  re2_bd_i/ps8_0_axi_periph/s00_couplers/auto_ds/inst/gen_downsizer.gen_simple_downsizer.axi_downsizer_inst/USE_WRITE.write_addr_inst/cmd_queue/inst/fifo_gen_inst/inst_fifo_gen/gconvfifo.rf/grf.rf/rstblk/ngwrdrst.grst.g7serrst.gnsckt_wrst.rst_wr_reg2_inst/arststages_ff_reg[1]/C
  -------------------------------------------------------------------    -------------------
    SLICE_X2Y25          FDPE (Prop_AFF2_SLICEL_C_Q)
                                                      0.099     2.281 f  re2_bd_i/ps8_0_axi_periph/s00_couplers/auto_ds/inst/gen_downsizer.gen_simple_downsizer.axi_downsizer_inst/USE_WRITE.write_addr_inst/cmd_queue/inst/fifo_gen_inst/inst_fifo_gen/gconvfifo.rf/grf.rf/rstblk/ngwrdrst.grst.g7serrst.gnsckt_wrst.rst_wr_reg2_inst/arststages_ff_reg[1]/Q
                         net (fo=3, routed)           0.352     2.633    re2_bd_i/ps8_0_axi_periph/s00_couplers/auto_ds/inst/gen_downsizer.gen_simple_downsizer.axi_downsizer_inst/USE_WRITE.write_addr_inst/cmd_queue/inst/fifo_gen_inst/inst_fifo_gen/gconvfifo.rf/grf.rf/rstblk/ngwrdrst.rst_wr_reg2
    SLICE_X3Y29          LUT3 (Prop_E6LUT_SLICEL_I2_O)
                                                      0.148     2.781 f  re2_bd_i/ps8_0_axi_periph/s00_couplers/auto_ds/inst/gen_downsizer.gen_simple_downsizer.axi_downsizer_inst/USE_WRITE.write_addr_inst/cmd_queue/inst/fifo_gen_inst/inst_fifo_gen/gconvfifo.rf/grf.rf/rstblk/gpregsm1.curr_fwft_state[1]_i_2/O
                         net (fo=32, routed)          0.717     3.498    re2_bd_i/ps8_0_axi_periph/s00_couplers/auto_ds/inst/gen_downsizer.gen_simple_downsizer.axi_downsizer_inst/USE_WRITE.write_addr_inst/cmd_queue/inst/fifo_gen_inst/inst_fifo_gen/gconvfifo.rf/grf.rf/gntv_or_sync_fifo.gl0.wr/wpntr/AR[0]
    SLICE_X1Y27          FDCE                                         f  re2_bd_i/ps8_0_axi_periph/s00_couplers/auto_ds/inst/gen_downsizer.gen_simple_downsizer.axi_downsizer_inst/USE_WRITE.write_addr_inst/cmd_queue/inst/fifo_gen_inst/inst_fifo_gen/gconvfifo.rf/grf.rf/gntv_or_sync_fifo.gl0.wr/wpntr/gcc0.gc0.count_d1_reg[4]/CLR
  -------------------------------------------------------------------    -------------------

                         (clock clk_pl_0 rise edge)
                                                     10.000    10.000 r  
    PS8_X0Y0             PS8                          0.000    10.000 r  re2_bd_i/zynq_ultra_ps_e_0/inst/PS8_i/PLCLK[0]
                         net (fo=1, routed)           0.140    10.140    re2_bd_i/zynq_ultra_ps_e_0/inst/pl_clk_unbuffered[0]
    BUFG_PS_X0Y67        BUFG_PS (Prop_BUFG_PS_I_O)
                                                      0.027    10.167 r  re2_bd_i/zynq_ultra_ps_e_0/inst/buffer_pl_clk_0.PL_CLK_0_BUFG/O
    X0Y1 (CLOCK_ROOT)    net (fo=41213, routed)       1.741    11.908    re2_bd_i/ps8_0_axi_periph/s00_couplers/auto_ds/inst/gen_downsizer.gen_simple_downsizer.axi_downsizer_inst/USE_WRITE.write_addr_inst/cmd_queue/inst/fifo_gen_inst/inst_fifo_gen/gconvfifo.rf/grf.rf/gntv_or_sync_fifo.gl0.wr/wpntr/clk
    SLICE_X1Y27          FDCE                                         r  re2_bd_i/ps8_0_axi_periph/s00_couplers/auto_ds/inst/gen_downsizer.gen_simple_downsizer.axi_downsizer_inst/USE_WRITE.write_addr_inst/cmd_queue/inst/fifo_gen_inst/inst_fifo_gen/gconvfifo.rf/grf.rf/gntv_or_sync_fifo.gl0.wr/wpntr/gcc0.gc0.count_d1_reg[4]/C
                         clock pessimism              0.242    12.151    
                         clock uncertainty           -0.176    11.975    
    SLICE_X1Y27          FDCE (Recov_FFF2_SLICEM_C_CLR)
                                                     -0.072    11.903    re2_bd_i/ps8_0_axi_periph/s00_couplers/auto_ds/inst/gen_downsizer.gen_simple_downsizer.axi_downsizer_inst/USE_WRITE.write_addr_inst/cmd_queue/inst/fifo_gen_inst/inst_fifo_gen/gconvfifo.rf/grf.rf/gntv_or_sync_fifo.gl0.wr/wpntr/gcc0.gc0.count_d1_reg[4]
  -------------------------------------------------------------------
                         required time                         11.903    
                         arrival time                          -3.498    
  -------------------------------------------------------------------
                         slack                                  8.404    

Slack (MET) :             8.404ns  (required time - arrival time)
  Source:                 re2_bd_i/ps8_0_axi_periph/s00_couplers/auto_ds/inst/gen_downsizer.gen_simple_downsizer.axi_downsizer_inst/USE_WRITE.write_addr_inst/cmd_queue/inst/fifo_gen_inst/inst_fifo_gen/gconvfifo.rf/grf.rf/rstblk/ngwrdrst.grst.g7serrst.gnsckt_wrst.rst_wr_reg2_inst/arststages_ff_reg[1]/C
                            (rising edge-triggered cell FDPE clocked by clk_pl_0  {rise@0.000ns fall@5.000ns period=10.000ns})
  Destination:            re2_bd_i/ps8_0_axi_periph/s00_couplers/auto_ds/inst/gen_downsizer.gen_simple_downsizer.axi_downsizer_inst/USE_WRITE.write_addr_inst/cmd_queue/inst/fifo_gen_inst/inst_fifo_gen/gconvfifo.rf/grf.rf/gntv_or_sync_fifo.gl0.wr/wpntr/gcc0.gc0.count_reg[1]/CLR
                            (recovery check against rising-edge clock clk_pl_0  {rise@0.000ns fall@5.000ns period=10.000ns})
  Path Group:             **async_default**
  Path Type:              Recovery (Max at Slow Process Corner)
  Requirement:            10.000ns  (clk_pl_0 rise@10.000ns - clk_pl_0 rise@0.000ns)
  Data Path Delay:        1.316ns  (logic 0.247ns (18.764%)  route 1.069ns (81.236%))
  Logic Levels:           1  (LUT3=1)
  Clock Path Skew:        -0.031ns (DCD - SCD + CPR)
    Destination Clock Delay (DCD):    1.908ns = ( 11.908 - 10.000 ) 
    Source Clock Delay      (SCD):    2.182ns
    Clock Pessimism Removal (CPR):    0.242ns
  Clock Uncertainty:      0.176ns  ((TSJ^2 + DJ^2)^1/2) / 2 + PE
    Total System Jitter     (TSJ):    0.071ns
    Discrete Jitter          (DJ):    0.344ns
    Phase Error              (PE):    0.000ns
  Clock Net Delay (Source):      1.975ns (routing 0.814ns, distribution 1.161ns)
  Clock Net Delay (Destination): 1.741ns (routing 0.736ns, distribution 1.005ns)

    Location             Delay type                Incr(ns)  Path(ns)    Netlist Resource(s)
  -------------------------------------------------------------------    -------------------
                         (clock clk_pl_0 rise edge)
                                                      0.000     0.000 r  
    PS8_X0Y0             PS8                          0.000     0.000 r  re2_bd_i/zynq_ultra_ps_e_0/inst/PS8_i/PLCLK[0]
                         net (fo=1, routed)           0.178     0.178    re2_bd_i/zynq_ultra_ps_e_0/inst/pl_clk_unbuffered[0]
    BUFG_PS_X0Y67        BUFG_PS (Prop_BUFG_PS_I_O)
                                                      0.029     0.207 r  re2_bd_i/zynq_ultra_ps_e_0/inst/buffer_pl_clk_0.PL_CLK_0_BUFG/O
    X0Y1 (CLOCK_ROOT)    net (fo=41213, routed)       1.975     2.182    re2_bd_i/ps8_0_axi_periph/s00_couplers/auto_ds/inst/gen_downsizer.gen_simple_downsizer.axi_downsizer_inst/USE_WRITE.write_addr_inst/cmd_queue/inst/fifo_gen_inst/inst_fifo_gen/gconvfifo.rf/grf.rf/rstblk/ngwrdrst.grst.g7serrst.gnsckt_wrst.rst_wr_reg2_inst/dest_clk
    SLICE_X2Y25          FDPE                                         r  re2_bd_i/ps8_0_axi_periph/s00_couplers/auto_ds/inst/gen_downsizer.gen_simple_downsizer.axi_downsizer_inst/USE_WRITE.write_addr_inst/cmd_queue/inst/fifo_gen_inst/inst_fifo_gen/gconvfifo.rf/grf.rf/rstblk/ngwrdrst.grst.g7serrst.gnsckt_wrst.rst_wr_reg2_inst/arststages_ff_reg[1]/C
  -------------------------------------------------------------------    -------------------
    SLICE_X2Y25          FDPE (Prop_AFF2_SLICEL_C_Q)
                                                      0.099     2.281 f  re2_bd_i/ps8_0_axi_periph/s00_couplers/auto_ds/inst/gen_downsizer.gen_simple_downsizer.axi_downsizer_inst/USE_WRITE.write_addr_inst/cmd_queue/inst/fifo_gen_inst/inst_fifo_gen/gconvfifo.rf/grf.rf/rstblk/ngwrdrst.grst.g7serrst.gnsckt_wrst.rst_wr_reg2_inst/arststages_ff_reg[1]/Q
                         net (fo=3, routed)           0.352     2.633    re2_bd_i/ps8_0_axi_periph/s00_couplers/auto_ds/inst/gen_downsizer.gen_simple_downsizer.axi_downsizer_inst/USE_WRITE.write_addr_inst/cmd_queue/inst/fifo_gen_inst/inst_fifo_gen/gconvfifo.rf/grf.rf/rstblk/ngwrdrst.rst_wr_reg2
    SLICE_X3Y29          LUT3 (Prop_E6LUT_SLICEL_I2_O)
                                                      0.148     2.781 f  re2_bd_i/ps8_0_axi_periph/s00_couplers/auto_ds/inst/gen_downsizer.gen_simple_downsizer.axi_downsizer_inst/USE_WRITE.write_addr_inst/cmd_queue/inst/fifo_gen_inst/inst_fifo_gen/gconvfifo.rf/grf.rf/rstblk/gpregsm1.curr_fwft_state[1]_i_2/O
                         net (fo=32, routed)          0.717     3.498    re2_bd_i/ps8_0_axi_periph/s00_couplers/auto_ds/inst/gen_downsizer.gen_simple_downsizer.axi_downsizer_inst/USE_WRITE.write_addr_inst/cmd_queue/inst/fifo_gen_inst/inst_fifo_gen/gconvfifo.rf/grf.rf/gntv_or_sync_fifo.gl0.wr/wpntr/AR[0]
    SLICE_X1Y27          FDCE                                         f  re2_bd_i/ps8_0_axi_periph/s00_couplers/auto_ds/inst/gen_downsizer.gen_simple_downsizer.axi_downsizer_inst/USE_WRITE.write_addr_inst/cmd_queue/inst/fifo_gen_inst/inst_fifo_gen/gconvfifo.rf/grf.rf/gntv_or_sync_fifo.gl0.wr/wpntr/gcc0.gc0.count_reg[1]/CLR
  -------------------------------------------------------------------    -------------------

                         (clock clk_pl_0 rise edge)
                                                     10.000    10.000 r  
    PS8_X0Y0             PS8                          0.000    10.000 r  re2_bd_i/zynq_ultra_ps_e_0/inst/PS8_i/PLCLK[0]
                         net (fo=1, routed)           0.140    10.140    re2_bd_i/zynq_ultra_ps_e_0/inst/pl_clk_unbuffered[0]
    BUFG_PS_X0Y67        BUFG_PS (Prop_BUFG_PS_I_O)
                                                      0.027    10.167 r  re2_bd_i/zynq_ultra_ps_e_0/inst/buffer_pl_clk_0.PL_CLK_0_BUFG/O
    X0Y1 (CLOCK_ROOT)    net (fo=41213, routed)       1.741    11.908    re2_bd_i/ps8_0_axi_periph/s00_couplers/auto_ds/inst/gen_downsizer.gen_simple_downsizer.axi_downsizer_inst/USE_WRITE.write_addr_inst/cmd_queue/inst/fifo_gen_inst/inst_fifo_gen/gconvfifo.rf/grf.rf/gntv_or_sync_fifo.gl0.wr/wpntr/clk
    SLICE_X1Y27          FDCE                                         r  re2_bd_i/ps8_0_axi_periph/s00_couplers/auto_ds/inst/gen_downsizer.gen_simple_downsizer.axi_downsizer_inst/USE_WRITE.write_addr_inst/cmd_queue/inst/fifo_gen_inst/inst_fifo_gen/gconvfifo.rf/grf.rf/gntv_or_sync_fifo.gl0.wr/wpntr/gcc0.gc0.count_reg[1]/C
                         clock pessimism              0.242    12.151    
                         clock uncertainty           -0.176    11.975    
    SLICE_X1Y27          FDCE (Recov_EFF2_SLICEM_C_CLR)
                                                     -0.072    11.903    re2_bd_i/ps8_0_axi_periph/s00_couplers/auto_ds/inst/gen_downsizer.gen_simple_downsizer.axi_downsizer_inst/USE_WRITE.write_addr_inst/cmd_queue/inst/fifo_gen_inst/inst_fifo_gen/gconvfifo.rf/grf.rf/gntv_or_sync_fifo.gl0.wr/wpntr/gcc0.gc0.count_reg[1]
  -------------------------------------------------------------------
                         required time                         11.903    
                         arrival time                          -3.498    
  -------------------------------------------------------------------
                         slack                                  8.404    

Slack (MET) :             8.411ns  (required time - arrival time)
  Source:                 re2_bd_i/ps8_0_axi_periph/s00_couplers/auto_ds/inst/gen_downsizer.gen_simple_downsizer.axi_downsizer_inst/USE_WRITE.write_addr_inst/cmd_queue/inst/fifo_gen_inst/inst_fifo_gen/gconvfifo.rf/grf.rf/rstblk/ngwrdrst.grst.g7serrst.gnsckt_wrst.rst_wr_reg2_inst/arststages_ff_reg[1]/C
                            (rising edge-triggered cell FDPE clocked by clk_pl_0  {rise@0.000ns fall@5.000ns period=10.000ns})
  Destination:            re2_bd_i/ps8_0_axi_periph/s00_couplers/auto_ds/inst/gen_downsizer.gen_simple_downsizer.axi_downsizer_inst/USE_WRITE.write_addr_inst/cmd_queue/inst/fifo_gen_inst/inst_fifo_gen/gconvfifo.rf/grf.rf/gntv_or_sync_fifo.gl0.rd/rpntr/gc0.count_reg[1]/CLR
                            (recovery check against rising-edge clock clk_pl_0  {rise@0.000ns fall@5.000ns period=10.000ns})
  Path Group:             **async_default**
  Path Type:              Recovery (Max at Slow Process Corner)
  Requirement:            10.000ns  (clk_pl_0 rise@10.000ns - clk_pl_0 rise@0.000ns)
  Data Path Delay:        1.301ns  (logic 0.247ns (18.980%)  route 1.054ns (81.020%))
  Logic Levels:           1  (LUT3=1)
  Clock Path Skew:        -0.040ns (DCD - SCD + CPR)
    Destination Clock Delay (DCD):    1.899ns = ( 11.899 - 10.000 ) 
    Source Clock Delay      (SCD):    2.182ns
    Clock Pessimism Removal (CPR):    0.243ns
  Clock Uncertainty:      0.176ns  ((TSJ^2 + DJ^2)^1/2) / 2 + PE
    Total System Jitter     (TSJ):    0.071ns
    Discrete Jitter          (DJ):    0.344ns
    Phase Error              (PE):    0.000ns
  Clock Net Delay (Source):      1.975ns (routing 0.814ns, distribution 1.161ns)
  Clock Net Delay (Destination): 1.732ns (routing 0.736ns, distribution 0.996ns)

    Location             Delay type                Incr(ns)  Path(ns)    Netlist Resource(s)
  -------------------------------------------------------------------    -------------------
                         (clock clk_pl_0 rise edge)
                                                      0.000     0.000 r  
    PS8_X0Y0             PS8                          0.000     0.000 r  re2_bd_i/zynq_ultra_ps_e_0/inst/PS8_i/PLCLK[0]
                         net (fo=1, routed)           0.178     0.178    re2_bd_i/zynq_ultra_ps_e_0/inst/pl_clk_unbuffered[0]
    BUFG_PS_X0Y67        BUFG_PS (Prop_BUFG_PS_I_O)
                                                      0.029     0.207 r  re2_bd_i/zynq_ultra_ps_e_0/inst/buffer_pl_clk_0.PL_CLK_0_BUFG/O
    X0Y1 (CLOCK_ROOT)    net (fo=41213, routed)       1.975     2.182    re2_bd_i/ps8_0_axi_periph/s00_couplers/auto_ds/inst/gen_downsizer.gen_simple_downsizer.axi_downsizer_inst/USE_WRITE.write_addr_inst/cmd_queue/inst/fifo_gen_inst/inst_fifo_gen/gconvfifo.rf/grf.rf/rstblk/ngwrdrst.grst.g7serrst.gnsckt_wrst.rst_wr_reg2_inst/dest_clk
    SLICE_X2Y25          FDPE                                         r  re2_bd_i/ps8_0_axi_periph/s00_couplers/auto_ds/inst/gen_downsizer.gen_simple_downsizer.axi_downsizer_inst/USE_WRITE.write_addr_inst/cmd_queue/inst/fifo_gen_inst/inst_fifo_gen/gconvfifo.rf/grf.rf/rstblk/ngwrdrst.grst.g7serrst.gnsckt_wrst.rst_wr_reg2_inst/arststages_ff_reg[1]/C
  -------------------------------------------------------------------    -------------------
    SLICE_X2Y25          FDPE (Prop_AFF2_SLICEL_C_Q)
                                                      0.099     2.281 f  re2_bd_i/ps8_0_axi_periph/s00_couplers/auto_ds/inst/gen_downsizer.gen_simple_downsizer.axi_downsizer_inst/USE_WRITE.write_addr_inst/cmd_queue/inst/fifo_gen_inst/inst_fifo_gen/gconvfifo.rf/grf.rf/rstblk/ngwrdrst.grst.g7serrst.gnsckt_wrst.rst_wr_reg2_inst/arststages_ff_reg[1]/Q
                         net (fo=3, routed)           0.352     2.633    re2_bd_i/ps8_0_axi_periph/s00_couplers/auto_ds/inst/gen_downsizer.gen_simple_downsizer.axi_downsizer_inst/USE_WRITE.write_addr_inst/cmd_queue/inst/fifo_gen_inst/inst_fifo_gen/gconvfifo.rf/grf.rf/rstblk/ngwrdrst.rst_wr_reg2
    SLICE_X3Y29          LUT3 (Prop_E6LUT_SLICEL_I2_O)
                                                      0.148     2.781 f  re2_bd_i/ps8_0_axi_periph/s00_couplers/auto_ds/inst/gen_downsizer.gen_simple_downsizer.axi_downsizer_inst/USE_WRITE.write_addr_inst/cmd_queue/inst/fifo_gen_inst/inst_fifo_gen/gconvfifo.rf/grf.rf/rstblk/gpregsm1.curr_fwft_state[1]_i_2/O
                         net (fo=32, routed)          0.702     3.483    re2_bd_i/ps8_0_axi_periph/s00_couplers/auto_ds/inst/gen_downsizer.gen_simple_downsizer.axi_downsizer_inst/USE_WRITE.write_addr_inst/cmd_queue/inst/fifo_gen_inst/inst_fifo_gen/gconvfifo.rf/grf.rf/gntv_or_sync_fifo.gl0.rd/rpntr/gc0.count_d1_reg[4]_1
    SLICE_X2Y27          FDCE                                         f  re2_bd_i/ps8_0_axi_periph/s00_couplers/auto_ds/inst/gen_downsizer.gen_simple_downsizer.axi_downsizer_inst/USE_WRITE.write_addr_inst/cmd_queue/inst/fifo_gen_inst/inst_fifo_gen/gconvfifo.rf/grf.rf/gntv_or_sync_fifo.gl0.rd/rpntr/gc0.count_reg[1]/CLR
  -------------------------------------------------------------------    -------------------

                         (clock clk_pl_0 rise edge)
                                                     10.000    10.000 r  
    PS8_X0Y0             PS8                          0.000    10.000 r  re2_bd_i/zynq_ultra_ps_e_0/inst/PS8_i/PLCLK[0]
                         net (fo=1, routed)           0.140    10.140    re2_bd_i/zynq_ultra_ps_e_0/inst/pl_clk_unbuffered[0]
    BUFG_PS_X0Y67        BUFG_PS (Prop_BUFG_PS_I_O)
                                                      0.027    10.167 r  re2_bd_i/zynq_ultra_ps_e_0/inst/buffer_pl_clk_0.PL_CLK_0_BUFG/O
    X0Y1 (CLOCK_ROOT)    net (fo=41213, routed)       1.732    11.899    re2_bd_i/ps8_0_axi_periph/s00_couplers/auto_ds/inst/gen_downsizer.gen_simple_downsizer.axi_downsizer_inst/USE_WRITE.write_addr_inst/cmd_queue/inst/fifo_gen_inst/inst_fifo_gen/gconvfifo.rf/grf.rf/gntv_or_sync_fifo.gl0.rd/rpntr/clk
    SLICE_X2Y27          FDCE                                         r  re2_bd_i/ps8_0_axi_periph/s00_couplers/auto_ds/inst/gen_downsizer.gen_simple_downsizer.axi_downsizer_inst/USE_WRITE.write_addr_inst/cmd_queue/inst/fifo_gen_inst/inst_fifo_gen/gconvfifo.rf/grf.rf/gntv_or_sync_fifo.gl0.rd/rpntr/gc0.count_reg[1]/C
                         clock pessimism              0.243    12.142    
                         clock uncertainty           -0.176    11.966    
    SLICE_X2Y27          FDCE (Recov_DFF_SLICEL_C_CLR)
                                                     -0.072    11.894    re2_bd_i/ps8_0_axi_periph/s00_couplers/auto_ds/inst/gen_downsizer.gen_simple_downsizer.axi_downsizer_inst/USE_WRITE.write_addr_inst/cmd_queue/inst/fifo_gen_inst/inst_fifo_gen/gconvfifo.rf/grf.rf/gntv_or_sync_fifo.gl0.rd/rpntr/gc0.count_reg[1]
  -------------------------------------------------------------------
                         required time                         11.894    
                         arrival time                          -3.483    
  -------------------------------------------------------------------
                         slack                                  8.411    





Min Delay Paths
--------------------------------------------------------------------------------------
Slack (MET) :             0.185ns  (arrival time - required time)
  Source:                 re2_bd_i/ps8_0_axi_periph/s01_couplers/auto_ds/inst/gen_downsizer.gen_simple_downsizer.axi_downsizer_inst/USE_WRITE.write_addr_inst/USE_B_CHANNEL.cmd_b_queue/inst/fifo_gen_inst/inst_fifo_gen/gconvfifo.rf/grf.rf/rstblk/ngwrdrst.grst.g7serrst.gnsckt_wrst.gcc_rst.sckt_wr_rst_cc_reg[1]/C
                            (rising edge-triggered cell FDRE clocked by clk_pl_0  {rise@0.000ns fall@5.000ns period=10.000ns})
  Destination:            re2_bd_i/ps8_0_axi_periph/s01_couplers/auto_ds/inst/gen_downsizer.gen_simple_downsizer.axi_downsizer_inst/USE_WRITE.write_addr_inst/USE_B_CHANNEL.cmd_b_queue/inst/fifo_gen_inst/inst_fifo_gen/gconvfifo.rf/grf.rf/gntv_or_sync_fifo.gl0.rd/gr1.gr1_int.rfwft/empty_fwft_fb_i_reg/PRE
                            (removal check against rising-edge clock clk_pl_0  {rise@0.000ns fall@5.000ns period=10.000ns})
  Path Group:             **async_default**
  Path Type:              Removal (Min at Fast Process Corner)
  Requirement:            0.000ns  (clk_pl_0 rise@0.000ns - clk_pl_0 rise@0.000ns)
  Data Path Delay:        0.182ns  (logic 0.054ns (29.608%)  route 0.128ns (70.392%))
  Logic Levels:           1  (LUT3=1)
  Clock Path Skew:        0.017ns (DCD - SCD - CPR)
    Destination Clock Delay (DCD):    1.263ns
    Source Clock Delay      (SCD):    1.104ns
    Clock Pessimism Removal (CPR):    0.142ns
  Clock Net Delay (Source):      0.993ns (routing 0.410ns, distribution 0.583ns)
  Clock Net Delay (Destination): 1.125ns (routing 0.459ns, distribution 0.666ns)

    Location             Delay type                Incr(ns)  Path(ns)    Netlist Resource(s)
  -------------------------------------------------------------------    -------------------
                         (clock clk_pl_0 rise edge)
                                                      0.000     0.000 r  
    PS8_X0Y0             PS8                          0.000     0.000 r  re2_bd_i/zynq_ultra_ps_e_0/inst/PS8_i/PLCLK[0]
                         net (fo=1, routed)           0.094     0.094    re2_bd_i/zynq_ultra_ps_e_0/inst/pl_clk_unbuffered[0]
    BUFG_PS_X0Y67        BUFG_PS (Prop_BUFG_PS_I_O)
                                                      0.017     0.111 r  re2_bd_i/zynq_ultra_ps_e_0/inst/buffer_pl_clk_0.PL_CLK_0_BUFG/O
    X0Y1 (CLOCK_ROOT)    net (fo=41213, routed)       0.993     1.104    re2_bd_i/ps8_0_axi_periph/s01_couplers/auto_ds/inst/gen_downsizer.gen_simple_downsizer.axi_downsizer_inst/USE_WRITE.write_addr_inst/USE_B_CHANNEL.cmd_b_queue/inst/fifo_gen_inst/inst_fifo_gen/gconvfifo.rf/grf.rf/rstblk/clk
    SLICE_X7Y60          FDRE                                         r  re2_bd_i/ps8_0_axi_periph/s01_couplers/auto_ds/inst/gen_downsizer.gen_simple_downsizer.axi_downsizer_inst/USE_WRITE.write_addr_inst/USE_B_CHANNEL.cmd_b_queue/inst/fifo_gen_inst/inst_fifo_gen/gconvfifo.rf/grf.rf/rstblk/ngwrdrst.grst.g7serrst.gnsckt_wrst.gcc_rst.sckt_wr_rst_cc_reg[1]/C
  -------------------------------------------------------------------    -------------------
    SLICE_X7Y60          FDRE (Prop_CFF2_SLICEL_C_Q)
                                                      0.040     1.144 f  re2_bd_i/ps8_0_axi_periph/s01_couplers/auto_ds/inst/gen_downsizer.gen_simple_downsizer.axi_downsizer_inst/USE_WRITE.write_addr_inst/USE_B_CHANNEL.cmd_b_queue/inst/fifo_gen_inst/inst_fifo_gen/gconvfifo.rf/grf.rf/rstblk/ngwrdrst.grst.g7serrst.gnsckt_wrst.gcc_rst.sckt_wr_rst_cc_reg[1]/Q
                         net (fo=2, routed)           0.056     1.200    re2_bd_i/ps8_0_axi_periph/s01_couplers/auto_ds/inst/gen_downsizer.gen_simple_downsizer.axi_downsizer_inst/USE_WRITE.write_addr_inst/USE_B_CHANNEL.cmd_b_queue/inst/fifo_gen_inst/inst_fifo_gen/gconvfifo.rf/grf.rf/rstblk/ngwrdrst.grst.g7serrst.gnsckt_wrst.gcc_rst.sckt_wr_rst_cc[1]
    SLICE_X7Y60          LUT3 (Prop_A6LUT_SLICEL_I0_O)
                                                      0.014     1.214 f  re2_bd_i/ps8_0_axi_periph/s01_couplers/auto_ds/inst/gen_downsizer.gen_simple_downsizer.axi_downsizer_inst/USE_WRITE.write_addr_inst/USE_B_CHANNEL.cmd_b_queue/inst/fifo_gen_inst/inst_fifo_gen/gconvfifo.rf/grf.rf/rstblk/gpregsm1.curr_fwft_state[1]_i_2/O
                         net (fo=32, routed)          0.072     1.286    re2_bd_i/ps8_0_axi_periph/s01_couplers/auto_ds/inst/gen_downsizer.gen_simple_downsizer.axi_downsizer_inst/USE_WRITE.write_addr_inst/USE_B_CHANNEL.cmd_b_queue/inst/fifo_gen_inst/inst_fifo_gen/gconvfifo.rf/grf.rf/gntv_or_sync_fifo.gl0.rd/gr1.gr1_int.rfwft/gpregsm1.user_valid_reg_0
    SLICE_X7Y60          FDPE                                         f  re2_bd_i/ps8_0_axi_periph/s01_couplers/auto_ds/inst/gen_downsizer.gen_simple_downsizer.axi_downsizer_inst/USE_WRITE.write_addr_inst/USE_B_CHANNEL.cmd_b_queue/inst/fifo_gen_inst/inst_fifo_gen/gconvfifo.rf/grf.rf/gntv_or_sync_fifo.gl0.rd/gr1.gr1_int.rfwft/empty_fwft_fb_i_reg/PRE
  -------------------------------------------------------------------    -------------------

                         (clock clk_pl_0 rise edge)
                                                      0.000     0.000 r  
    PS8_X0Y0             PS8                          0.000     0.000 r  re2_bd_i/zynq_ultra_ps_e_0/inst/PS8_i/PLCLK[0]
                         net (fo=1, routed)           0.120     0.120    re2_bd_i/zynq_ultra_ps_e_0/inst/pl_clk_unbuffered[0]
    BUFG_PS_X0Y67        BUFG_PS (Prop_BUFG_PS_I_O)
                                                      0.018     0.138 r  re2_bd_i/zynq_ultra_ps_e_0/inst/buffer_pl_clk_0.PL_CLK_0_BUFG/O
    X0Y1 (CLOCK_ROOT)    net (fo=41213, routed)       1.125     1.263    re2_bd_i/ps8_0_axi_periph/s01_couplers/auto_ds/inst/gen_downsizer.gen_simple_downsizer.axi_downsizer_inst/USE_WRITE.write_addr_inst/USE_B_CHANNEL.cmd_b_queue/inst/fifo_gen_inst/inst_fifo_gen/gconvfifo.rf/grf.rf/gntv_or_sync_fifo.gl0.rd/gr1.gr1_int.rfwft/clk
    SLICE_X7Y60          FDPE                                         r  re2_bd_i/ps8_0_axi_periph/s01_couplers/auto_ds/inst/gen_downsizer.gen_simple_downsizer.axi_downsizer_inst/USE_WRITE.write_addr_inst/USE_B_CHANNEL.cmd_b_queue/inst/fifo_gen_inst/inst_fifo_gen/gconvfifo.rf/grf.rf/gntv_or_sync_fifo.gl0.rd/gr1.gr1_int.rfwft/empty_fwft_fb_i_reg/C
                         clock pessimism             -0.142     1.121    
    SLICE_X7Y60          FDPE (Remov_EFF_SLICEL_C_PRE)
                                                     -0.020     1.101    re2_bd_i/ps8_0_axi_periph/s01_couplers/auto_ds/inst/gen_downsizer.gen_simple_downsizer.axi_downsizer_inst/USE_WRITE.write_addr_inst/USE_B_CHANNEL.cmd_b_queue/inst/fifo_gen_inst/inst_fifo_gen/gconvfifo.rf/grf.rf/gntv_or_sync_fifo.gl0.rd/gr1.gr1_int.rfwft/empty_fwft_fb_i_reg
  -------------------------------------------------------------------
                         required time                         -1.101    
                         arrival time                           1.286    
  -------------------------------------------------------------------
                         slack                                  0.185    

Slack (MET) :             0.185ns  (arrival time - required time)
  Source:                 re2_bd_i/ps8_0_axi_periph/s01_couplers/auto_ds/inst/gen_downsizer.gen_simple_downsizer.axi_downsizer_inst/USE_WRITE.write_addr_inst/USE_B_CHANNEL.cmd_b_queue/inst/fifo_gen_inst/inst_fifo_gen/gconvfifo.rf/grf.rf/rstblk/ngwrdrst.grst.g7serrst.gnsckt_wrst.gcc_rst.sckt_wr_rst_cc_reg[1]/C
                            (rising edge-triggered cell FDRE clocked by clk_pl_0  {rise@0.000ns fall@5.000ns period=10.000ns})
  Destination:            re2_bd_i/ps8_0_axi_periph/s01_couplers/auto_ds/inst/gen_downsizer.gen_simple_downsizer.axi_downsizer_inst/USE_WRITE.write_addr_inst/USE_B_CHANNEL.cmd_b_queue/inst/fifo_gen_inst/inst_fifo_gen/gconvfifo.rf/grf.rf/gntv_or_sync_fifo.gl0.rd/gr1.gr1_int.rfwft/empty_fwft_i_reg/PRE
                            (removal check against rising-edge clock clk_pl_0  {rise@0.000ns fall@5.000ns period=10.000ns})
  Path Group:             **async_default**
  Path Type:              Removal (Min at Fast Process Corner)
  Requirement:            0.000ns  (clk_pl_0 rise@0.000ns - clk_pl_0 rise@0.000ns)
  Data Path Delay:        0.182ns  (logic 0.054ns (29.608%)  route 0.128ns (70.392%))
  Logic Levels:           1  (LUT3=1)
  Clock Path Skew:        0.017ns (DCD - SCD - CPR)
    Destination Clock Delay (DCD):    1.263ns
    Source Clock Delay      (SCD):    1.104ns
    Clock Pessimism Removal (CPR):    0.142ns
  Clock Net Delay (Source):      0.993ns (routing 0.410ns, distribution 0.583ns)
  Clock Net Delay (Destination): 1.125ns (routing 0.459ns, distribution 0.666ns)

    Location             Delay type                Incr(ns)  Path(ns)    Netlist Resource(s)
  -------------------------------------------------------------------    -------------------
                         (clock clk_pl_0 rise edge)
                                                      0.000     0.000 r  
    PS8_X0Y0             PS8                          0.000     0.000 r  re2_bd_i/zynq_ultra_ps_e_0/inst/PS8_i/PLCLK[0]
                         net (fo=1, routed)           0.094     0.094    re2_bd_i/zynq_ultra_ps_e_0/inst/pl_clk_unbuffered[0]
    BUFG_PS_X0Y67        BUFG_PS (Prop_BUFG_PS_I_O)
                                                      0.017     0.111 r  re2_bd_i/zynq_ultra_ps_e_0/inst/buffer_pl_clk_0.PL_CLK_0_BUFG/O
    X0Y1 (CLOCK_ROOT)    net (fo=41213, routed)       0.993     1.104    re2_bd_i/ps8_0_axi_periph/s01_couplers/auto_ds/inst/gen_downsizer.gen_simple_downsizer.axi_downsizer_inst/USE_WRITE.write_addr_inst/USE_B_CHANNEL.cmd_b_queue/inst/fifo_gen_inst/inst_fifo_gen/gconvfifo.rf/grf.rf/rstblk/clk
    SLICE_X7Y60          FDRE                                         r  re2_bd_i/ps8_0_axi_periph/s01_couplers/auto_ds/inst/gen_downsizer.gen_simple_downsizer.axi_downsizer_inst/USE_WRITE.write_addr_inst/USE_B_CHANNEL.cmd_b_queue/inst/fifo_gen_inst/inst_fifo_gen/gconvfifo.rf/grf.rf/rstblk/ngwrdrst.grst.g7serrst.gnsckt_wrst.gcc_rst.sckt_wr_rst_cc_reg[1]/C
  -------------------------------------------------------------------    -------------------
    SLICE_X7Y60          FDRE (Prop_CFF2_SLICEL_C_Q)
                                                      0.040     1.144 f  re2_bd_i/ps8_0_axi_periph/s01_couplers/auto_ds/inst/gen_downsizer.gen_simple_downsizer.axi_downsizer_inst/USE_WRITE.write_addr_inst/USE_B_CHANNEL.cmd_b_queue/inst/fifo_gen_inst/inst_fifo_gen/gconvfifo.rf/grf.rf/rstblk/ngwrdrst.grst.g7serrst.gnsckt_wrst.gcc_rst.sckt_wr_rst_cc_reg[1]/Q
                         net (fo=2, routed)           0.056     1.200    re2_bd_i/ps8_0_axi_periph/s01_couplers/auto_ds/inst/gen_downsizer.gen_simple_downsizer.axi_downsizer_inst/USE_WRITE.write_addr_inst/USE_B_CHANNEL.cmd_b_queue/inst/fifo_gen_inst/inst_fifo_gen/gconvfifo.rf/grf.rf/rstblk/ngwrdrst.grst.g7serrst.gnsckt_wrst.gcc_rst.sckt_wr_rst_cc[1]
    SLICE_X7Y60          LUT3 (Prop_A6LUT_SLICEL_I0_O)
                                                      0.014     1.214 f  re2_bd_i/ps8_0_axi_periph/s01_couplers/auto_ds/inst/gen_downsizer.gen_simple_downsizer.axi_downsizer_inst/USE_WRITE.write_addr_inst/USE_B_CHANNEL.cmd_b_queue/inst/fifo_gen_inst/inst_fifo_gen/gconvfifo.rf/grf.rf/rstblk/gpregsm1.curr_fwft_state[1]_i_2/O
                         net (fo=32, routed)          0.072     1.286    re2_bd_i/ps8_0_axi_periph/s01_couplers/auto_ds/inst/gen_downsizer.gen_simple_downsizer.axi_downsizer_inst/USE_WRITE.write_addr_inst/USE_B_CHANNEL.cmd_b_queue/inst/fifo_gen_inst/inst_fifo_gen/gconvfifo.rf/grf.rf/gntv_or_sync_fifo.gl0.rd/gr1.gr1_int.rfwft/gpregsm1.user_valid_reg_0
    SLICE_X7Y60          FDPE                                         f  re2_bd_i/ps8_0_axi_periph/s01_couplers/auto_ds/inst/gen_downsizer.gen_simple_downsizer.axi_downsizer_inst/USE_WRITE.write_addr_inst/USE_B_CHANNEL.cmd_b_queue/inst/fifo_gen_inst/inst_fifo_gen/gconvfifo.rf/grf.rf/gntv_or_sync_fifo.gl0.rd/gr1.gr1_int.rfwft/empty_fwft_i_reg/PRE
  -------------------------------------------------------------------    -------------------

                         (clock clk_pl_0 rise edge)
                                                      0.000     0.000 r  
    PS8_X0Y0             PS8                          0.000     0.000 r  re2_bd_i/zynq_ultra_ps_e_0/inst/PS8_i/PLCLK[0]
                         net (fo=1, routed)           0.120     0.120    re2_bd_i/zynq_ultra_ps_e_0/inst/pl_clk_unbuffered[0]
    BUFG_PS_X0Y67        BUFG_PS (Prop_BUFG_PS_I_O)
                                                      0.018     0.138 r  re2_bd_i/zynq_ultra_ps_e_0/inst/buffer_pl_clk_0.PL_CLK_0_BUFG/O
    X0Y1 (CLOCK_ROOT)    net (fo=41213, routed)       1.125     1.263    re2_bd_i/ps8_0_axi_periph/s01_couplers/auto_ds/inst/gen_downsizer.gen_simple_downsizer.axi_downsizer_inst/USE_WRITE.write_addr_inst/USE_B_CHANNEL.cmd_b_queue/inst/fifo_gen_inst/inst_fifo_gen/gconvfifo.rf/grf.rf/gntv_or_sync_fifo.gl0.rd/gr1.gr1_int.rfwft/clk
    SLICE_X7Y60          FDPE                                         r  re2_bd_i/ps8_0_axi_periph/s01_couplers/auto_ds/inst/gen_downsizer.gen_simple_downsizer.axi_downsizer_inst/USE_WRITE.write_addr_inst/USE_B_CHANNEL.cmd_b_queue/inst/fifo_gen_inst/inst_fifo_gen/gconvfifo.rf/grf.rf/gntv_or_sync_fifo.gl0.rd/gr1.gr1_int.rfwft/empty_fwft_i_reg/C
                         clock pessimism             -0.142     1.121    
    SLICE_X7Y60          FDPE (Remov_EFF2_SLICEL_C_PRE)
                                                     -0.020     1.101    re2_bd_i/ps8_0_axi_periph/s01_couplers/auto_ds/inst/gen_downsizer.gen_simple_downsizer.axi_downsizer_inst/USE_WRITE.write_addr_inst/USE_B_CHANNEL.cmd_b_queue/inst/fifo_gen_inst/inst_fifo_gen/gconvfifo.rf/grf.rf/gntv_or_sync_fifo.gl0.rd/gr1.gr1_int.rfwft/empty_fwft_i_reg
  -------------------------------------------------------------------
                         required time                         -1.101    
                         arrival time                           1.286    
  -------------------------------------------------------------------
                         slack                                  0.185    

Slack (MET) :             0.207ns  (arrival time - required time)
  Source:                 re2_bd_i/ps8_0_axi_periph/s01_couplers/auto_ds/inst/gen_downsizer.gen_simple_downsizer.axi_downsizer_inst/USE_WRITE.write_addr_inst/USE_B_CHANNEL.cmd_b_queue/inst/fifo_gen_inst/inst_fifo_gen/gconvfifo.rf/grf.rf/rstblk/ngwrdrst.grst.g7serrst.gnsckt_wrst.gcc_rst.sckt_wr_rst_cc_reg[1]/C
                            (rising edge-triggered cell FDRE clocked by clk_pl_0  {rise@0.000ns fall@5.000ns period=10.000ns})
  Destination:            re2_bd_i/ps8_0_axi_periph/s01_couplers/auto_ds/inst/gen_downsizer.gen_simple_downsizer.axi_downsizer_inst/USE_WRITE.write_addr_inst/USE_B_CHANNEL.cmd_b_queue/inst/fifo_gen_inst/inst_fifo_gen/gconvfifo.rf/grf.rf/gntv_or_sync_fifo.gl0.rd/rpntr/gc0.count_d1_reg[0]/CLR
                            (removal check against rising-edge clock clk_pl_0  {rise@0.000ns fall@5.000ns period=10.000ns})
  Path Group:             **async_default**
  Path Type:              Removal (Min at Fast Process Corner)
  Requirement:            0.000ns  (clk_pl_0 rise@0.000ns - clk_pl_0 rise@0.000ns)
  Data Path Delay:        0.212ns  (logic 0.054ns (25.523%)  route 0.158ns (74.477%))
  Logic Levels:           1  (LUT3=1)
  Clock Path Skew:        0.025ns (DCD - SCD - CPR)
    Destination Clock Delay (DCD):    1.263ns
    Source Clock Delay      (SCD):    1.104ns
    Clock Pessimism Removal (CPR):    0.134ns
  Clock Net Delay (Source):      0.993ns (routing 0.410ns, distribution 0.583ns)
  Clock Net Delay (Destination): 1.125ns (routing 0.459ns, distribution 0.666ns)

    Location             Delay type                Incr(ns)  Path(ns)    Netlist Resource(s)
  -------------------------------------------------------------------    -------------------
                         (clock clk_pl_0 rise edge)
                                                      0.000     0.000 r  
    PS8_X0Y0             PS8                          0.000     0.000 r  re2_bd_i/zynq_ultra_ps_e_0/inst/PS8_i/PLCLK[0]
                         net (fo=1, routed)           0.094     0.094    re2_bd_i/zynq_ultra_ps_e_0/inst/pl_clk_unbuffered[0]
    BUFG_PS_X0Y67        BUFG_PS (Prop_BUFG_PS_I_O)
                                                      0.017     0.111 r  re2_bd_i/zynq_ultra_ps_e_0/inst/buffer_pl_clk_0.PL_CLK_0_BUFG/O
    X0Y1 (CLOCK_ROOT)    net (fo=41213, routed)       0.993     1.104    re2_bd_i/ps8_0_axi_periph/s01_couplers/auto_ds/inst/gen_downsizer.gen_simple_downsizer.axi_downsizer_inst/USE_WRITE.write_addr_inst/USE_B_CHANNEL.cmd_b_queue/inst/fifo_gen_inst/inst_fifo_gen/gconvfifo.rf/grf.rf/rstblk/clk
    SLICE_X7Y60          FDRE                                         r  re2_bd_i/ps8_0_axi_periph/s01_couplers/auto_ds/inst/gen_downsizer.gen_simple_downsizer.axi_downsizer_inst/USE_WRITE.write_addr_inst/USE_B_CHANNEL.cmd_b_queue/inst/fifo_gen_inst/inst_fifo_gen/gconvfifo.rf/grf.rf/rstblk/ngwrdrst.grst.g7serrst.gnsckt_wrst.gcc_rst.sckt_wr_rst_cc_reg[1]/C
  -------------------------------------------------------------------    -------------------
    SLICE_X7Y60          FDRE (Prop_CFF2_SLICEL_C_Q)
                                                      0.040     1.144 f  re2_bd_i/ps8_0_axi_periph/s01_couplers/auto_ds/inst/gen_downsizer.gen_simple_downsizer.axi_downsizer_inst/USE_WRITE.write_addr_inst/USE_B_CHANNEL.cmd_b_queue/inst/fifo_gen_inst/inst_fifo_gen/gconvfifo.rf/grf.rf/rstblk/ngwrdrst.grst.g7serrst.gnsckt_wrst.gcc_rst.sckt_wr_rst_cc_reg[1]/Q
                         net (fo=2, routed)           0.056     1.200    re2_bd_i/ps8_0_axi_periph/s01_couplers/auto_ds/inst/gen_downsizer.gen_simple_downsizer.axi_downsizer_inst/USE_WRITE.write_addr_inst/USE_B_CHANNEL.cmd_b_queue/inst/fifo_gen_inst/inst_fifo_gen/gconvfifo.rf/grf.rf/rstblk/ngwrdrst.grst.g7serrst.gnsckt_wrst.gcc_rst.sckt_wr_rst_cc[1]
    SLICE_X7Y60          LUT3 (Prop_A6LUT_SLICEL_I0_O)
                                                      0.014     1.214 f  re2_bd_i/ps8_0_axi_periph/s01_couplers/auto_ds/inst/gen_downsizer.gen_simple_downsizer.axi_downsizer_inst/USE_WRITE.write_addr_inst/USE_B_CHANNEL.cmd_b_queue/inst/fifo_gen_inst/inst_fifo_gen/gconvfifo.rf/grf.rf/rstblk/gpregsm1.curr_fwft_state[1]_i_2/O
                         net (fo=32, routed)          0.102     1.315    re2_bd_i/ps8_0_axi_periph/s01_couplers/auto_ds/inst/gen_downsizer.gen_simple_downsizer.axi_downsizer_inst/USE_WRITE.write_addr_inst/USE_B_CHANNEL.cmd_b_queue/inst/fifo_gen_inst/inst_fifo_gen/gconvfifo.rf/grf.rf/gntv_or_sync_fifo.gl0.rd/rpntr/gc0.count_d1_reg[4]_1
    SLICE_X8Y61          FDCE                                         f  re2_bd_i/ps8_0_axi_periph/s01_couplers/auto_ds/inst/gen_downsizer.gen_simple_downsizer.axi_downsizer_inst/USE_WRITE.write_addr_inst/USE_B_CHANNEL.cmd_b_queue/inst/fifo_gen_inst/inst_fifo_gen/gconvfifo.rf/grf.rf/gntv_or_sync_fifo.gl0.rd/rpntr/gc0.count_d1_reg[0]/CLR
  -------------------------------------------------------------------    -------------------

                         (clock clk_pl_0 rise edge)
                                                      0.000     0.000 r  
    PS8_X0Y0             PS8                          0.000     0.000 r  re2_bd_i/zynq_ultra_ps_e_0/inst/PS8_i/PLCLK[0]
                         net (fo=1, routed)           0.120     0.120    re2_bd_i/zynq_ultra_ps_e_0/inst/pl_clk_unbuffered[0]
    BUFG_PS_X0Y67        BUFG_PS (Prop_BUFG_PS_I_O)
                                                      0.018     0.138 r  re2_bd_i/zynq_ultra_ps_e_0/inst/buffer_pl_clk_0.PL_CLK_0_BUFG/O
    X0Y1 (CLOCK_ROOT)    net (fo=41213, routed)       1.125     1.263    re2_bd_i/ps8_0_axi_periph/s01_couplers/auto_ds/inst/gen_downsizer.gen_simple_downsizer.axi_downsizer_inst/USE_WRITE.write_addr_inst/USE_B_CHANNEL.cmd_b_queue/inst/fifo_gen_inst/inst_fifo_gen/gconvfifo.rf/grf.rf/gntv_or_sync_fifo.gl0.rd/rpntr/clk
    SLICE_X8Y61          FDCE                                         r  re2_bd_i/ps8_0_axi_periph/s01_couplers/auto_ds/inst/gen_downsizer.gen_simple_downsizer.axi_downsizer_inst/USE_WRITE.write_addr_inst/USE_B_CHANNEL.cmd_b_queue/inst/fifo_gen_inst/inst_fifo_gen/gconvfifo.rf/grf.rf/gntv_or_sync_fifo.gl0.rd/rpntr/gc0.count_d1_reg[0]/C
                         clock pessimism             -0.134     1.128    
    SLICE_X8Y61          FDCE (Remov_HFF2_SLICEL_C_CLR)
                                                     -0.020     1.108    re2_bd_i/ps8_0_axi_periph/s01_couplers/auto_ds/inst/gen_downsizer.gen_simple_downsizer.axi_downsizer_inst/USE_WRITE.write_addr_inst/USE_B_CHANNEL.cmd_b_queue/inst/fifo_gen_inst/inst_fifo_gen/gconvfifo.rf/grf.rf/gntv_or_sync_fifo.gl0.rd/rpntr/gc0.count_d1_reg[0]
  -------------------------------------------------------------------
                         required time                         -1.108    
                         arrival time                           1.315    
  -------------------------------------------------------------------
                         slack                                  0.207    

Slack (MET) :             0.207ns  (arrival time - required time)
  Source:                 re2_bd_i/ps8_0_axi_periph/s01_couplers/auto_ds/inst/gen_downsizer.gen_simple_downsizer.axi_downsizer_inst/USE_WRITE.write_addr_inst/USE_B_CHANNEL.cmd_b_queue/inst/fifo_gen_inst/inst_fifo_gen/gconvfifo.rf/grf.rf/rstblk/ngwrdrst.grst.g7serrst.gnsckt_wrst.gcc_rst.sckt_wr_rst_cc_reg[1]/C
                            (rising edge-triggered cell FDRE clocked by clk_pl_0  {rise@0.000ns fall@5.000ns period=10.000ns})
  Destination:            re2_bd_i/ps8_0_axi_periph/s01_couplers/auto_ds/inst/gen_downsizer.gen_simple_downsizer.axi_downsizer_inst/USE_WRITE.write_addr_inst/USE_B_CHANNEL.cmd_b_queue/inst/fifo_gen_inst/inst_fifo_gen/gconvfifo.rf/grf.rf/gntv_or_sync_fifo.gl0.rd/rpntr/gc0.count_d1_reg[1]/CLR
                            (removal check against rising-edge clock clk_pl_0  {rise@0.000ns fall@5.000ns period=10.000ns})
  Path Group:             **async_default**
  Path Type:              Removal (Min at Fast Process Corner)
  Requirement:            0.000ns  (clk_pl_0 rise@0.000ns - clk_pl_0 rise@0.000ns)
  Data Path Delay:        0.212ns  (logic 0.054ns (25.523%)  route 0.158ns (74.477%))
  Logic Levels:           1  (LUT3=1)
  Clock Path Skew:        0.025ns (DCD - SCD - CPR)
    Destination Clock Delay (DCD):    1.263ns
    Source Clock Delay      (SCD):    1.104ns
    Clock Pessimism Removal (CPR):    0.134ns
  Clock Net Delay (Source):      0.993ns (routing 0.410ns, distribution 0.583ns)
  Clock Net Delay (Destination): 1.125ns (routing 0.459ns, distribution 0.666ns)

    Location             Delay type                Incr(ns)  Path(ns)    Netlist Resource(s)
  -------------------------------------------------------------------    -------------------
                         (clock clk_pl_0 rise edge)
                                                      0.000     0.000 r  
    PS8_X0Y0             PS8                          0.000     0.000 r  re2_bd_i/zynq_ultra_ps_e_0/inst/PS8_i/PLCLK[0]
                         net (fo=1, routed)           0.094     0.094    re2_bd_i/zynq_ultra_ps_e_0/inst/pl_clk_unbuffered[0]
    BUFG_PS_X0Y67        BUFG_PS (Prop_BUFG_PS_I_O)
                                                      0.017     0.111 r  re2_bd_i/zynq_ultra_ps_e_0/inst/buffer_pl_clk_0.PL_CLK_0_BUFG/O
    X0Y1 (CLOCK_ROOT)    net (fo=41213, routed)       0.993     1.104    re2_bd_i/ps8_0_axi_periph/s01_couplers/auto_ds/inst/gen_downsizer.gen_simple_downsizer.axi_downsizer_inst/USE_WRITE.write_addr_inst/USE_B_CHANNEL.cmd_b_queue/inst/fifo_gen_inst/inst_fifo_gen/gconvfifo.rf/grf.rf/rstblk/clk
    SLICE_X7Y60          FDRE                                         r  re2_bd_i/ps8_0_axi_periph/s01_couplers/auto_ds/inst/gen_downsizer.gen_simple_downsizer.axi_downsizer_inst/USE_WRITE.write_addr_inst/USE_B_CHANNEL.cmd_b_queue/inst/fifo_gen_inst/inst_fifo_gen/gconvfifo.rf/grf.rf/rstblk/ngwrdrst.grst.g7serrst.gnsckt_wrst.gcc_rst.sckt_wr_rst_cc_reg[1]/C
  -------------------------------------------------------------------    -------------------
    SLICE_X7Y60          FDRE (Prop_CFF2_SLICEL_C_Q)
                                                      0.040     1.144 f  re2_bd_i/ps8_0_axi_periph/s01_couplers/auto_ds/inst/gen_downsizer.gen_simple_downsizer.axi_downsizer_inst/USE_WRITE.write_addr_inst/USE_B_CHANNEL.cmd_b_queue/inst/fifo_gen_inst/inst_fifo_gen/gconvfifo.rf/grf.rf/rstblk/ngwrdrst.grst.g7serrst.gnsckt_wrst.gcc_rst.sckt_wr_rst_cc_reg[1]/Q
                         net (fo=2, routed)           0.056     1.200    re2_bd_i/ps8_0_axi_periph/s01_couplers/auto_ds/inst/gen_downsizer.gen_simple_downsizer.axi_downsizer_inst/USE_WRITE.write_addr_inst/USE_B_CHANNEL.cmd_b_queue/inst/fifo_gen_inst/inst_fifo_gen/gconvfifo.rf/grf.rf/rstblk/ngwrdrst.grst.g7serrst.gnsckt_wrst.gcc_rst.sckt_wr_rst_cc[1]
    SLICE_X7Y60          LUT3 (Prop_A6LUT_SLICEL_I0_O)
                                                      0.014     1.214 f  re2_bd_i/ps8_0_axi_periph/s01_couplers/auto_ds/inst/gen_downsizer.gen_simple_downsizer.axi_downsizer_inst/USE_WRITE.write_addr_inst/USE_B_CHANNEL.cmd_b_queue/inst/fifo_gen_inst/inst_fifo_gen/gconvfifo.rf/grf.rf/rstblk/gpregsm1.curr_fwft_state[1]_i_2/O
                         net (fo=32, routed)          0.102     1.315    re2_bd_i/ps8_0_axi_periph/s01_couplers/auto_ds/inst/gen_downsizer.gen_simple_downsizer.axi_downsizer_inst/USE_WRITE.write_addr_inst/USE_B_CHANNEL.cmd_b_queue/inst/fifo_gen_inst/inst_fifo_gen/gconvfifo.rf/grf.rf/gntv_or_sync_fifo.gl0.rd/rpntr/gc0.count_d1_reg[4]_1
    SLICE_X8Y61          FDCE                                         f  re2_bd_i/ps8_0_axi_periph/s01_couplers/auto_ds/inst/gen_downsizer.gen_simple_downsizer.axi_downsizer_inst/USE_WRITE.write_addr_inst/USE_B_CHANNEL.cmd_b_queue/inst/fifo_gen_inst/inst_fifo_gen/gconvfifo.rf/grf.rf/gntv_or_sync_fifo.gl0.rd/rpntr/gc0.count_d1_reg[1]/CLR
  -------------------------------------------------------------------    -------------------

                         (clock clk_pl_0 rise edge)
                                                      0.000     0.000 r  
    PS8_X0Y0             PS8                          0.000     0.000 r  re2_bd_i/zynq_ultra_ps_e_0/inst/PS8_i/PLCLK[0]
                         net (fo=1, routed)           0.120     0.120    re2_bd_i/zynq_ultra_ps_e_0/inst/pl_clk_unbuffered[0]
    BUFG_PS_X0Y67        BUFG_PS (Prop_BUFG_PS_I_O)
                                                      0.018     0.138 r  re2_bd_i/zynq_ultra_ps_e_0/inst/buffer_pl_clk_0.PL_CLK_0_BUFG/O
    X0Y1 (CLOCK_ROOT)    net (fo=41213, routed)       1.125     1.263    re2_bd_i/ps8_0_axi_periph/s01_couplers/auto_ds/inst/gen_downsizer.gen_simple_downsizer.axi_downsizer_inst/USE_WRITE.write_addr_inst/USE_B_CHANNEL.cmd_b_queue/inst/fifo_gen_inst/inst_fifo_gen/gconvfifo.rf/grf.rf/gntv_or_sync_fifo.gl0.rd/rpntr/clk
    SLICE_X8Y61          FDCE                                         r  re2_bd_i/ps8_0_axi_periph/s01_couplers/auto_ds/inst/gen_downsizer.gen_simple_downsizer.axi_downsizer_inst/USE_WRITE.write_addr_inst/USE_B_CHANNEL.cmd_b_queue/inst/fifo_gen_inst/inst_fifo_gen/gconvfifo.rf/grf.rf/gntv_or_sync_fifo.gl0.rd/rpntr/gc0.count_d1_reg[1]/C
                         clock pessimism             -0.134     1.128    
    SLICE_X8Y61          FDCE (Remov_GFF2_SLICEL_C_CLR)
                                                     -0.020     1.108    re2_bd_i/ps8_0_axi_periph/s01_couplers/auto_ds/inst/gen_downsizer.gen_simple_downsizer.axi_downsizer_inst/USE_WRITE.write_addr_inst/USE_B_CHANNEL.cmd_b_queue/inst/fifo_gen_inst/inst_fifo_gen/gconvfifo.rf/grf.rf/gntv_or_sync_fifo.gl0.rd/rpntr/gc0.count_d1_reg[1]
  -------------------------------------------------------------------
                         required time                         -1.108    
                         arrival time                           1.315    
  -------------------------------------------------------------------
                         slack                                  0.207    

Slack (MET) :             0.207ns  (arrival time - required time)
  Source:                 re2_bd_i/ps8_0_axi_periph/s01_couplers/auto_ds/inst/gen_downsizer.gen_simple_downsizer.axi_downsizer_inst/USE_WRITE.write_addr_inst/USE_B_CHANNEL.cmd_b_queue/inst/fifo_gen_inst/inst_fifo_gen/gconvfifo.rf/grf.rf/rstblk/ngwrdrst.grst.g7serrst.gnsckt_wrst.gcc_rst.sckt_wr_rst_cc_reg[1]/C
                            (rising edge-triggered cell FDRE clocked by clk_pl_0  {rise@0.000ns fall@5.000ns period=10.000ns})
  Destination:            re2_bd_i/ps8_0_axi_periph/s01_couplers/auto_ds/inst/gen_downsizer.gen_simple_downsizer.axi_downsizer_inst/USE_WRITE.write_addr_inst/USE_B_CHANNEL.cmd_b_queue/inst/fifo_gen_inst/inst_fifo_gen/gconvfifo.rf/grf.rf/gntv_or_sync_fifo.gl0.wr/wpntr/gcc0.gc0.count_reg[1]/CLR
                            (removal check against rising-edge clock clk_pl_0  {rise@0.000ns fall@5.000ns period=10.000ns})
  Path Group:             **async_default**
  Path Type:              Removal (Min at Fast Process Corner)
  Requirement:            0.000ns  (clk_pl_0 rise@0.000ns - clk_pl_0 rise@0.000ns)
  Data Path Delay:        0.212ns  (logic 0.054ns (25.523%)  route 0.158ns (74.477%))
  Logic Levels:           1  (LUT3=1)
  Clock Path Skew:        0.025ns (DCD - SCD - CPR)
    Destination Clock Delay (DCD):    1.263ns
    Source Clock Delay      (SCD):    1.104ns
    Clock Pessimism Removal (CPR):    0.134ns
  Clock Net Delay (Source):      0.993ns (routing 0.410ns, distribution 0.583ns)
  Clock Net Delay (Destination): 1.125ns (routing 0.459ns, distribution 0.666ns)

    Location             Delay type                Incr(ns)  Path(ns)    Netlist Resource(s)
  -------------------------------------------------------------------    -------------------
                         (clock clk_pl_0 rise edge)
                                                      0.000     0.000 r  
    PS8_X0Y0             PS8                          0.000     0.000 r  re2_bd_i/zynq_ultra_ps_e_0/inst/PS8_i/PLCLK[0]
                         net (fo=1, routed)           0.094     0.094    re2_bd_i/zynq_ultra_ps_e_0/inst/pl_clk_unbuffered[0]
    BUFG_PS_X0Y67        BUFG_PS (Prop_BUFG_PS_I_O)
                                                      0.017     0.111 r  re2_bd_i/zynq_ultra_ps_e_0/inst/buffer_pl_clk_0.PL_CLK_0_BUFG/O
    X0Y1 (CLOCK_ROOT)    net (fo=41213, routed)       0.993     1.104    re2_bd_i/ps8_0_axi_periph/s01_couplers/auto_ds/inst/gen_downsizer.gen_simple_downsizer.axi_downsizer_inst/USE_WRITE.write_addr_inst/USE_B_CHANNEL.cmd_b_queue/inst/fifo_gen_inst/inst_fifo_gen/gconvfifo.rf/grf.rf/rstblk/clk
    SLICE_X7Y60          FDRE                                         r  re2_bd_i/ps8_0_axi_periph/s01_couplers/auto_ds/inst/gen_downsizer.gen_simple_downsizer.axi_downsizer_inst/USE_WRITE.write_addr_inst/USE_B_CHANNEL.cmd_b_queue/inst/fifo_gen_inst/inst_fifo_gen/gconvfifo.rf/grf.rf/rstblk/ngwrdrst.grst.g7serrst.gnsckt_wrst.gcc_rst.sckt_wr_rst_cc_reg[1]/C
  -------------------------------------------------------------------    -------------------
    SLICE_X7Y60          FDRE (Prop_CFF2_SLICEL_C_Q)
                                                      0.040     1.144 f  re2_bd_i/ps8_0_axi_periph/s01_couplers/auto_ds/inst/gen_downsizer.gen_simple_downsizer.axi_downsizer_inst/USE_WRITE.write_addr_inst/USE_B_CHANNEL.cmd_b_queue/inst/fifo_gen_inst/inst_fifo_gen/gconvfifo.rf/grf.rf/rstblk/ngwrdrst.grst.g7serrst.gnsckt_wrst.gcc_rst.sckt_wr_rst_cc_reg[1]/Q
                         net (fo=2, routed)           0.056     1.200    re2_bd_i/ps8_0_axi_periph/s01_couplers/auto_ds/inst/gen_downsizer.gen_simple_downsizer.axi_downsizer_inst/USE_WRITE.write_addr_inst/USE_B_CHANNEL.cmd_b_queue/inst/fifo_gen_inst/inst_fifo_gen/gconvfifo.rf/grf.rf/rstblk/ngwrdrst.grst.g7serrst.gnsckt_wrst.gcc_rst.sckt_wr_rst_cc[1]
    SLICE_X7Y60          LUT3 (Prop_A6LUT_SLICEL_I0_O)
                                                      0.014     1.214 f  re2_bd_i/ps8_0_axi_periph/s01_couplers/auto_ds/inst/gen_downsizer.gen_simple_downsizer.axi_downsizer_inst/USE_WRITE.write_addr_inst/USE_B_CHANNEL.cmd_b_queue/inst/fifo_gen_inst/inst_fifo_gen/gconvfifo.rf/grf.rf/rstblk/gpregsm1.curr_fwft_state[1]_i_2/O
                         net (fo=32, routed)          0.102     1.315    re2_bd_i/ps8_0_axi_periph/s01_couplers/auto_ds/inst/gen_downsizer.gen_simple_downsizer.axi_downsizer_inst/USE_WRITE.write_addr_inst/USE_B_CHANNEL.cmd_b_queue/inst/fifo_gen_inst/inst_fifo_gen/gconvfifo.rf/grf.rf/gntv_or_sync_fifo.gl0.wr/wpntr/AR[0]
    SLICE_X8Y61          FDCE                                         f  re2_bd_i/ps8_0_axi_periph/s01_couplers/auto_ds/inst/gen_downsizer.gen_simple_downsizer.axi_downsizer_inst/USE_WRITE.write_addr_inst/USE_B_CHANNEL.cmd_b_queue/inst/fifo_gen_inst/inst_fifo_gen/gconvfifo.rf/grf.rf/gntv_or_sync_fifo.gl0.wr/wpntr/gcc0.gc0.count_reg[1]/CLR
  -------------------------------------------------------------------    -------------------

                         (clock clk_pl_0 rise edge)
                                                      0.000     0.000 r  
    PS8_X0Y0             PS8                          0.000     0.000 r  re2_bd_i/zynq_ultra_ps_e_0/inst/PS8_i/PLCLK[0]
                         net (fo=1, routed)           0.120     0.120    re2_bd_i/zynq_ultra_ps_e_0/inst/pl_clk_unbuffered[0]
    BUFG_PS_X0Y67        BUFG_PS (Prop_BUFG_PS_I_O)
                                                      0.018     0.138 r  re2_bd_i/zynq_ultra_ps_e_0/inst/buffer_pl_clk_0.PL_CLK_0_BUFG/O
    X0Y1 (CLOCK_ROOT)    net (fo=41213, routed)       1.125     1.263    re2_bd_i/ps8_0_axi_periph/s01_couplers/auto_ds/inst/gen_downsizer.gen_simple_downsizer.axi_downsizer_inst/USE_WRITE.write_addr_inst/USE_B_CHANNEL.cmd_b_queue/inst/fifo_gen_inst/inst_fifo_gen/gconvfifo.rf/grf.rf/gntv_or_sync_fifo.gl0.wr/wpntr/clk
    SLICE_X8Y61          FDCE                                         r  re2_bd_i/ps8_0_axi_periph/s01_couplers/auto_ds/inst/gen_downsizer.gen_simple_downsizer.axi_downsizer_inst/USE_WRITE.write_addr_inst/USE_B_CHANNEL.cmd_b_queue/inst/fifo_gen_inst/inst_fifo_gen/gconvfifo.rf/grf.rf/gntv_or_sync_fifo.gl0.wr/wpntr/gcc0.gc0.count_reg[1]/C
                         clock pessimism             -0.134     1.128    
    SLICE_X8Y61          FDCE (Remov_HFF_SLICEL_C_CLR)
                                                     -0.020     1.108    re2_bd_i/ps8_0_axi_periph/s01_couplers/auto_ds/inst/gen_downsizer.gen_simple_downsizer.axi_downsizer_inst/USE_WRITE.write_addr_inst/USE_B_CHANNEL.cmd_b_queue/inst/fifo_gen_inst/inst_fifo_gen/gconvfifo.rf/grf.rf/gntv_or_sync_fifo.gl0.wr/wpntr/gcc0.gc0.count_reg[1]
  -------------------------------------------------------------------
                         required time                         -1.108    
                         arrival time                           1.315    
  -------------------------------------------------------------------
                         slack                                  0.207    

Slack (MET) :             0.211ns  (arrival time - required time)
  Source:                 re2_bd_i/ps8_0_axi_periph/s01_couplers/auto_ds/inst/gen_downsizer.gen_simple_downsizer.axi_downsizer_inst/USE_WRITE.write_addr_inst/USE_B_CHANNEL.cmd_b_queue/inst/fifo_gen_inst/inst_fifo_gen/gconvfifo.rf/grf.rf/rstblk/ngwrdrst.grst.g7serrst.gnsckt_wrst.gcc_rst.sckt_wr_rst_cc_reg[1]/C
                            (rising edge-triggered cell FDRE clocked by clk_pl_0  {rise@0.000ns fall@5.000ns period=10.000ns})
  Destination:            re2_bd_i/ps8_0_axi_periph/s01_couplers/auto_ds/inst/gen_downsizer.gen_simple_downsizer.axi_downsizer_inst/USE_WRITE.write_addr_inst/USE_B_CHANNEL.cmd_b_queue/inst/fifo_gen_inst/inst_fifo_gen/gconvfifo.rf/grf.rf/gntv_or_sync_fifo.gl0.rd/rpntr/gc0.count_reg[0]/PRE
                            (removal check against rising-edge clock clk_pl_0  {rise@0.000ns fall@5.000ns period=10.000ns})
  Path Group:             **async_default**
  Path Type:              Removal (Min at Fast Process Corner)
  Requirement:            0.000ns  (clk_pl_0 rise@0.000ns - clk_pl_0 rise@0.000ns)
  Data Path Delay:        0.212ns  (logic 0.054ns (25.523%)  route 0.158ns (74.477%))
  Logic Levels:           1  (LUT3=1)
  Clock Path Skew:        0.021ns (DCD - SCD - CPR)
    Destination Clock Delay (DCD):    1.259ns
    Source Clock Delay      (SCD):    1.104ns
    Clock Pessimism Removal (CPR):    0.134ns
  Clock Net Delay (Source):      0.993ns (routing 0.410ns, distribution 0.583ns)
  Clock Net Delay (Destination): 1.121ns (routing 0.459ns, distribution 0.662ns)

    Location             Delay type                Incr(ns)  Path(ns)    Netlist Resource(s)
  -------------------------------------------------------------------    -------------------
                         (clock clk_pl_0 rise edge)
                                                      0.000     0.000 r  
    PS8_X0Y0             PS8                          0.000     0.000 r  re2_bd_i/zynq_ultra_ps_e_0/inst/PS8_i/PLCLK[0]
                         net (fo=1, routed)           0.094     0.094    re2_bd_i/zynq_ultra_ps_e_0/inst/pl_clk_unbuffered[0]
    BUFG_PS_X0Y67        BUFG_PS (Prop_BUFG_PS_I_O)
                                                      0.017     0.111 r  re2_bd_i/zynq_ultra_ps_e_0/inst/buffer_pl_clk_0.PL_CLK_0_BUFG/O
    X0Y1 (CLOCK_ROOT)    net (fo=41213, routed)       0.993     1.104    re2_bd_i/ps8_0_axi_periph/s01_couplers/auto_ds/inst/gen_downsizer.gen_simple_downsizer.axi_downsizer_inst/USE_WRITE.write_addr_inst/USE_B_CHANNEL.cmd_b_queue/inst/fifo_gen_inst/inst_fifo_gen/gconvfifo.rf/grf.rf/rstblk/clk
    SLICE_X7Y60          FDRE                                         r  re2_bd_i/ps8_0_axi_periph/s01_couplers/auto_ds/inst/gen_downsizer.gen_simple_downsizer.axi_downsizer_inst/USE_WRITE.write_addr_inst/USE_B_CHANNEL.cmd_b_queue/inst/fifo_gen_inst/inst_fifo_gen/gconvfifo.rf/grf.rf/rstblk/ngwrdrst.grst.g7serrst.gnsckt_wrst.gcc_rst.sckt_wr_rst_cc_reg[1]/C
  -------------------------------------------------------------------    -------------------
    SLICE_X7Y60          FDRE (Prop_CFF2_SLICEL_C_Q)
                                                      0.040     1.144 f  re2_bd_i/ps8_0_axi_periph/s01_couplers/auto_ds/inst/gen_downsizer.gen_simple_downsizer.axi_downsizer_inst/USE_WRITE.write_addr_inst/USE_B_CHANNEL.cmd_b_queue/inst/fifo_gen_inst/inst_fifo_gen/gconvfifo.rf/grf.rf/rstblk/ngwrdrst.grst.g7serrst.gnsckt_wrst.gcc_rst.sckt_wr_rst_cc_reg[1]/Q
                         net (fo=2, routed)           0.056     1.200    re2_bd_i/ps8_0_axi_periph/s01_couplers/auto_ds/inst/gen_downsizer.gen_simple_downsizer.axi_downsizer_inst/USE_WRITE.write_addr_inst/USE_B_CHANNEL.cmd_b_queue/inst/fifo_gen_inst/inst_fifo_gen/gconvfifo.rf/grf.rf/rstblk/ngwrdrst.grst.g7serrst.gnsckt_wrst.gcc_rst.sckt_wr_rst_cc[1]
    SLICE_X7Y60          LUT3 (Prop_A6LUT_SLICEL_I0_O)
                                                      0.014     1.214 f  re2_bd_i/ps8_0_axi_periph/s01_couplers/auto_ds/inst/gen_downsizer.gen_simple_downsizer.axi_downsizer_inst/USE_WRITE.write_addr_inst/USE_B_CHANNEL.cmd_b_queue/inst/fifo_gen_inst/inst_fifo_gen/gconvfifo.rf/grf.rf/rstblk/gpregsm1.curr_fwft_state[1]_i_2/O
                         net (fo=32, routed)          0.102     1.315    re2_bd_i/ps8_0_axi_periph/s01_couplers/auto_ds/inst/gen_downsizer.gen_simple_downsizer.axi_downsizer_inst/USE_WRITE.write_addr_inst/USE_B_CHANNEL.cmd_b_queue/inst/fifo_gen_inst/inst_fifo_gen/gconvfifo.rf/grf.rf/gntv_or_sync_fifo.gl0.rd/rpntr/gc0.count_d1_reg[4]_1
    SLICE_X8Y61          FDPE                                         f  re2_bd_i/ps8_0_axi_periph/s01_couplers/auto_ds/inst/gen_downsizer.gen_simple_downsizer.axi_downsizer_inst/USE_WRITE.write_addr_inst/USE_B_CHANNEL.cmd_b_queue/inst/fifo_gen_inst/inst_fifo_gen/gconvfifo.rf/grf.rf/gntv_or_sync_fifo.gl0.rd/rpntr/gc0.count_reg[0]/PRE
  -------------------------------------------------------------------    -------------------

                         (clock clk_pl_0 rise edge)
                                                      0.000     0.000 r  
    PS8_X0Y0             PS8                          0.000     0.000 r  re2_bd_i/zynq_ultra_ps_e_0/inst/PS8_i/PLCLK[0]
                         net (fo=1, routed)           0.120     0.120    re2_bd_i/zynq_ultra_ps_e_0/inst/pl_clk_unbuffered[0]
    BUFG_PS_X0Y67        BUFG_PS (Prop_BUFG_PS_I_O)
                                                      0.018     0.138 r  re2_bd_i/zynq_ultra_ps_e_0/inst/buffer_pl_clk_0.PL_CLK_0_BUFG/O
    X0Y1 (CLOCK_ROOT)    net (fo=41213, routed)       1.121     1.259    re2_bd_i/ps8_0_axi_periph/s01_couplers/auto_ds/inst/gen_downsizer.gen_simple_downsizer.axi_downsizer_inst/USE_WRITE.write_addr_inst/USE_B_CHANNEL.cmd_b_queue/inst/fifo_gen_inst/inst_fifo_gen/gconvfifo.rf/grf.rf/gntv_or_sync_fifo.gl0.rd/rpntr/clk
    SLICE_X8Y61          FDPE                                         r  re2_bd_i/ps8_0_axi_periph/s01_couplers/auto_ds/inst/gen_downsizer.gen_simple_downsizer.axi_downsizer_inst/USE_WRITE.write_addr_inst/USE_B_CHANNEL.cmd_b_queue/inst/fifo_gen_inst/inst_fifo_gen/gconvfifo.rf/grf.rf/gntv_or_sync_fifo.gl0.rd/rpntr/gc0.count_reg[0]/C
                         clock pessimism             -0.134     1.124    
    SLICE_X8Y61          FDPE (Remov_BFF2_SLICEL_C_PRE)
                                                     -0.020     1.104    re2_bd_i/ps8_0_axi_periph/s01_couplers/auto_ds/inst/gen_downsizer.gen_simple_downsizer.axi_downsizer_inst/USE_WRITE.write_addr_inst/USE_B_CHANNEL.cmd_b_queue/inst/fifo_gen_inst/inst_fifo_gen/gconvfifo.rf/grf.rf/gntv_or_sync_fifo.gl0.rd/rpntr/gc0.count_reg[0]
  -------------------------------------------------------------------
                         required time                         -1.104    
                         arrival time                           1.315    
  -------------------------------------------------------------------
                         slack                                  0.211    

Slack (MET) :             0.211ns  (arrival time - required time)
  Source:                 re2_bd_i/ps8_0_axi_periph/s01_couplers/auto_ds/inst/gen_downsizer.gen_simple_downsizer.axi_downsizer_inst/USE_WRITE.write_addr_inst/USE_B_CHANNEL.cmd_b_queue/inst/fifo_gen_inst/inst_fifo_gen/gconvfifo.rf/grf.rf/rstblk/ngwrdrst.grst.g7serrst.gnsckt_wrst.gcc_rst.sckt_wr_rst_cc_reg[1]/C
                            (rising edge-triggered cell FDRE clocked by clk_pl_0  {rise@0.000ns fall@5.000ns period=10.000ns})
  Destination:            re2_bd_i/ps8_0_axi_periph/s01_couplers/auto_ds/inst/gen_downsizer.gen_simple_downsizer.axi_downsizer_inst/USE_WRITE.write_addr_inst/USE_B_CHANNEL.cmd_b_queue/inst/fifo_gen_inst/inst_fifo_gen/gconvfifo.rf/grf.rf/gntv_or_sync_fifo.gl0.rd/rpntr/gc0.count_reg[1]/CLR
                            (removal check against rising-edge clock clk_pl_0  {rise@0.000ns fall@5.000ns period=10.000ns})
  Path Group:             **async_default**
  Path Type:              Removal (Min at Fast Process Corner)
  Requirement:            0.000ns  (clk_pl_0 rise@0.000ns - clk_pl_0 rise@0.000ns)
  Data Path Delay:        0.212ns  (logic 0.054ns (25.523%)  route 0.158ns (74.477%))
  Logic Levels:           1  (LUT3=1)
  Clock Path Skew:        0.021ns (DCD - SCD - CPR)
    Destination Clock Delay (DCD):    1.259ns
    Source Clock Delay      (SCD):    1.104ns
    Clock Pessimism Removal (CPR):    0.134ns
  Clock Net Delay (Source):      0.993ns (routing 0.410ns, distribution 0.583ns)
  Clock Net Delay (Destination): 1.121ns (routing 0.459ns, distribution 0.662ns)

    Location             Delay type                Incr(ns)  Path(ns)    Netlist Resource(s)
  -------------------------------------------------------------------    -------------------
                         (clock clk_pl_0 rise edge)
                                                      0.000     0.000 r  
    PS8_X0Y0             PS8                          0.000     0.000 r  re2_bd_i/zynq_ultra_ps_e_0/inst/PS8_i/PLCLK[0]
                         net (fo=1, routed)           0.094     0.094    re2_bd_i/zynq_ultra_ps_e_0/inst/pl_clk_unbuffered[0]
    BUFG_PS_X0Y67        BUFG_PS (Prop_BUFG_PS_I_O)
                                                      0.017     0.111 r  re2_bd_i/zynq_ultra_ps_e_0/inst/buffer_pl_clk_0.PL_CLK_0_BUFG/O
    X0Y1 (CLOCK_ROOT)    net (fo=41213, routed)       0.993     1.104    re2_bd_i/ps8_0_axi_periph/s01_couplers/auto_ds/inst/gen_downsizer.gen_simple_downsizer.axi_downsizer_inst/USE_WRITE.write_addr_inst/USE_B_CHANNEL.cmd_b_queue/inst/fifo_gen_inst/inst_fifo_gen/gconvfifo.rf/grf.rf/rstblk/clk
    SLICE_X7Y60          FDRE                                         r  re2_bd_i/ps8_0_axi_periph/s01_couplers/auto_ds/inst/gen_downsizer.gen_simple_downsizer.axi_downsizer_inst/USE_WRITE.write_addr_inst/USE_B_CHANNEL.cmd_b_queue/inst/fifo_gen_inst/inst_fifo_gen/gconvfifo.rf/grf.rf/rstblk/ngwrdrst.grst.g7serrst.gnsckt_wrst.gcc_rst.sckt_wr_rst_cc_reg[1]/C
  -------------------------------------------------------------------    -------------------
    SLICE_X7Y60          FDRE (Prop_CFF2_SLICEL_C_Q)
                                                      0.040     1.144 f  re2_bd_i/ps8_0_axi_periph/s01_couplers/auto_ds/inst/gen_downsizer.gen_simple_downsizer.axi_downsizer_inst/USE_WRITE.write_addr_inst/USE_B_CHANNEL.cmd_b_queue/inst/fifo_gen_inst/inst_fifo_gen/gconvfifo.rf/grf.rf/rstblk/ngwrdrst.grst.g7serrst.gnsckt_wrst.gcc_rst.sckt_wr_rst_cc_reg[1]/Q
                         net (fo=2, routed)           0.056     1.200    re2_bd_i/ps8_0_axi_periph/s01_couplers/auto_ds/inst/gen_downsizer.gen_simple_downsizer.axi_downsizer_inst/USE_WRITE.write_addr_inst/USE_B_CHANNEL.cmd_b_queue/inst/fifo_gen_inst/inst_fifo_gen/gconvfifo.rf/grf.rf/rstblk/ngwrdrst.grst.g7serrst.gnsckt_wrst.gcc_rst.sckt_wr_rst_cc[1]
    SLICE_X7Y60          LUT3 (Prop_A6LUT_SLICEL_I0_O)
                                                      0.014     1.214 f  re2_bd_i/ps8_0_axi_periph/s01_couplers/auto_ds/inst/gen_downsizer.gen_simple_downsizer.axi_downsizer_inst/USE_WRITE.write_addr_inst/USE_B_CHANNEL.cmd_b_queue/inst/fifo_gen_inst/inst_fifo_gen/gconvfifo.rf/grf.rf/rstblk/gpregsm1.curr_fwft_state[1]_i_2/O
                         net (fo=32, routed)          0.102     1.315    re2_bd_i/ps8_0_axi_periph/s01_couplers/auto_ds/inst/gen_downsizer.gen_simple_downsizer.axi_downsizer_inst/USE_WRITE.write_addr_inst/USE_B_CHANNEL.cmd_b_queue/inst/fifo_gen_inst/inst_fifo_gen/gconvfifo.rf/grf.rf/gntv_or_sync_fifo.gl0.rd/rpntr/gc0.count_d1_reg[4]_1
    SLICE_X8Y61          FDCE                                         f  re2_bd_i/ps8_0_axi_periph/s01_couplers/auto_ds/inst/gen_downsizer.gen_simple_downsizer.axi_downsizer_inst/USE_WRITE.write_addr_inst/USE_B_CHANNEL.cmd_b_queue/inst/fifo_gen_inst/inst_fifo_gen/gconvfifo.rf/grf.rf/gntv_or_sync_fifo.gl0.rd/rpntr/gc0.count_reg[1]/CLR
  -------------------------------------------------------------------    -------------------

                         (clock clk_pl_0 rise edge)
                                                      0.000     0.000 r  
    PS8_X0Y0             PS8                          0.000     0.000 r  re2_bd_i/zynq_ultra_ps_e_0/inst/PS8_i/PLCLK[0]
                         net (fo=1, routed)           0.120     0.120    re2_bd_i/zynq_ultra_ps_e_0/inst/pl_clk_unbuffered[0]
    BUFG_PS_X0Y67        BUFG_PS (Prop_BUFG_PS_I_O)
                                                      0.018     0.138 r  re2_bd_i/zynq_ultra_ps_e_0/inst/buffer_pl_clk_0.PL_CLK_0_BUFG/O
    X0Y1 (CLOCK_ROOT)    net (fo=41213, routed)       1.121     1.259    re2_bd_i/ps8_0_axi_periph/s01_couplers/auto_ds/inst/gen_downsizer.gen_simple_downsizer.axi_downsizer_inst/USE_WRITE.write_addr_inst/USE_B_CHANNEL.cmd_b_queue/inst/fifo_gen_inst/inst_fifo_gen/gconvfifo.rf/grf.rf/gntv_or_sync_fifo.gl0.rd/rpntr/clk
    SLICE_X8Y61          FDCE                                         r  re2_bd_i/ps8_0_axi_periph/s01_couplers/auto_ds/inst/gen_downsizer.gen_simple_downsizer.axi_downsizer_inst/USE_WRITE.write_addr_inst/USE_B_CHANNEL.cmd_b_queue/inst/fifo_gen_inst/inst_fifo_gen/gconvfifo.rf/grf.rf/gntv_or_sync_fifo.gl0.rd/rpntr/gc0.count_reg[1]/C
                         clock pessimism             -0.134     1.124    
    SLICE_X8Y61          FDCE (Remov_DFF_SLICEL_C_CLR)
                                                     -0.020     1.104    re2_bd_i/ps8_0_axi_periph/s01_couplers/auto_ds/inst/gen_downsizer.gen_simple_downsizer.axi_downsizer_inst/USE_WRITE.write_addr_inst/USE_B_CHANNEL.cmd_b_queue/inst/fifo_gen_inst/inst_fifo_gen/gconvfifo.rf/grf.rf/gntv_or_sync_fifo.gl0.rd/rpntr/gc0.count_reg[1]
  -------------------------------------------------------------------
                         required time                         -1.104    
                         arrival time                           1.315    
  -------------------------------------------------------------------
                         slack                                  0.211    

Slack (MET) :             0.211ns  (arrival time - required time)
  Source:                 re2_bd_i/ps8_0_axi_periph/s01_couplers/auto_ds/inst/gen_downsizer.gen_simple_downsizer.axi_downsizer_inst/USE_WRITE.write_addr_inst/USE_B_CHANNEL.cmd_b_queue/inst/fifo_gen_inst/inst_fifo_gen/gconvfifo.rf/grf.rf/rstblk/ngwrdrst.grst.g7serrst.gnsckt_wrst.gcc_rst.sckt_wr_rst_cc_reg[1]/C
                            (rising edge-triggered cell FDRE clocked by clk_pl_0  {rise@0.000ns fall@5.000ns period=10.000ns})
  Destination:            re2_bd_i/ps8_0_axi_periph/s01_couplers/auto_ds/inst/gen_downsizer.gen_simple_downsizer.axi_downsizer_inst/USE_WRITE.write_addr_inst/USE_B_CHANNEL.cmd_b_queue/inst/fifo_gen_inst/inst_fifo_gen/gconvfifo.rf/grf.rf/gntv_or_sync_fifo.gl0.rd/rpntr/gc0.count_reg[2]/CLR
                            (removal check against rising-edge clock clk_pl_0  {rise@0.000ns fall@5.000ns period=10.000ns})
  Path Group:             **async_default**
  Path Type:              Removal (Min at Fast Process Corner)
  Requirement:            0.000ns  (clk_pl_0 rise@0.000ns - clk_pl_0 rise@0.000ns)
  Data Path Delay:        0.212ns  (logic 0.054ns (25.523%)  route 0.158ns (74.477%))
  Logic Levels:           1  (LUT3=1)
  Clock Path Skew:        0.021ns (DCD - SCD - CPR)
    Destination Clock Delay (DCD):    1.259ns
    Source Clock Delay      (SCD):    1.104ns
    Clock Pessimism Removal (CPR):    0.134ns
  Clock Net Delay (Source):      0.993ns (routing 0.410ns, distribution 0.583ns)
  Clock Net Delay (Destination): 1.121ns (routing 0.459ns, distribution 0.662ns)

    Location             Delay type                Incr(ns)  Path(ns)    Netlist Resource(s)
  -------------------------------------------------------------------    -------------------
                         (clock clk_pl_0 rise edge)
                                                      0.000     0.000 r  
    PS8_X0Y0             PS8                          0.000     0.000 r  re2_bd_i/zynq_ultra_ps_e_0/inst/PS8_i/PLCLK[0]
                         net (fo=1, routed)           0.094     0.094    re2_bd_i/zynq_ultra_ps_e_0/inst/pl_clk_unbuffered[0]
    BUFG_PS_X0Y67        BUFG_PS (Prop_BUFG_PS_I_O)
                                                      0.017     0.111 r  re2_bd_i/zynq_ultra_ps_e_0/inst/buffer_pl_clk_0.PL_CLK_0_BUFG/O
    X0Y1 (CLOCK_ROOT)    net (fo=41213, routed)       0.993     1.104    re2_bd_i/ps8_0_axi_periph/s01_couplers/auto_ds/inst/gen_downsizer.gen_simple_downsizer.axi_downsizer_inst/USE_WRITE.write_addr_inst/USE_B_CHANNEL.cmd_b_queue/inst/fifo_gen_inst/inst_fifo_gen/gconvfifo.rf/grf.rf/rstblk/clk
    SLICE_X7Y60          FDRE                                         r  re2_bd_i/ps8_0_axi_periph/s01_couplers/auto_ds/inst/gen_downsizer.gen_simple_downsizer.axi_downsizer_inst/USE_WRITE.write_addr_inst/USE_B_CHANNEL.cmd_b_queue/inst/fifo_gen_inst/inst_fifo_gen/gconvfifo.rf/grf.rf/rstblk/ngwrdrst.grst.g7serrst.gnsckt_wrst.gcc_rst.sckt_wr_rst_cc_reg[1]/C
  -------------------------------------------------------------------    -------------------
    SLICE_X7Y60          FDRE (Prop_CFF2_SLICEL_C_Q)
                                                      0.040     1.144 f  re2_bd_i/ps8_0_axi_periph/s01_couplers/auto_ds/inst/gen_downsizer.gen_simple_downsizer.axi_downsizer_inst/USE_WRITE.write_addr_inst/USE_B_CHANNEL.cmd_b_queue/inst/fifo_gen_inst/inst_fifo_gen/gconvfifo.rf/grf.rf/rstblk/ngwrdrst.grst.g7serrst.gnsckt_wrst.gcc_rst.sckt_wr_rst_cc_reg[1]/Q
                         net (fo=2, routed)           0.056     1.200    re2_bd_i/ps8_0_axi_periph/s01_couplers/auto_ds/inst/gen_downsizer.gen_simple_downsizer.axi_downsizer_inst/USE_WRITE.write_addr_inst/USE_B_CHANNEL.cmd_b_queue/inst/fifo_gen_inst/inst_fifo_gen/gconvfifo.rf/grf.rf/rstblk/ngwrdrst.grst.g7serrst.gnsckt_wrst.gcc_rst.sckt_wr_rst_cc[1]
    SLICE_X7Y60          LUT3 (Prop_A6LUT_SLICEL_I0_O)
                                                      0.014     1.214 f  re2_bd_i/ps8_0_axi_periph/s01_couplers/auto_ds/inst/gen_downsizer.gen_simple_downsizer.axi_downsizer_inst/USE_WRITE.write_addr_inst/USE_B_CHANNEL.cmd_b_queue/inst/fifo_gen_inst/inst_fifo_gen/gconvfifo.rf/grf.rf/rstblk/gpregsm1.curr_fwft_state[1]_i_2/O
                         net (fo=32, routed)          0.102     1.315    re2_bd_i/ps8_0_axi_periph/s01_couplers/auto_ds/inst/gen_downsizer.gen_simple_downsizer.axi_downsizer_inst/USE_WRITE.write_addr_inst/USE_B_CHANNEL.cmd_b_queue/inst/fifo_gen_inst/inst_fifo_gen/gconvfifo.rf/grf.rf/gntv_or_sync_fifo.gl0.rd/rpntr/gc0.count_d1_reg[4]_1
    SLICE_X8Y61          FDCE                                         f  re2_bd_i/ps8_0_axi_periph/s01_couplers/auto_ds/inst/gen_downsizer.gen_simple_downsizer.axi_downsizer_inst/USE_WRITE.write_addr_inst/USE_B_CHANNEL.cmd_b_queue/inst/fifo_gen_inst/inst_fifo_gen/gconvfifo.rf/grf.rf/gntv_or_sync_fifo.gl0.rd/rpntr/gc0.count_reg[2]/CLR
  -------------------------------------------------------------------    -------------------

                         (clock clk_pl_0 rise edge)
                                                      0.000     0.000 r  
    PS8_X0Y0             PS8                          0.000     0.000 r  re2_bd_i/zynq_ultra_ps_e_0/inst/PS8_i/PLCLK[0]
                         net (fo=1, routed)           0.120     0.120    re2_bd_i/zynq_ultra_ps_e_0/inst/pl_clk_unbuffered[0]
    BUFG_PS_X0Y67        BUFG_PS (Prop_BUFG_PS_I_O)
                                                      0.018     0.138 r  re2_bd_i/zynq_ultra_ps_e_0/inst/buffer_pl_clk_0.PL_CLK_0_BUFG/O
    X0Y1 (CLOCK_ROOT)    net (fo=41213, routed)       1.121     1.259    re2_bd_i/ps8_0_axi_periph/s01_couplers/auto_ds/inst/gen_downsizer.gen_simple_downsizer.axi_downsizer_inst/USE_WRITE.write_addr_inst/USE_B_CHANNEL.cmd_b_queue/inst/fifo_gen_inst/inst_fifo_gen/gconvfifo.rf/grf.rf/gntv_or_sync_fifo.gl0.rd/rpntr/clk
    SLICE_X8Y61          FDCE                                         r  re2_bd_i/ps8_0_axi_periph/s01_couplers/auto_ds/inst/gen_downsizer.gen_simple_downsizer.axi_downsizer_inst/USE_WRITE.write_addr_inst/USE_B_CHANNEL.cmd_b_queue/inst/fifo_gen_inst/inst_fifo_gen/gconvfifo.rf/grf.rf/gntv_or_sync_fifo.gl0.rd/rpntr/gc0.count_reg[2]/C
                         clock pessimism             -0.134     1.124    
    SLICE_X8Y61          FDCE (Remov_DFF2_SLICEL_C_CLR)
                                                     -0.020     1.104    re2_bd_i/ps8_0_axi_periph/s01_couplers/auto_ds/inst/gen_downsizer.gen_simple_downsizer.axi_downsizer_inst/USE_WRITE.write_addr_inst/USE_B_CHANNEL.cmd_b_queue/inst/fifo_gen_inst/inst_fifo_gen/gconvfifo.rf/grf.rf/gntv_or_sync_fifo.gl0.rd/rpntr/gc0.count_reg[2]
  -------------------------------------------------------------------
                         required time                         -1.104    
                         arrival time                           1.315    
  -------------------------------------------------------------------
                         slack                                  0.211    

Slack (MET) :             0.211ns  (arrival time - required time)
  Source:                 re2_bd_i/ps8_0_axi_periph/s01_couplers/auto_ds/inst/gen_downsizer.gen_simple_downsizer.axi_downsizer_inst/USE_WRITE.write_addr_inst/USE_B_CHANNEL.cmd_b_queue/inst/fifo_gen_inst/inst_fifo_gen/gconvfifo.rf/grf.rf/rstblk/ngwrdrst.grst.g7serrst.gnsckt_wrst.gcc_rst.sckt_wr_rst_cc_reg[1]/C
                            (rising edge-triggered cell FDRE clocked by clk_pl_0  {rise@0.000ns fall@5.000ns period=10.000ns})
  Destination:            re2_bd_i/ps8_0_axi_periph/s01_couplers/auto_ds/inst/gen_downsizer.gen_simple_downsizer.axi_downsizer_inst/USE_WRITE.write_addr_inst/USE_B_CHANNEL.cmd_b_queue/inst/fifo_gen_inst/inst_fifo_gen/gconvfifo.rf/grf.rf/gntv_or_sync_fifo.gl0.rd/rpntr/gc0.count_reg[3]/CLR
                            (removal check against rising-edge clock clk_pl_0  {rise@0.000ns fall@5.000ns period=10.000ns})
  Path Group:             **async_default**
  Path Type:              Removal (Min at Fast Process Corner)
  Requirement:            0.000ns  (clk_pl_0 rise@0.000ns - clk_pl_0 rise@0.000ns)
  Data Path Delay:        0.212ns  (logic 0.054ns (25.523%)  route 0.158ns (74.477%))
  Logic Levels:           1  (LUT3=1)
  Clock Path Skew:        0.021ns (DCD - SCD - CPR)
    Destination Clock Delay (DCD):    1.259ns
    Source Clock Delay      (SCD):    1.104ns
    Clock Pessimism Removal (CPR):    0.134ns
  Clock Net Delay (Source):      0.993ns (routing 0.410ns, distribution 0.583ns)
  Clock Net Delay (Destination): 1.121ns (routing 0.459ns, distribution 0.662ns)

    Location             Delay type                Incr(ns)  Path(ns)    Netlist Resource(s)
  -------------------------------------------------------------------    -------------------
                         (clock clk_pl_0 rise edge)
                                                      0.000     0.000 r  
    PS8_X0Y0             PS8                          0.000     0.000 r  re2_bd_i/zynq_ultra_ps_e_0/inst/PS8_i/PLCLK[0]
                         net (fo=1, routed)           0.094     0.094    re2_bd_i/zynq_ultra_ps_e_0/inst/pl_clk_unbuffered[0]
    BUFG_PS_X0Y67        BUFG_PS (Prop_BUFG_PS_I_O)
                                                      0.017     0.111 r  re2_bd_i/zynq_ultra_ps_e_0/inst/buffer_pl_clk_0.PL_CLK_0_BUFG/O
    X0Y1 (CLOCK_ROOT)    net (fo=41213, routed)       0.993     1.104    re2_bd_i/ps8_0_axi_periph/s01_couplers/auto_ds/inst/gen_downsizer.gen_simple_downsizer.axi_downsizer_inst/USE_WRITE.write_addr_inst/USE_B_CHANNEL.cmd_b_queue/inst/fifo_gen_inst/inst_fifo_gen/gconvfifo.rf/grf.rf/rstblk/clk
    SLICE_X7Y60          FDRE                                         r  re2_bd_i/ps8_0_axi_periph/s01_couplers/auto_ds/inst/gen_downsizer.gen_simple_downsizer.axi_downsizer_inst/USE_WRITE.write_addr_inst/USE_B_CHANNEL.cmd_b_queue/inst/fifo_gen_inst/inst_fifo_gen/gconvfifo.rf/grf.rf/rstblk/ngwrdrst.grst.g7serrst.gnsckt_wrst.gcc_rst.sckt_wr_rst_cc_reg[1]/C
  -------------------------------------------------------------------    -------------------
    SLICE_X7Y60          FDRE (Prop_CFF2_SLICEL_C_Q)
                                                      0.040     1.144 f  re2_bd_i/ps8_0_axi_periph/s01_couplers/auto_ds/inst/gen_downsizer.gen_simple_downsizer.axi_downsizer_inst/USE_WRITE.write_addr_inst/USE_B_CHANNEL.cmd_b_queue/inst/fifo_gen_inst/inst_fifo_gen/gconvfifo.rf/grf.rf/rstblk/ngwrdrst.grst.g7serrst.gnsckt_wrst.gcc_rst.sckt_wr_rst_cc_reg[1]/Q
                         net (fo=2, routed)           0.056     1.200    re2_bd_i/ps8_0_axi_periph/s01_couplers/auto_ds/inst/gen_downsizer.gen_simple_downsizer.axi_downsizer_inst/USE_WRITE.write_addr_inst/USE_B_CHANNEL.cmd_b_queue/inst/fifo_gen_inst/inst_fifo_gen/gconvfifo.rf/grf.rf/rstblk/ngwrdrst.grst.g7serrst.gnsckt_wrst.gcc_rst.sckt_wr_rst_cc[1]
    SLICE_X7Y60          LUT3 (Prop_A6LUT_SLICEL_I0_O)
                                                      0.014     1.214 f  re2_bd_i/ps8_0_axi_periph/s01_couplers/auto_ds/inst/gen_downsizer.gen_simple_downsizer.axi_downsizer_inst/USE_WRITE.write_addr_inst/USE_B_CHANNEL.cmd_b_queue/inst/fifo_gen_inst/inst_fifo_gen/gconvfifo.rf/grf.rf/rstblk/gpregsm1.curr_fwft_state[1]_i_2/O
                         net (fo=32, routed)          0.102     1.315    re2_bd_i/ps8_0_axi_periph/s01_couplers/auto_ds/inst/gen_downsizer.gen_simple_downsizer.axi_downsizer_inst/USE_WRITE.write_addr_inst/USE_B_CHANNEL.cmd_b_queue/inst/fifo_gen_inst/inst_fifo_gen/gconvfifo.rf/grf.rf/gntv_or_sync_fifo.gl0.rd/rpntr/gc0.count_d1_reg[4]_1
    SLICE_X8Y61          FDCE                                         f  re2_bd_i/ps8_0_axi_periph/s01_couplers/auto_ds/inst/gen_downsizer.gen_simple_downsizer.axi_downsizer_inst/USE_WRITE.write_addr_inst/USE_B_CHANNEL.cmd_b_queue/inst/fifo_gen_inst/inst_fifo_gen/gconvfifo.rf/grf.rf/gntv_or_sync_fifo.gl0.rd/rpntr/gc0.count_reg[3]/CLR
  -------------------------------------------------------------------    -------------------

                         (clock clk_pl_0 rise edge)
                                                      0.000     0.000 r  
    PS8_X0Y0             PS8                          0.000     0.000 r  re2_bd_i/zynq_ultra_ps_e_0/inst/PS8_i/PLCLK[0]
                         net (fo=1, routed)           0.120     0.120    re2_bd_i/zynq_ultra_ps_e_0/inst/pl_clk_unbuffered[0]
    BUFG_PS_X0Y67        BUFG_PS (Prop_BUFG_PS_I_O)
                                                      0.018     0.138 r  re2_bd_i/zynq_ultra_ps_e_0/inst/buffer_pl_clk_0.PL_CLK_0_BUFG/O
    X0Y1 (CLOCK_ROOT)    net (fo=41213, routed)       1.121     1.259    re2_bd_i/ps8_0_axi_periph/s01_couplers/auto_ds/inst/gen_downsizer.gen_simple_downsizer.axi_downsizer_inst/USE_WRITE.write_addr_inst/USE_B_CHANNEL.cmd_b_queue/inst/fifo_gen_inst/inst_fifo_gen/gconvfifo.rf/grf.rf/gntv_or_sync_fifo.gl0.rd/rpntr/clk
    SLICE_X8Y61          FDCE                                         r  re2_bd_i/ps8_0_axi_periph/s01_couplers/auto_ds/inst/gen_downsizer.gen_simple_downsizer.axi_downsizer_inst/USE_WRITE.write_addr_inst/USE_B_CHANNEL.cmd_b_queue/inst/fifo_gen_inst/inst_fifo_gen/gconvfifo.rf/grf.rf/gntv_or_sync_fifo.gl0.rd/rpntr/gc0.count_reg[3]/C
                         clock pessimism             -0.134     1.124    
    SLICE_X8Y61          FDCE (Remov_CFF_SLICEL_C_CLR)
                                                     -0.020     1.104    re2_bd_i/ps8_0_axi_periph/s01_couplers/auto_ds/inst/gen_downsizer.gen_simple_downsizer.axi_downsizer_inst/USE_WRITE.write_addr_inst/USE_B_CHANNEL.cmd_b_queue/inst/fifo_gen_inst/inst_fifo_gen/gconvfifo.rf/grf.rf/gntv_or_sync_fifo.gl0.rd/rpntr/gc0.count_reg[3]
  -------------------------------------------------------------------
                         required time                         -1.104    
                         arrival time                           1.315    
  -------------------------------------------------------------------
                         slack                                  0.211    

Slack (MET) :             0.211ns  (arrival time - required time)
  Source:                 re2_bd_i/ps8_0_axi_periph/s01_couplers/auto_ds/inst/gen_downsizer.gen_simple_downsizer.axi_downsizer_inst/USE_WRITE.write_addr_inst/USE_B_CHANNEL.cmd_b_queue/inst/fifo_gen_inst/inst_fifo_gen/gconvfifo.rf/grf.rf/rstblk/ngwrdrst.grst.g7serrst.gnsckt_wrst.gcc_rst.sckt_wr_rst_cc_reg[1]/C
                            (rising edge-triggered cell FDRE clocked by clk_pl_0  {rise@0.000ns fall@5.000ns period=10.000ns})
  Destination:            re2_bd_i/ps8_0_axi_periph/s01_couplers/auto_ds/inst/gen_downsizer.gen_simple_downsizer.axi_downsizer_inst/USE_WRITE.write_addr_inst/USE_B_CHANNEL.cmd_b_queue/inst/fifo_gen_inst/inst_fifo_gen/gconvfifo.rf/grf.rf/gntv_or_sync_fifo.gl0.rd/rpntr/gc0.count_reg[4]/CLR
                            (removal check against rising-edge clock clk_pl_0  {rise@0.000ns fall@5.000ns period=10.000ns})
  Path Group:             **async_default**
  Path Type:              Removal (Min at Fast Process Corner)
  Requirement:            0.000ns  (clk_pl_0 rise@0.000ns - clk_pl_0 rise@0.000ns)
  Data Path Delay:        0.212ns  (logic 0.054ns (25.523%)  route 0.158ns (74.477%))
  Logic Levels:           1  (LUT3=1)
  Clock Path Skew:        0.021ns (DCD - SCD - CPR)
    Destination Clock Delay (DCD):    1.259ns
    Source Clock Delay      (SCD):    1.104ns
    Clock Pessimism Removal (CPR):    0.134ns
  Clock Net Delay (Source):      0.993ns (routing 0.410ns, distribution 0.583ns)
  Clock Net Delay (Destination): 1.121ns (routing 0.459ns, distribution 0.662ns)

    Location             Delay type                Incr(ns)  Path(ns)    Netlist Resource(s)
  -------------------------------------------------------------------    -------------------
                         (clock clk_pl_0 rise edge)
                                                      0.000     0.000 r  
    PS8_X0Y0             PS8                          0.000     0.000 r  re2_bd_i/zynq_ultra_ps_e_0/inst/PS8_i/PLCLK[0]
                         net (fo=1, routed)           0.094     0.094    re2_bd_i/zynq_ultra_ps_e_0/inst/pl_clk_unbuffered[0]
    BUFG_PS_X0Y67        BUFG_PS (Prop_BUFG_PS_I_O)
                                                      0.017     0.111 r  re2_bd_i/zynq_ultra_ps_e_0/inst/buffer_pl_clk_0.PL_CLK_0_BUFG/O
    X0Y1 (CLOCK_ROOT)    net (fo=41213, routed)       0.993     1.104    re2_bd_i/ps8_0_axi_periph/s01_couplers/auto_ds/inst/gen_downsizer.gen_simple_downsizer.axi_downsizer_inst/USE_WRITE.write_addr_inst/USE_B_CHANNEL.cmd_b_queue/inst/fifo_gen_inst/inst_fifo_gen/gconvfifo.rf/grf.rf/rstblk/clk
    SLICE_X7Y60          FDRE                                         r  re2_bd_i/ps8_0_axi_periph/s01_couplers/auto_ds/inst/gen_downsizer.gen_simple_downsizer.axi_downsizer_inst/USE_WRITE.write_addr_inst/USE_B_CHANNEL.cmd_b_queue/inst/fifo_gen_inst/inst_fifo_gen/gconvfifo.rf/grf.rf/rstblk/ngwrdrst.grst.g7serrst.gnsckt_wrst.gcc_rst.sckt_wr_rst_cc_reg[1]/C
  -------------------------------------------------------------------    -------------------
    SLICE_X7Y60          FDRE (Prop_CFF2_SLICEL_C_Q)
                                                      0.040     1.144 f  re2_bd_i/ps8_0_axi_periph/s01_couplers/auto_ds/inst/gen_downsizer.gen_simple_downsizer.axi_downsizer_inst/USE_WRITE.write_addr_inst/USE_B_CHANNEL.cmd_b_queue/inst/fifo_gen_inst/inst_fifo_gen/gconvfifo.rf/grf.rf/rstblk/ngwrdrst.grst.g7serrst.gnsckt_wrst.gcc_rst.sckt_wr_rst_cc_reg[1]/Q
                         net (fo=2, routed)           0.056     1.200    re2_bd_i/ps8_0_axi_periph/s01_couplers/auto_ds/inst/gen_downsizer.gen_simple_downsizer.axi_downsizer_inst/USE_WRITE.write_addr_inst/USE_B_CHANNEL.cmd_b_queue/inst/fifo_gen_inst/inst_fifo_gen/gconvfifo.rf/grf.rf/rstblk/ngwrdrst.grst.g7serrst.gnsckt_wrst.gcc_rst.sckt_wr_rst_cc[1]
    SLICE_X7Y60          LUT3 (Prop_A6LUT_SLICEL_I0_O)
                                                      0.014     1.214 f  re2_bd_i/ps8_0_axi_periph/s01_couplers/auto_ds/inst/gen_downsizer.gen_simple_downsizer.axi_downsizer_inst/USE_WRITE.write_addr_inst/USE_B_CHANNEL.cmd_b_queue/inst/fifo_gen_inst/inst_fifo_gen/gconvfifo.rf/grf.rf/rstblk/gpregsm1.curr_fwft_state[1]_i_2/O
                         net (fo=32, routed)          0.102     1.315    re2_bd_i/ps8_0_axi_periph/s01_couplers/auto_ds/inst/gen_downsizer.gen_simple_downsizer.axi_downsizer_inst/USE_WRITE.write_addr_inst/USE_B_CHANNEL.cmd_b_queue/inst/fifo_gen_inst/inst_fifo_gen/gconvfifo.rf/grf.rf/gntv_or_sync_fifo.gl0.rd/rpntr/gc0.count_d1_reg[4]_1
    SLICE_X8Y61          FDCE                                         f  re2_bd_i/ps8_0_axi_periph/s01_couplers/auto_ds/inst/gen_downsizer.gen_simple_downsizer.axi_downsizer_inst/USE_WRITE.write_addr_inst/USE_B_CHANNEL.cmd_b_queue/inst/fifo_gen_inst/inst_fifo_gen/gconvfifo.rf/grf.rf/gntv_or_sync_fifo.gl0.rd/rpntr/gc0.count_reg[4]/CLR
  -------------------------------------------------------------------    -------------------

                         (clock clk_pl_0 rise edge)
                                                      0.000     0.000 r  
    PS8_X0Y0             PS8                          0.000     0.000 r  re2_bd_i/zynq_ultra_ps_e_0/inst/PS8_i/PLCLK[0]
                         net (fo=1, routed)           0.120     0.120    re2_bd_i/zynq_ultra_ps_e_0/inst/pl_clk_unbuffered[0]
    BUFG_PS_X0Y67        BUFG_PS (Prop_BUFG_PS_I_O)
                                                      0.018     0.138 r  re2_bd_i/zynq_ultra_ps_e_0/inst/buffer_pl_clk_0.PL_CLK_0_BUFG/O
    X0Y1 (CLOCK_ROOT)    net (fo=41213, routed)       1.121     1.259    re2_bd_i/ps8_0_axi_periph/s01_couplers/auto_ds/inst/gen_downsizer.gen_simple_downsizer.axi_downsizer_inst/USE_WRITE.write_addr_inst/USE_B_CHANNEL.cmd_b_queue/inst/fifo_gen_inst/inst_fifo_gen/gconvfifo.rf/grf.rf/gntv_or_sync_fifo.gl0.rd/rpntr/clk
    SLICE_X8Y61          FDCE                                         r  re2_bd_i/ps8_0_axi_periph/s01_couplers/auto_ds/inst/gen_downsizer.gen_simple_downsizer.axi_downsizer_inst/USE_WRITE.write_addr_inst/USE_B_CHANNEL.cmd_b_queue/inst/fifo_gen_inst/inst_fifo_gen/gconvfifo.rf/grf.rf/gntv_or_sync_fifo.gl0.rd/rpntr/gc0.count_reg[4]/C
                         clock pessimism             -0.134     1.124    
    SLICE_X8Y61          FDCE (Remov_CFF2_SLICEL_C_CLR)
                                                     -0.020     1.104    re2_bd_i/ps8_0_axi_periph/s01_couplers/auto_ds/inst/gen_downsizer.gen_simple_downsizer.axi_downsizer_inst/USE_WRITE.write_addr_inst/USE_B_CHANNEL.cmd_b_queue/inst/fifo_gen_inst/inst_fifo_gen/gconvfifo.rf/grf.rf/gntv_or_sync_fifo.gl0.rd/rpntr/gc0.count_reg[4]
  -------------------------------------------------------------------
                         required time                         -1.104    
                         arrival time                           1.315    
  -------------------------------------------------------------------
                         slack                                  0.211    





--------------------------------------------------------------------------------------
Path Group:  (none)
From Clock:  
  To Clock:  clk_pl_0

Max Delay             1 Endpoint
Min Delay             1 Endpoint
--------------------------------------------------------------------------------------


Max Delay Paths
--------------------------------------------------------------------------------------
Slack:                    inf
  Source:                 re2_bd_i/zynq_ultra_ps_e_0/inst/PS8_i/EMIOGPIOO[95]
                            (internal pin)
  Destination:            re2_bd_i/rst_ps8_0_100M/U0/EXT_LPF/ACTIVE_LOW_EXT.ACT_LO_EXT/GENERATE_LEVEL_P_S_CDC.SINGLE_BIT.CROSS_PLEVEL_IN2SCNDRY_IN_cdc_to/D
                            (rising edge-triggered cell FDRE clocked by clk_pl_0  {rise@0.000ns fall@5.000ns period=10.000ns})
  Path Group:             (none)
  Path Type:              Setup (Max at Slow Process Corner)
  Data Path Delay:        0.614ns  (logic 0.041ns (6.678%)  route 0.573ns (93.322%))
  Logic Levels:           1  (LUT1=1)
  Clock Uncertainty:      0.174ns  ((TSJ^2 + DJ^2)^1/2) / 2 + PE
    Total System Jitter     (TSJ):    0.050ns
    Discrete Jitter          (DJ):    0.344ns
    Phase Error              (PE):    0.000ns
  Clock Net Delay (Destination): 1.768ns (routing 0.736ns, distribution 1.032ns)
  Timing Exception:       False Path

    Location             Delay type                Incr(ns)  Path(ns)    Netlist Resource(s)
  -------------------------------------------------------------------    -------------------
    PS8_X0Y0             PS8                          0.000     0.000 f  re2_bd_i/zynq_ultra_ps_e_0/inst/PS8_i/EMIOGPIOO[95]
                         net (fo=1, routed)           0.253     0.253    re2_bd_i/rst_ps8_0_100M/U0/EXT_LPF/ACTIVE_LOW_EXT.ACT_LO_EXT/ext_reset_in
    SLICE_X1Y178         LUT1 (Prop_H6LUT_SLICEM_I0_O)
                                                      0.041     0.294 r  re2_bd_i/rst_ps8_0_100M/U0/EXT_LPF/ACTIVE_LOW_EXT.ACT_LO_EXT/GENERATE_LEVEL_P_S_CDC.SINGLE_BIT.CROSS_PLEVEL_IN2SCNDRY_IN_cdc_to_i_1/O
                         net (fo=1, routed)           0.320     0.614    re2_bd_i/rst_ps8_0_100M/U0/EXT_LPF/ACTIVE_LOW_EXT.ACT_LO_EXT/exr_d1
    SLICE_X1Y178         FDRE                                         r  re2_bd_i/rst_ps8_0_100M/U0/EXT_LPF/ACTIVE_LOW_EXT.ACT_LO_EXT/GENERATE_LEVEL_P_S_CDC.SINGLE_BIT.CROSS_PLEVEL_IN2SCNDRY_IN_cdc_to/D
  -------------------------------------------------------------------    -------------------

                         (clock clk_pl_0 rise edge)
                                                      0.000     0.000 r  
    PS8_X0Y0             PS8                          0.000     0.000 r  re2_bd_i/zynq_ultra_ps_e_0/inst/PS8_i/PLCLK[0]
                         net (fo=1, routed)           0.140     0.140    re2_bd_i/zynq_ultra_ps_e_0/inst/pl_clk_unbuffered[0]
    BUFG_PS_X0Y67        BUFG_PS (Prop_BUFG_PS_I_O)
                                                      0.027     0.167 r  re2_bd_i/zynq_ultra_ps_e_0/inst/buffer_pl_clk_0.PL_CLK_0_BUFG/O
    X0Y1 (CLOCK_ROOT)    net (fo=41213, routed)       1.768     1.935    re2_bd_i/rst_ps8_0_100M/U0/EXT_LPF/ACTIVE_LOW_EXT.ACT_LO_EXT/slowest_sync_clk
    SLICE_X1Y178         FDRE                                         r  re2_bd_i/rst_ps8_0_100M/U0/EXT_LPF/ACTIVE_LOW_EXT.ACT_LO_EXT/GENERATE_LEVEL_P_S_CDC.SINGLE_BIT.CROSS_PLEVEL_IN2SCNDRY_IN_cdc_to/C





Min Delay Paths
--------------------------------------------------------------------------------------
Slack:                    inf
  Source:                 re2_bd_i/zynq_ultra_ps_e_0/inst/PS8_i/EMIOGPIOO[95]
                            (internal pin)
  Destination:            re2_bd_i/rst_ps8_0_100M/U0/EXT_LPF/ACTIVE_LOW_EXT.ACT_LO_EXT/GENERATE_LEVEL_P_S_CDC.SINGLE_BIT.CROSS_PLEVEL_IN2SCNDRY_IN_cdc_to/D
                            (rising edge-triggered cell FDRE clocked by clk_pl_0  {rise@0.000ns fall@5.000ns period=10.000ns})
  Path Group:             (none)
  Path Type:              Hold (Min at Fast Process Corner)
  Data Path Delay:        0.248ns  (logic 0.015ns (6.048%)  route 0.233ns (93.952%))
  Logic Levels:           1  (LUT1=1)
  Clock Uncertainty:      0.174ns  ((TSJ^2 + DJ^2)^1/2) / 2 + PE
    Total System Jitter     (TSJ):    0.050ns
    Discrete Jitter          (DJ):    0.344ns
    Phase Error              (PE):    0.000ns
  Clock Net Delay (Destination): 1.143ns (routing 0.459ns, distribution 0.684ns)
  Timing Exception:       False Path

    Location             Delay type                Incr(ns)  Path(ns)    Netlist Resource(s)
  -------------------------------------------------------------------    -------------------
    PS8_X0Y0             PS8                          0.000     0.000 f  re2_bd_i/zynq_ultra_ps_e_0/inst/PS8_i/EMIOGPIOO[95]
                         net (fo=1, routed)           0.118     0.118    re2_bd_i/rst_ps8_0_100M/U0/EXT_LPF/ACTIVE_LOW_EXT.ACT_LO_EXT/ext_reset_in
    SLICE_X1Y178         LUT1 (Prop_H6LUT_SLICEM_I0_O)
                                                      0.015     0.133 r  re2_bd_i/rst_ps8_0_100M/U0/EXT_LPF/ACTIVE_LOW_EXT.ACT_LO_EXT/GENERATE_LEVEL_P_S_CDC.SINGLE_BIT.CROSS_PLEVEL_IN2SCNDRY_IN_cdc_to_i_1/O
                         net (fo=1, routed)           0.115     0.248    re2_bd_i/rst_ps8_0_100M/U0/EXT_LPF/ACTIVE_LOW_EXT.ACT_LO_EXT/exr_d1
    SLICE_X1Y178         FDRE                                         r  re2_bd_i/rst_ps8_0_100M/U0/EXT_LPF/ACTIVE_LOW_EXT.ACT_LO_EXT/GENERATE_LEVEL_P_S_CDC.SINGLE_BIT.CROSS_PLEVEL_IN2SCNDRY_IN_cdc_to/D
  -------------------------------------------------------------------    -------------------

                         (clock clk_pl_0 rise edge)
                                                      0.000     0.000 r  
    PS8_X0Y0             PS8                          0.000     0.000 r  re2_bd_i/zynq_ultra_ps_e_0/inst/PS8_i/PLCLK[0]
                         net (fo=1, routed)           0.120     0.120    re2_bd_i/zynq_ultra_ps_e_0/inst/pl_clk_unbuffered[0]
    BUFG_PS_X0Y67        BUFG_PS (Prop_BUFG_PS_I_O)
                                                      0.018     0.138 r  re2_bd_i/zynq_ultra_ps_e_0/inst/buffer_pl_clk_0.PL_CLK_0_BUFG/O
    X0Y1 (CLOCK_ROOT)    net (fo=41213, routed)       1.143     1.281    re2_bd_i/rst_ps8_0_100M/U0/EXT_LPF/ACTIVE_LOW_EXT.ACT_LO_EXT/slowest_sync_clk
    SLICE_X1Y178         FDRE                                         r  re2_bd_i/rst_ps8_0_100M/U0/EXT_LPF/ACTIVE_LOW_EXT.ACT_LO_EXT/GENERATE_LEVEL_P_S_CDC.SINGLE_BIT.CROSS_PLEVEL_IN2SCNDRY_IN_cdc_to/C





--------------------------------------------------------------------------------------
Path Group:  (none)
From Clock:  clk_pl_0
  To Clock:  clk_pl_0

Max Delay            40 Endpoints
Min Delay            40 Endpoints
--------------------------------------------------------------------------------------


Max Delay Paths
--------------------------------------------------------------------------------------
Slack:                    inf
  Source:                 re2_bd_i/rst_ps8_0_100M/U0/ACTIVE_LOW_PR_OUT_DFF[0].FDRE_PER_N/C
                            (rising edge-triggered cell FDRE clocked by clk_pl_0  {rise@0.000ns fall@5.000ns period=10.000ns})
  Destination:            re2_bd_i/axi_smc/inst/clk_map/psr_aclk/U0/EXT_LPF/ACTIVE_LOW_AUX.ACT_LO_AUX/GENERATE_LEVEL_P_S_CDC.SINGLE_BIT.CROSS_PLEVEL_IN2SCNDRY_IN_cdc_to/D
                            (rising edge-triggered cell FDRE clocked by clk_pl_0  {rise@0.000ns fall@5.000ns period=10.000ns})
  Path Group:             (none)
  Path Type:              Setup (Max at Slow Process Corner)
  Data Path Delay:        2.727ns  (logic 0.157ns (5.757%)  route 2.570ns (94.243%))
  Logic Levels:           1  (LUT1=1)
  Clock Path Skew:        -0.332ns (DCD - SCD + CPR)
    Destination Clock Delay (DCD):    1.893ns
    Source Clock Delay      (SCD):    2.225ns
    Clock Pessimism Removal (CPR):    0.000ns
  Clock Uncertainty:      0.176ns  ((TSJ^2 + DJ^2)^1/2) / 2 + PE
    Total System Jitter     (TSJ):    0.071ns
    Discrete Jitter          (DJ):    0.344ns
    Phase Error              (PE):    0.000ns
  Clock Net Delay (Source):      2.018ns (routing 0.814ns, distribution 1.204ns)
  Clock Net Delay (Destination): 1.726ns (routing 0.736ns, distribution 0.990ns)
  Timing Exception:       False Path

    Location             Delay type                Incr(ns)  Path(ns)    Netlist Resource(s)
  -------------------------------------------------------------------    -------------------
                         (clock clk_pl_0 rise edge)
                                                      0.000     0.000 r  
    PS8_X0Y0             PS8                          0.000     0.000 r  re2_bd_i/zynq_ultra_ps_e_0/inst/PS8_i/PLCLK[0]
                         net (fo=1, routed)           0.178     0.178    re2_bd_i/zynq_ultra_ps_e_0/inst/pl_clk_unbuffered[0]
    BUFG_PS_X0Y67        BUFG_PS (Prop_BUFG_PS_I_O)
                                                      0.029     0.207 r  re2_bd_i/zynq_ultra_ps_e_0/inst/buffer_pl_clk_0.PL_CLK_0_BUFG/O
    X0Y1 (CLOCK_ROOT)    net (fo=41213, routed)       2.018     2.225    re2_bd_i/rst_ps8_0_100M/U0/slowest_sync_clk
    SLICE_X1Y177         FDRE                                         r  re2_bd_i/rst_ps8_0_100M/U0/ACTIVE_LOW_PR_OUT_DFF[0].FDRE_PER_N/C
  -------------------------------------------------------------------    -------------------
    SLICE_X1Y177         FDRE (Prop_EFF_SLICEM_C_Q)
                                                      0.093     2.318 f  re2_bd_i/rst_ps8_0_100M/U0/ACTIVE_LOW_PR_OUT_DFF[0].FDRE_PER_N/Q
                         net (fo=946, routed)         2.410     4.729    re2_bd_i/axi_smc/inst/clk_map/psr_aclk/U0/EXT_LPF/ACTIVE_LOW_AUX.ACT_LO_AUX/aresetn
    SLICE_X8Y21          LUT1 (Prop_H6LUT_SLICEL_I0_O)
                                                      0.064     4.793 r  re2_bd_i/axi_smc/inst/clk_map/psr_aclk/U0/EXT_LPF/ACTIVE_LOW_AUX.ACT_LO_AUX/GENERATE_LEVEL_P_S_CDC.SINGLE_BIT.CROSS_PLEVEL_IN2SCNDRY_IN_cdc_to_i_1/O
                         net (fo=1, routed)           0.160     4.953    re2_bd_i/axi_smc/inst/clk_map/psr_aclk/U0/EXT_LPF/ACTIVE_LOW_AUX.ACT_LO_AUX/asr_d1
    SLICE_X8Y21          FDRE                                         r  re2_bd_i/axi_smc/inst/clk_map/psr_aclk/U0/EXT_LPF/ACTIVE_LOW_AUX.ACT_LO_AUX/GENERATE_LEVEL_P_S_CDC.SINGLE_BIT.CROSS_PLEVEL_IN2SCNDRY_IN_cdc_to/D
  -------------------------------------------------------------------    -------------------

                         (clock clk_pl_0 rise edge)
                                                      0.000     0.000 r  
    PS8_X0Y0             PS8                          0.000     0.000 r  re2_bd_i/zynq_ultra_ps_e_0/inst/PS8_i/PLCLK[0]
                         net (fo=1, routed)           0.140     0.140    re2_bd_i/zynq_ultra_ps_e_0/inst/pl_clk_unbuffered[0]
    BUFG_PS_X0Y67        BUFG_PS (Prop_BUFG_PS_I_O)
                                                      0.027     0.167 r  re2_bd_i/zynq_ultra_ps_e_0/inst/buffer_pl_clk_0.PL_CLK_0_BUFG/O
    X0Y1 (CLOCK_ROOT)    net (fo=41213, routed)       1.726     1.893    re2_bd_i/axi_smc/inst/clk_map/psr_aclk/U0/EXT_LPF/ACTIVE_LOW_AUX.ACT_LO_AUX/aclk
    SLICE_X8Y21          FDRE                                         r  re2_bd_i/axi_smc/inst/clk_map/psr_aclk/U0/EXT_LPF/ACTIVE_LOW_AUX.ACT_LO_AUX/GENERATE_LEVEL_P_S_CDC.SINGLE_BIT.CROSS_PLEVEL_IN2SCNDRY_IN_cdc_to/C

Slack:                    inf
  Source:                 re2_bd_i/rst_ps8_0_100M/U0/ACTIVE_LOW_PR_OUT_DFF[0].FDRE_PER_N/C
                            (rising edge-triggered cell FDRE clocked by clk_pl_0  {rise@0.000ns fall@5.000ns period=10.000ns})
  Destination:            re2_bd_i/ps8_0_axi_periph/s00_couplers/auto_ds/inst/gen_downsizer.gen_simple_downsizer.axi_downsizer_inst/USE_READ.read_addr_inst/cmd_queue/inst/fifo_gen_inst/inst_fifo_gen/gconvfifo.rf/grf.rf/rstblk/ngwrdrst.grst.g7serrst.gnsckt_wrst.rst_wr_reg2_inst/arststages_ff_reg[0]/PRE
                            (recovery check against rising-edge clock clk_pl_0  {rise@0.000ns fall@5.000ns period=10.000ns})
  Path Group:             (none)
  Path Type:              Recovery (Max at Slow Process Corner)
  Data Path Delay:        2.370ns  (logic 0.093ns (3.924%)  route 2.277ns (96.076%))
  Logic Levels:           0  
  Clock Path Skew:        -0.331ns (DCD - SCD + CPR)
    Destination Clock Delay (DCD):    1.894ns
    Source Clock Delay      (SCD):    2.225ns
    Clock Pessimism Removal (CPR):    0.000ns
  Clock Uncertainty:      0.176ns  ((TSJ^2 + DJ^2)^1/2) / 2 + PE
    Total System Jitter     (TSJ):    0.071ns
    Discrete Jitter          (DJ):    0.344ns
    Phase Error              (PE):    0.000ns
  Clock Net Delay (Source):      2.018ns (routing 0.814ns, distribution 1.204ns)
  Clock Net Delay (Destination): 1.727ns (routing 0.736ns, distribution 0.991ns)
  Timing Exception:       False Path

    Location             Delay type                Incr(ns)  Path(ns)    Netlist Resource(s)
  -------------------------------------------------------------------    -------------------
                         (clock clk_pl_0 rise edge)
                                                      0.000     0.000 r  
    PS8_X0Y0             PS8                          0.000     0.000 r  re2_bd_i/zynq_ultra_ps_e_0/inst/PS8_i/PLCLK[0]
                         net (fo=1, routed)           0.178     0.178    re2_bd_i/zynq_ultra_ps_e_0/inst/pl_clk_unbuffered[0]
    BUFG_PS_X0Y67        BUFG_PS (Prop_BUFG_PS_I_O)
                                                      0.029     0.207 r  re2_bd_i/zynq_ultra_ps_e_0/inst/buffer_pl_clk_0.PL_CLK_0_BUFG/O
    X0Y1 (CLOCK_ROOT)    net (fo=41213, routed)       2.018     2.225    re2_bd_i/rst_ps8_0_100M/U0/slowest_sync_clk
    SLICE_X1Y177         FDRE                                         r  re2_bd_i/rst_ps8_0_100M/U0/ACTIVE_LOW_PR_OUT_DFF[0].FDRE_PER_N/C
  -------------------------------------------------------------------    -------------------
    SLICE_X1Y177         FDRE (Prop_EFF_SLICEM_C_Q)
                                                      0.093     2.318 r  re2_bd_i/rst_ps8_0_100M/U0/ACTIVE_LOW_PR_OUT_DFF[0].FDRE_PER_N/Q
                         net (fo=946, routed)         2.277     4.595    re2_bd_i/ps8_0_axi_periph/s00_couplers/auto_ds/inst/gen_downsizer.gen_simple_downsizer.axi_downsizer_inst/USE_READ.read_addr_inst/cmd_queue/inst/fifo_gen_inst/inst_fifo_gen/gconvfifo.rf/grf.rf/rstblk/ngwrdrst.grst.g7serrst.gnsckt_wrst.rst_wr_reg2_inst/src_arst
    SLICE_X8Y38          FDPE                                         f  re2_bd_i/ps8_0_axi_periph/s00_couplers/auto_ds/inst/gen_downsizer.gen_simple_downsizer.axi_downsizer_inst/USE_READ.read_addr_inst/cmd_queue/inst/fifo_gen_inst/inst_fifo_gen/gconvfifo.rf/grf.rf/rstblk/ngwrdrst.grst.g7serrst.gnsckt_wrst.rst_wr_reg2_inst/arststages_ff_reg[0]/PRE  (IS_INVERTED)
  -------------------------------------------------------------------    -------------------

                         (clock clk_pl_0 rise edge)
                                                      0.000     0.000 r  
    PS8_X0Y0             PS8                          0.000     0.000 r  re2_bd_i/zynq_ultra_ps_e_0/inst/PS8_i/PLCLK[0]
                         net (fo=1, routed)           0.140     0.140    re2_bd_i/zynq_ultra_ps_e_0/inst/pl_clk_unbuffered[0]
    BUFG_PS_X0Y67        BUFG_PS (Prop_BUFG_PS_I_O)
                                                      0.027     0.167 r  re2_bd_i/zynq_ultra_ps_e_0/inst/buffer_pl_clk_0.PL_CLK_0_BUFG/O
    X0Y1 (CLOCK_ROOT)    net (fo=41213, routed)       1.727     1.894    re2_bd_i/ps8_0_axi_periph/s00_couplers/auto_ds/inst/gen_downsizer.gen_simple_downsizer.axi_downsizer_inst/USE_READ.read_addr_inst/cmd_queue/inst/fifo_gen_inst/inst_fifo_gen/gconvfifo.rf/grf.rf/rstblk/ngwrdrst.grst.g7serrst.gnsckt_wrst.rst_wr_reg2_inst/dest_clk
    SLICE_X8Y38          FDPE                                         r  re2_bd_i/ps8_0_axi_periph/s00_couplers/auto_ds/inst/gen_downsizer.gen_simple_downsizer.axi_downsizer_inst/USE_READ.read_addr_inst/cmd_queue/inst/fifo_gen_inst/inst_fifo_gen/gconvfifo.rf/grf.rf/rstblk/ngwrdrst.grst.g7serrst.gnsckt_wrst.rst_wr_reg2_inst/arststages_ff_reg[0]/C

Slack:                    inf
  Source:                 re2_bd_i/rst_ps8_0_100M/U0/ACTIVE_LOW_PR_OUT_DFF[0].FDRE_PER_N/C
                            (rising edge-triggered cell FDRE clocked by clk_pl_0  {rise@0.000ns fall@5.000ns period=10.000ns})
  Destination:            re2_bd_i/ps8_0_axi_periph/s00_couplers/auto_ds/inst/gen_downsizer.gen_simple_downsizer.axi_downsizer_inst/USE_READ.read_addr_inst/cmd_queue/inst/fifo_gen_inst/inst_fifo_gen/gconvfifo.rf/grf.rf/rstblk/ngwrdrst.grst.g7serrst.gnsckt_wrst.rst_wr_reg2_inst/arststages_ff_reg[1]/PRE
                            (recovery check against rising-edge clock clk_pl_0  {rise@0.000ns fall@5.000ns period=10.000ns})
  Path Group:             (none)
  Path Type:              Recovery (Max at Slow Process Corner)
  Data Path Delay:        2.370ns  (logic 0.093ns (3.924%)  route 2.277ns (96.076%))
  Logic Levels:           0  
  Clock Path Skew:        -0.331ns (DCD - SCD + CPR)
    Destination Clock Delay (DCD):    1.894ns
    Source Clock Delay      (SCD):    2.225ns
    Clock Pessimism Removal (CPR):    0.000ns
  Clock Uncertainty:      0.176ns  ((TSJ^2 + DJ^2)^1/2) / 2 + PE
    Total System Jitter     (TSJ):    0.071ns
    Discrete Jitter          (DJ):    0.344ns
    Phase Error              (PE):    0.000ns
  Clock Net Delay (Source):      2.018ns (routing 0.814ns, distribution 1.204ns)
  Clock Net Delay (Destination): 1.727ns (routing 0.736ns, distribution 0.991ns)
  Timing Exception:       False Path

    Location             Delay type                Incr(ns)  Path(ns)    Netlist Resource(s)
  -------------------------------------------------------------------    -------------------
                         (clock clk_pl_0 rise edge)
                                                      0.000     0.000 r  
    PS8_X0Y0             PS8                          0.000     0.000 r  re2_bd_i/zynq_ultra_ps_e_0/inst/PS8_i/PLCLK[0]
                         net (fo=1, routed)           0.178     0.178    re2_bd_i/zynq_ultra_ps_e_0/inst/pl_clk_unbuffered[0]
    BUFG_PS_X0Y67        BUFG_PS (Prop_BUFG_PS_I_O)
                                                      0.029     0.207 r  re2_bd_i/zynq_ultra_ps_e_0/inst/buffer_pl_clk_0.PL_CLK_0_BUFG/O
    X0Y1 (CLOCK_ROOT)    net (fo=41213, routed)       2.018     2.225    re2_bd_i/rst_ps8_0_100M/U0/slowest_sync_clk
    SLICE_X1Y177         FDRE                                         r  re2_bd_i/rst_ps8_0_100M/U0/ACTIVE_LOW_PR_OUT_DFF[0].FDRE_PER_N/C
  -------------------------------------------------------------------    -------------------
    SLICE_X1Y177         FDRE (Prop_EFF_SLICEM_C_Q)
                                                      0.093     2.318 r  re2_bd_i/rst_ps8_0_100M/U0/ACTIVE_LOW_PR_OUT_DFF[0].FDRE_PER_N/Q
                         net (fo=946, routed)         2.277     4.595    re2_bd_i/ps8_0_axi_periph/s00_couplers/auto_ds/inst/gen_downsizer.gen_simple_downsizer.axi_downsizer_inst/USE_READ.read_addr_inst/cmd_queue/inst/fifo_gen_inst/inst_fifo_gen/gconvfifo.rf/grf.rf/rstblk/ngwrdrst.grst.g7serrst.gnsckt_wrst.rst_wr_reg2_inst/src_arst
    SLICE_X8Y38          FDPE                                         f  re2_bd_i/ps8_0_axi_periph/s00_couplers/auto_ds/inst/gen_downsizer.gen_simple_downsizer.axi_downsizer_inst/USE_READ.read_addr_inst/cmd_queue/inst/fifo_gen_inst/inst_fifo_gen/gconvfifo.rf/grf.rf/rstblk/ngwrdrst.grst.g7serrst.gnsckt_wrst.rst_wr_reg2_inst/arststages_ff_reg[1]/PRE  (IS_INVERTED)
  -------------------------------------------------------------------    -------------------

                         (clock clk_pl_0 rise edge)
                                                      0.000     0.000 r  
    PS8_X0Y0             PS8                          0.000     0.000 r  re2_bd_i/zynq_ultra_ps_e_0/inst/PS8_i/PLCLK[0]
                         net (fo=1, routed)           0.140     0.140    re2_bd_i/zynq_ultra_ps_e_0/inst/pl_clk_unbuffered[0]
    BUFG_PS_X0Y67        BUFG_PS (Prop_BUFG_PS_I_O)
                                                      0.027     0.167 r  re2_bd_i/zynq_ultra_ps_e_0/inst/buffer_pl_clk_0.PL_CLK_0_BUFG/O
    X0Y1 (CLOCK_ROOT)    net (fo=41213, routed)       1.727     1.894    re2_bd_i/ps8_0_axi_periph/s00_couplers/auto_ds/inst/gen_downsizer.gen_simple_downsizer.axi_downsizer_inst/USE_READ.read_addr_inst/cmd_queue/inst/fifo_gen_inst/inst_fifo_gen/gconvfifo.rf/grf.rf/rstblk/ngwrdrst.grst.g7serrst.gnsckt_wrst.rst_wr_reg2_inst/dest_clk
    SLICE_X8Y38          FDPE                                         r  re2_bd_i/ps8_0_axi_periph/s00_couplers/auto_ds/inst/gen_downsizer.gen_simple_downsizer.axi_downsizer_inst/USE_READ.read_addr_inst/cmd_queue/inst/fifo_gen_inst/inst_fifo_gen/gconvfifo.rf/grf.rf/rstblk/ngwrdrst.grst.g7serrst.gnsckt_wrst.rst_wr_reg2_inst/arststages_ff_reg[1]/C

Slack:                    inf
  Source:                 re2_bd_i/rst_ps8_0_100M/U0/ACTIVE_LOW_PR_OUT_DFF[0].FDRE_PER_N/C
                            (rising edge-triggered cell FDRE clocked by clk_pl_0  {rise@0.000ns fall@5.000ns period=10.000ns})
  Destination:            re2_bd_i/ps8_0_axi_periph/s01_couplers/auto_ds/inst/gen_downsizer.gen_simple_downsizer.axi_downsizer_inst/USE_WRITE.write_addr_inst/cmd_queue/inst/fifo_gen_inst/inst_fifo_gen/gconvfifo.rf/grf.rf/rstblk/ngwrdrst.grst.g7serrst.gnsckt_wrst.rst_wr_reg2_inst/arststages_ff_reg[0]/PRE
                            (recovery check against rising-edge clock clk_pl_0  {rise@0.000ns fall@5.000ns period=10.000ns})
  Path Group:             (none)
  Path Type:              Recovery (Max at Slow Process Corner)
  Data Path Delay:        2.281ns  (logic 0.093ns (4.076%)  route 2.188ns (95.924%))
  Logic Levels:           0  
  Clock Path Skew:        -0.313ns (DCD - SCD + CPR)
    Destination Clock Delay (DCD):    1.912ns
    Source Clock Delay      (SCD):    2.225ns
    Clock Pessimism Removal (CPR):    0.000ns
  Clock Uncertainty:      0.176ns  ((TSJ^2 + DJ^2)^1/2) / 2 + PE
    Total System Jitter     (TSJ):    0.071ns
    Discrete Jitter          (DJ):    0.344ns
    Phase Error              (PE):    0.000ns
  Clock Net Delay (Source):      2.018ns (routing 0.814ns, distribution 1.204ns)
  Clock Net Delay (Destination): 1.745ns (routing 0.736ns, distribution 1.009ns)
  Timing Exception:       False Path

    Location             Delay type                Incr(ns)  Path(ns)    Netlist Resource(s)
  -------------------------------------------------------------------    -------------------
                         (clock clk_pl_0 rise edge)
                                                      0.000     0.000 r  
    PS8_X0Y0             PS8                          0.000     0.000 r  re2_bd_i/zynq_ultra_ps_e_0/inst/PS8_i/PLCLK[0]
                         net (fo=1, routed)           0.178     0.178    re2_bd_i/zynq_ultra_ps_e_0/inst/pl_clk_unbuffered[0]
    BUFG_PS_X0Y67        BUFG_PS (Prop_BUFG_PS_I_O)
                                                      0.029     0.207 r  re2_bd_i/zynq_ultra_ps_e_0/inst/buffer_pl_clk_0.PL_CLK_0_BUFG/O
    X0Y1 (CLOCK_ROOT)    net (fo=41213, routed)       2.018     2.225    re2_bd_i/rst_ps8_0_100M/U0/slowest_sync_clk
    SLICE_X1Y177         FDRE                                         r  re2_bd_i/rst_ps8_0_100M/U0/ACTIVE_LOW_PR_OUT_DFF[0].FDRE_PER_N/C
  -------------------------------------------------------------------    -------------------
    SLICE_X1Y177         FDRE (Prop_EFF_SLICEM_C_Q)
                                                      0.093     2.318 r  re2_bd_i/rst_ps8_0_100M/U0/ACTIVE_LOW_PR_OUT_DFF[0].FDRE_PER_N/Q
                         net (fo=946, routed)         2.188     4.507    re2_bd_i/ps8_0_axi_periph/s01_couplers/auto_ds/inst/gen_downsizer.gen_simple_downsizer.axi_downsizer_inst/USE_WRITE.write_addr_inst/cmd_queue/inst/fifo_gen_inst/inst_fifo_gen/gconvfifo.rf/grf.rf/rstblk/ngwrdrst.grst.g7serrst.gnsckt_wrst.rst_wr_reg2_inst/src_arst
    SLICE_X6Y55          FDPE                                         f  re2_bd_i/ps8_0_axi_periph/s01_couplers/auto_ds/inst/gen_downsizer.gen_simple_downsizer.axi_downsizer_inst/USE_WRITE.write_addr_inst/cmd_queue/inst/fifo_gen_inst/inst_fifo_gen/gconvfifo.rf/grf.rf/rstblk/ngwrdrst.grst.g7serrst.gnsckt_wrst.rst_wr_reg2_inst/arststages_ff_reg[0]/PRE  (IS_INVERTED)
  -------------------------------------------------------------------    -------------------

                         (clock clk_pl_0 rise edge)
                                                      0.000     0.000 r  
    PS8_X0Y0             PS8                          0.000     0.000 r  re2_bd_i/zynq_ultra_ps_e_0/inst/PS8_i/PLCLK[0]
                         net (fo=1, routed)           0.140     0.140    re2_bd_i/zynq_ultra_ps_e_0/inst/pl_clk_unbuffered[0]
    BUFG_PS_X0Y67        BUFG_PS (Prop_BUFG_PS_I_O)
                                                      0.027     0.167 r  re2_bd_i/zynq_ultra_ps_e_0/inst/buffer_pl_clk_0.PL_CLK_0_BUFG/O
    X0Y1 (CLOCK_ROOT)    net (fo=41213, routed)       1.745     1.912    re2_bd_i/ps8_0_axi_periph/s01_couplers/auto_ds/inst/gen_downsizer.gen_simple_downsizer.axi_downsizer_inst/USE_WRITE.write_addr_inst/cmd_queue/inst/fifo_gen_inst/inst_fifo_gen/gconvfifo.rf/grf.rf/rstblk/ngwrdrst.grst.g7serrst.gnsckt_wrst.rst_wr_reg2_inst/dest_clk
    SLICE_X6Y55          FDPE                                         r  re2_bd_i/ps8_0_axi_periph/s01_couplers/auto_ds/inst/gen_downsizer.gen_simple_downsizer.axi_downsizer_inst/USE_WRITE.write_addr_inst/cmd_queue/inst/fifo_gen_inst/inst_fifo_gen/gconvfifo.rf/grf.rf/rstblk/ngwrdrst.grst.g7serrst.gnsckt_wrst.rst_wr_reg2_inst/arststages_ff_reg[0]/C

Slack:                    inf
  Source:                 re2_bd_i/rst_ps8_0_100M/U0/ACTIVE_LOW_PR_OUT_DFF[0].FDRE_PER_N/C
                            (rising edge-triggered cell FDRE clocked by clk_pl_0  {rise@0.000ns fall@5.000ns period=10.000ns})
  Destination:            re2_bd_i/ps8_0_axi_periph/s01_couplers/auto_ds/inst/gen_downsizer.gen_simple_downsizer.axi_downsizer_inst/USE_WRITE.write_addr_inst/cmd_queue/inst/fifo_gen_inst/inst_fifo_gen/gconvfifo.rf/grf.rf/rstblk/ngwrdrst.grst.g7serrst.gnsckt_wrst.rst_wr_reg2_inst/arststages_ff_reg[1]/PRE
                            (recovery check against rising-edge clock clk_pl_0  {rise@0.000ns fall@5.000ns period=10.000ns})
  Path Group:             (none)
  Path Type:              Recovery (Max at Slow Process Corner)
  Data Path Delay:        2.281ns  (logic 0.093ns (4.076%)  route 2.188ns (95.924%))
  Logic Levels:           0  
  Clock Path Skew:        -0.313ns (DCD - SCD + CPR)
    Destination Clock Delay (DCD):    1.912ns
    Source Clock Delay      (SCD):    2.225ns
    Clock Pessimism Removal (CPR):    0.000ns
  Clock Uncertainty:      0.176ns  ((TSJ^2 + DJ^2)^1/2) / 2 + PE
    Total System Jitter     (TSJ):    0.071ns
    Discrete Jitter          (DJ):    0.344ns
    Phase Error              (PE):    0.000ns
  Clock Net Delay (Source):      2.018ns (routing 0.814ns, distribution 1.204ns)
  Clock Net Delay (Destination): 1.745ns (routing 0.736ns, distribution 1.009ns)
  Timing Exception:       False Path

    Location             Delay type                Incr(ns)  Path(ns)    Netlist Resource(s)
  -------------------------------------------------------------------    -------------------
                         (clock clk_pl_0 rise edge)
                                                      0.000     0.000 r  
    PS8_X0Y0             PS8                          0.000     0.000 r  re2_bd_i/zynq_ultra_ps_e_0/inst/PS8_i/PLCLK[0]
                         net (fo=1, routed)           0.178     0.178    re2_bd_i/zynq_ultra_ps_e_0/inst/pl_clk_unbuffered[0]
    BUFG_PS_X0Y67        BUFG_PS (Prop_BUFG_PS_I_O)
                                                      0.029     0.207 r  re2_bd_i/zynq_ultra_ps_e_0/inst/buffer_pl_clk_0.PL_CLK_0_BUFG/O
    X0Y1 (CLOCK_ROOT)    net (fo=41213, routed)       2.018     2.225    re2_bd_i/rst_ps8_0_100M/U0/slowest_sync_clk
    SLICE_X1Y177         FDRE                                         r  re2_bd_i/rst_ps8_0_100M/U0/ACTIVE_LOW_PR_OUT_DFF[0].FDRE_PER_N/C
  -------------------------------------------------------------------    -------------------
    SLICE_X1Y177         FDRE (Prop_EFF_SLICEM_C_Q)
                                                      0.093     2.318 r  re2_bd_i/rst_ps8_0_100M/U0/ACTIVE_LOW_PR_OUT_DFF[0].FDRE_PER_N/Q
                         net (fo=946, routed)         2.188     4.507    re2_bd_i/ps8_0_axi_periph/s01_couplers/auto_ds/inst/gen_downsizer.gen_simple_downsizer.axi_downsizer_inst/USE_WRITE.write_addr_inst/cmd_queue/inst/fifo_gen_inst/inst_fifo_gen/gconvfifo.rf/grf.rf/rstblk/ngwrdrst.grst.g7serrst.gnsckt_wrst.rst_wr_reg2_inst/src_arst
    SLICE_X6Y55          FDPE                                         f  re2_bd_i/ps8_0_axi_periph/s01_couplers/auto_ds/inst/gen_downsizer.gen_simple_downsizer.axi_downsizer_inst/USE_WRITE.write_addr_inst/cmd_queue/inst/fifo_gen_inst/inst_fifo_gen/gconvfifo.rf/grf.rf/rstblk/ngwrdrst.grst.g7serrst.gnsckt_wrst.rst_wr_reg2_inst/arststages_ff_reg[1]/PRE  (IS_INVERTED)
  -------------------------------------------------------------------    -------------------

                         (clock clk_pl_0 rise edge)
                                                      0.000     0.000 r  
    PS8_X0Y0             PS8                          0.000     0.000 r  re2_bd_i/zynq_ultra_ps_e_0/inst/PS8_i/PLCLK[0]
                         net (fo=1, routed)           0.140     0.140    re2_bd_i/zynq_ultra_ps_e_0/inst/pl_clk_unbuffered[0]
    BUFG_PS_X0Y67        BUFG_PS (Prop_BUFG_PS_I_O)
                                                      0.027     0.167 r  re2_bd_i/zynq_ultra_ps_e_0/inst/buffer_pl_clk_0.PL_CLK_0_BUFG/O
    X0Y1 (CLOCK_ROOT)    net (fo=41213, routed)       1.745     1.912    re2_bd_i/ps8_0_axi_periph/s01_couplers/auto_ds/inst/gen_downsizer.gen_simple_downsizer.axi_downsizer_inst/USE_WRITE.write_addr_inst/cmd_queue/inst/fifo_gen_inst/inst_fifo_gen/gconvfifo.rf/grf.rf/rstblk/ngwrdrst.grst.g7serrst.gnsckt_wrst.rst_wr_reg2_inst/dest_clk
    SLICE_X6Y55          FDPE                                         r  re2_bd_i/ps8_0_axi_periph/s01_couplers/auto_ds/inst/gen_downsizer.gen_simple_downsizer.axi_downsizer_inst/USE_WRITE.write_addr_inst/cmd_queue/inst/fifo_gen_inst/inst_fifo_gen/gconvfifo.rf/grf.rf/rstblk/ngwrdrst.grst.g7serrst.gnsckt_wrst.rst_wr_reg2_inst/arststages_ff_reg[1]/C

Slack:                    inf
  Source:                 re2_bd_i/rst_ps8_0_100M/U0/ACTIVE_LOW_PR_OUT_DFF[0].FDRE_PER_N/C
                            (rising edge-triggered cell FDRE clocked by clk_pl_0  {rise@0.000ns fall@5.000ns period=10.000ns})
  Destination:            re2_bd_i/ps8_0_axi_periph/s00_couplers/auto_ds/inst/gen_downsizer.gen_simple_downsizer.axi_downsizer_inst/USE_WRITE.write_addr_inst/USE_B_CHANNEL.cmd_b_queue/inst/fifo_gen_inst/inst_fifo_gen/gconvfifo.rf/grf.rf/rstblk/ngwrdrst.grst.g7serrst.gnsckt_wrst.rst_wr_reg2_inst/arststages_ff_reg[0]/PRE
                            (recovery check against rising-edge clock clk_pl_0  {rise@0.000ns fall@5.000ns period=10.000ns})
  Path Group:             (none)
  Path Type:              Recovery (Max at Slow Process Corner)
  Data Path Delay:        2.184ns  (logic 0.093ns (4.258%)  route 2.091ns (95.742%))
  Logic Levels:           0  
  Clock Path Skew:        -0.329ns (DCD - SCD + CPR)
    Destination Clock Delay (DCD):    1.896ns
    Source Clock Delay      (SCD):    2.225ns
    Clock Pessimism Removal (CPR):    0.000ns
  Clock Uncertainty:      0.176ns  ((TSJ^2 + DJ^2)^1/2) / 2 + PE
    Total System Jitter     (TSJ):    0.071ns
    Discrete Jitter          (DJ):    0.344ns
    Phase Error              (PE):    0.000ns
  Clock Net Delay (Source):      2.018ns (routing 0.814ns, distribution 1.204ns)
  Clock Net Delay (Destination): 1.729ns (routing 0.736ns, distribution 0.993ns)
  Timing Exception:       False Path

    Location             Delay type                Incr(ns)  Path(ns)    Netlist Resource(s)
  -------------------------------------------------------------------    -------------------
                         (clock clk_pl_0 rise edge)
                                                      0.000     0.000 r  
    PS8_X0Y0             PS8                          0.000     0.000 r  re2_bd_i/zynq_ultra_ps_e_0/inst/PS8_i/PLCLK[0]
                         net (fo=1, routed)           0.178     0.178    re2_bd_i/zynq_ultra_ps_e_0/inst/pl_clk_unbuffered[0]
    BUFG_PS_X0Y67        BUFG_PS (Prop_BUFG_PS_I_O)
                                                      0.029     0.207 r  re2_bd_i/zynq_ultra_ps_e_0/inst/buffer_pl_clk_0.PL_CLK_0_BUFG/O
    X0Y1 (CLOCK_ROOT)    net (fo=41213, routed)       2.018     2.225    re2_bd_i/rst_ps8_0_100M/U0/slowest_sync_clk
    SLICE_X1Y177         FDRE                                         r  re2_bd_i/rst_ps8_0_100M/U0/ACTIVE_LOW_PR_OUT_DFF[0].FDRE_PER_N/C
  -------------------------------------------------------------------    -------------------
    SLICE_X1Y177         FDRE (Prop_EFF_SLICEM_C_Q)
                                                      0.093     2.318 r  re2_bd_i/rst_ps8_0_100M/U0/ACTIVE_LOW_PR_OUT_DFF[0].FDRE_PER_N/Q
                         net (fo=946, routed)         2.091     4.409    re2_bd_i/ps8_0_axi_periph/s00_couplers/auto_ds/inst/gen_downsizer.gen_simple_downsizer.axi_downsizer_inst/USE_WRITE.write_addr_inst/USE_B_CHANNEL.cmd_b_queue/inst/fifo_gen_inst/inst_fifo_gen/gconvfifo.rf/grf.rf/rstblk/ngwrdrst.grst.g7serrst.gnsckt_wrst.rst_wr_reg2_inst/src_arst
    SLICE_X0Y22          FDPE                                         f  re2_bd_i/ps8_0_axi_periph/s00_couplers/auto_ds/inst/gen_downsizer.gen_simple_downsizer.axi_downsizer_inst/USE_WRITE.write_addr_inst/USE_B_CHANNEL.cmd_b_queue/inst/fifo_gen_inst/inst_fifo_gen/gconvfifo.rf/grf.rf/rstblk/ngwrdrst.grst.g7serrst.gnsckt_wrst.rst_wr_reg2_inst/arststages_ff_reg[0]/PRE  (IS_INVERTED)
  -------------------------------------------------------------------    -------------------

                         (clock clk_pl_0 rise edge)
                                                      0.000     0.000 r  
    PS8_X0Y0             PS8                          0.000     0.000 r  re2_bd_i/zynq_ultra_ps_e_0/inst/PS8_i/PLCLK[0]
                         net (fo=1, routed)           0.140     0.140    re2_bd_i/zynq_ultra_ps_e_0/inst/pl_clk_unbuffered[0]
    BUFG_PS_X0Y67        BUFG_PS (Prop_BUFG_PS_I_O)
                                                      0.027     0.167 r  re2_bd_i/zynq_ultra_ps_e_0/inst/buffer_pl_clk_0.PL_CLK_0_BUFG/O
    X0Y1 (CLOCK_ROOT)    net (fo=41213, routed)       1.729     1.896    re2_bd_i/ps8_0_axi_periph/s00_couplers/auto_ds/inst/gen_downsizer.gen_simple_downsizer.axi_downsizer_inst/USE_WRITE.write_addr_inst/USE_B_CHANNEL.cmd_b_queue/inst/fifo_gen_inst/inst_fifo_gen/gconvfifo.rf/grf.rf/rstblk/ngwrdrst.grst.g7serrst.gnsckt_wrst.rst_wr_reg2_inst/dest_clk
    SLICE_X0Y22          FDPE                                         r  re2_bd_i/ps8_0_axi_periph/s00_couplers/auto_ds/inst/gen_downsizer.gen_simple_downsizer.axi_downsizer_inst/USE_WRITE.write_addr_inst/USE_B_CHANNEL.cmd_b_queue/inst/fifo_gen_inst/inst_fifo_gen/gconvfifo.rf/grf.rf/rstblk/ngwrdrst.grst.g7serrst.gnsckt_wrst.rst_wr_reg2_inst/arststages_ff_reg[0]/C

Slack:                    inf
  Source:                 re2_bd_i/rst_ps8_0_100M/U0/ACTIVE_LOW_PR_OUT_DFF[0].FDRE_PER_N/C
                            (rising edge-triggered cell FDRE clocked by clk_pl_0  {rise@0.000ns fall@5.000ns period=10.000ns})
  Destination:            re2_bd_i/ps8_0_axi_periph/s00_couplers/auto_ds/inst/gen_downsizer.gen_simple_downsizer.axi_downsizer_inst/USE_WRITE.write_addr_inst/USE_B_CHANNEL.cmd_b_queue/inst/fifo_gen_inst/inst_fifo_gen/gconvfifo.rf/grf.rf/rstblk/ngwrdrst.grst.g7serrst.gnsckt_wrst.rst_wr_reg2_inst/arststages_ff_reg[1]/PRE
                            (recovery check against rising-edge clock clk_pl_0  {rise@0.000ns fall@5.000ns period=10.000ns})
  Path Group:             (none)
  Path Type:              Recovery (Max at Slow Process Corner)
  Data Path Delay:        2.184ns  (logic 0.093ns (4.258%)  route 2.091ns (95.742%))
  Logic Levels:           0  
  Clock Path Skew:        -0.329ns (DCD - SCD + CPR)
    Destination Clock Delay (DCD):    1.896ns
    Source Clock Delay      (SCD):    2.225ns
    Clock Pessimism Removal (CPR):    0.000ns
  Clock Uncertainty:      0.176ns  ((TSJ^2 + DJ^2)^1/2) / 2 + PE
    Total System Jitter     (TSJ):    0.071ns
    Discrete Jitter          (DJ):    0.344ns
    Phase Error              (PE):    0.000ns
  Clock Net Delay (Source):      2.018ns (routing 0.814ns, distribution 1.204ns)
  Clock Net Delay (Destination): 1.729ns (routing 0.736ns, distribution 0.993ns)
  Timing Exception:       False Path

    Location             Delay type                Incr(ns)  Path(ns)    Netlist Resource(s)
  -------------------------------------------------------------------    -------------------
                         (clock clk_pl_0 rise edge)
                                                      0.000     0.000 r  
    PS8_X0Y0             PS8                          0.000     0.000 r  re2_bd_i/zynq_ultra_ps_e_0/inst/PS8_i/PLCLK[0]
                         net (fo=1, routed)           0.178     0.178    re2_bd_i/zynq_ultra_ps_e_0/inst/pl_clk_unbuffered[0]
    BUFG_PS_X0Y67        BUFG_PS (Prop_BUFG_PS_I_O)
                                                      0.029     0.207 r  re2_bd_i/zynq_ultra_ps_e_0/inst/buffer_pl_clk_0.PL_CLK_0_BUFG/O
    X0Y1 (CLOCK_ROOT)    net (fo=41213, routed)       2.018     2.225    re2_bd_i/rst_ps8_0_100M/U0/slowest_sync_clk
    SLICE_X1Y177         FDRE                                         r  re2_bd_i/rst_ps8_0_100M/U0/ACTIVE_LOW_PR_OUT_DFF[0].FDRE_PER_N/C
  -------------------------------------------------------------------    -------------------
    SLICE_X1Y177         FDRE (Prop_EFF_SLICEM_C_Q)
                                                      0.093     2.318 r  re2_bd_i/rst_ps8_0_100M/U0/ACTIVE_LOW_PR_OUT_DFF[0].FDRE_PER_N/Q
                         net (fo=946, routed)         2.091     4.409    re2_bd_i/ps8_0_axi_periph/s00_couplers/auto_ds/inst/gen_downsizer.gen_simple_downsizer.axi_downsizer_inst/USE_WRITE.write_addr_inst/USE_B_CHANNEL.cmd_b_queue/inst/fifo_gen_inst/inst_fifo_gen/gconvfifo.rf/grf.rf/rstblk/ngwrdrst.grst.g7serrst.gnsckt_wrst.rst_wr_reg2_inst/src_arst
    SLICE_X0Y22          FDPE                                         f  re2_bd_i/ps8_0_axi_periph/s00_couplers/auto_ds/inst/gen_downsizer.gen_simple_downsizer.axi_downsizer_inst/USE_WRITE.write_addr_inst/USE_B_CHANNEL.cmd_b_queue/inst/fifo_gen_inst/inst_fifo_gen/gconvfifo.rf/grf.rf/rstblk/ngwrdrst.grst.g7serrst.gnsckt_wrst.rst_wr_reg2_inst/arststages_ff_reg[1]/PRE  (IS_INVERTED)
  -------------------------------------------------------------------    -------------------

                         (clock clk_pl_0 rise edge)
                                                      0.000     0.000 r  
    PS8_X0Y0             PS8                          0.000     0.000 r  re2_bd_i/zynq_ultra_ps_e_0/inst/PS8_i/PLCLK[0]
                         net (fo=1, routed)           0.140     0.140    re2_bd_i/zynq_ultra_ps_e_0/inst/pl_clk_unbuffered[0]
    BUFG_PS_X0Y67        BUFG_PS (Prop_BUFG_PS_I_O)
                                                      0.027     0.167 r  re2_bd_i/zynq_ultra_ps_e_0/inst/buffer_pl_clk_0.PL_CLK_0_BUFG/O
    X0Y1 (CLOCK_ROOT)    net (fo=41213, routed)       1.729     1.896    re2_bd_i/ps8_0_axi_periph/s00_couplers/auto_ds/inst/gen_downsizer.gen_simple_downsizer.axi_downsizer_inst/USE_WRITE.write_addr_inst/USE_B_CHANNEL.cmd_b_queue/inst/fifo_gen_inst/inst_fifo_gen/gconvfifo.rf/grf.rf/rstblk/ngwrdrst.grst.g7serrst.gnsckt_wrst.rst_wr_reg2_inst/dest_clk
    SLICE_X0Y22          FDPE                                         r  re2_bd_i/ps8_0_axi_periph/s00_couplers/auto_ds/inst/gen_downsizer.gen_simple_downsizer.axi_downsizer_inst/USE_WRITE.write_addr_inst/USE_B_CHANNEL.cmd_b_queue/inst/fifo_gen_inst/inst_fifo_gen/gconvfifo.rf/grf.rf/rstblk/ngwrdrst.grst.g7serrst.gnsckt_wrst.rst_wr_reg2_inst/arststages_ff_reg[1]/C

Slack:                    inf
  Source:                 re2_bd_i/rst_ps8_0_100M/U0/ACTIVE_LOW_PR_OUT_DFF[0].FDRE_PER_N/C
                            (rising edge-triggered cell FDRE clocked by clk_pl_0  {rise@0.000ns fall@5.000ns period=10.000ns})
  Destination:            re2_bd_i/ps8_0_axi_periph/s00_couplers/auto_ds/inst/gen_downsizer.gen_simple_downsizer.axi_downsizer_inst/USE_WRITE.write_addr_inst/cmd_queue/inst/fifo_gen_inst/inst_fifo_gen/gconvfifo.rf/grf.rf/rstblk/ngwrdrst.grst.g7serrst.gnsckt_wrst.rst_wr_reg2_inst/arststages_ff_reg[0]/PRE
                            (recovery check against rising-edge clock clk_pl_0  {rise@0.000ns fall@5.000ns period=10.000ns})
  Path Group:             (none)
  Path Type:              Recovery (Max at Slow Process Corner)
  Data Path Delay:        2.010ns  (logic 0.093ns (4.628%)  route 1.917ns (95.372%))
  Logic Levels:           0  
  Clock Path Skew:        -0.328ns (DCD - SCD + CPR)
    Destination Clock Delay (DCD):    1.897ns
    Source Clock Delay      (SCD):    2.225ns
    Clock Pessimism Removal (CPR):    0.000ns
  Clock Uncertainty:      0.176ns  ((TSJ^2 + DJ^2)^1/2) / 2 + PE
    Total System Jitter     (TSJ):    0.071ns
    Discrete Jitter          (DJ):    0.344ns
    Phase Error              (PE):    0.000ns
  Clock Net Delay (Source):      2.018ns (routing 0.814ns, distribution 1.204ns)
  Clock Net Delay (Destination): 1.730ns (routing 0.736ns, distribution 0.994ns)
  Timing Exception:       False Path

    Location             Delay type                Incr(ns)  Path(ns)    Netlist Resource(s)
  -------------------------------------------------------------------    -------------------
                         (clock clk_pl_0 rise edge)
                                                      0.000     0.000 r  
    PS8_X0Y0             PS8                          0.000     0.000 r  re2_bd_i/zynq_ultra_ps_e_0/inst/PS8_i/PLCLK[0]
                         net (fo=1, routed)           0.178     0.178    re2_bd_i/zynq_ultra_ps_e_0/inst/pl_clk_unbuffered[0]
    BUFG_PS_X0Y67        BUFG_PS (Prop_BUFG_PS_I_O)
                                                      0.029     0.207 r  re2_bd_i/zynq_ultra_ps_e_0/inst/buffer_pl_clk_0.PL_CLK_0_BUFG/O
    X0Y1 (CLOCK_ROOT)    net (fo=41213, routed)       2.018     2.225    re2_bd_i/rst_ps8_0_100M/U0/slowest_sync_clk
    SLICE_X1Y177         FDRE                                         r  re2_bd_i/rst_ps8_0_100M/U0/ACTIVE_LOW_PR_OUT_DFF[0].FDRE_PER_N/C
  -------------------------------------------------------------------    -------------------
    SLICE_X1Y177         FDRE (Prop_EFF_SLICEM_C_Q)
                                                      0.093     2.318 r  re2_bd_i/rst_ps8_0_100M/U0/ACTIVE_LOW_PR_OUT_DFF[0].FDRE_PER_N/Q
                         net (fo=946, routed)         1.917     4.235    re2_bd_i/ps8_0_axi_periph/s00_couplers/auto_ds/inst/gen_downsizer.gen_simple_downsizer.axi_downsizer_inst/USE_WRITE.write_addr_inst/cmd_queue/inst/fifo_gen_inst/inst_fifo_gen/gconvfifo.rf/grf.rf/rstblk/ngwrdrst.grst.g7serrst.gnsckt_wrst.rst_wr_reg2_inst/src_arst
    SLICE_X2Y25          FDPE                                         f  re2_bd_i/ps8_0_axi_periph/s00_couplers/auto_ds/inst/gen_downsizer.gen_simple_downsizer.axi_downsizer_inst/USE_WRITE.write_addr_inst/cmd_queue/inst/fifo_gen_inst/inst_fifo_gen/gconvfifo.rf/grf.rf/rstblk/ngwrdrst.grst.g7serrst.gnsckt_wrst.rst_wr_reg2_inst/arststages_ff_reg[0]/PRE  (IS_INVERTED)
  -------------------------------------------------------------------    -------------------

                         (clock clk_pl_0 rise edge)
                                                      0.000     0.000 r  
    PS8_X0Y0             PS8                          0.000     0.000 r  re2_bd_i/zynq_ultra_ps_e_0/inst/PS8_i/PLCLK[0]
                         net (fo=1, routed)           0.140     0.140    re2_bd_i/zynq_ultra_ps_e_0/inst/pl_clk_unbuffered[0]
    BUFG_PS_X0Y67        BUFG_PS (Prop_BUFG_PS_I_O)
                                                      0.027     0.167 r  re2_bd_i/zynq_ultra_ps_e_0/inst/buffer_pl_clk_0.PL_CLK_0_BUFG/O
    X0Y1 (CLOCK_ROOT)    net (fo=41213, routed)       1.730     1.897    re2_bd_i/ps8_0_axi_periph/s00_couplers/auto_ds/inst/gen_downsizer.gen_simple_downsizer.axi_downsizer_inst/USE_WRITE.write_addr_inst/cmd_queue/inst/fifo_gen_inst/inst_fifo_gen/gconvfifo.rf/grf.rf/rstblk/ngwrdrst.grst.g7serrst.gnsckt_wrst.rst_wr_reg2_inst/dest_clk
    SLICE_X2Y25          FDPE                                         r  re2_bd_i/ps8_0_axi_periph/s00_couplers/auto_ds/inst/gen_downsizer.gen_simple_downsizer.axi_downsizer_inst/USE_WRITE.write_addr_inst/cmd_queue/inst/fifo_gen_inst/inst_fifo_gen/gconvfifo.rf/grf.rf/rstblk/ngwrdrst.grst.g7serrst.gnsckt_wrst.rst_wr_reg2_inst/arststages_ff_reg[0]/C

Slack:                    inf
  Source:                 re2_bd_i/rst_ps8_0_100M/U0/ACTIVE_LOW_PR_OUT_DFF[0].FDRE_PER_N/C
                            (rising edge-triggered cell FDRE clocked by clk_pl_0  {rise@0.000ns fall@5.000ns period=10.000ns})
  Destination:            re2_bd_i/ps8_0_axi_periph/s00_couplers/auto_ds/inst/gen_downsizer.gen_simple_downsizer.axi_downsizer_inst/USE_WRITE.write_addr_inst/cmd_queue/inst/fifo_gen_inst/inst_fifo_gen/gconvfifo.rf/grf.rf/rstblk/ngwrdrst.grst.g7serrst.gnsckt_wrst.rst_wr_reg2_inst/arststages_ff_reg[1]/PRE
                            (recovery check against rising-edge clock clk_pl_0  {rise@0.000ns fall@5.000ns period=10.000ns})
  Path Group:             (none)
  Path Type:              Recovery (Max at Slow Process Corner)
  Data Path Delay:        2.010ns  (logic 0.093ns (4.628%)  route 1.917ns (95.372%))
  Logic Levels:           0  
  Clock Path Skew:        -0.328ns (DCD - SCD + CPR)
    Destination Clock Delay (DCD):    1.897ns
    Source Clock Delay      (SCD):    2.225ns
    Clock Pessimism Removal (CPR):    0.000ns
  Clock Uncertainty:      0.176ns  ((TSJ^2 + DJ^2)^1/2) / 2 + PE
    Total System Jitter     (TSJ):    0.071ns
    Discrete Jitter          (DJ):    0.344ns
    Phase Error              (PE):    0.000ns
  Clock Net Delay (Source):      2.018ns (routing 0.814ns, distribution 1.204ns)
  Clock Net Delay (Destination): 1.730ns (routing 0.736ns, distribution 0.994ns)
  Timing Exception:       False Path

    Location             Delay type                Incr(ns)  Path(ns)    Netlist Resource(s)
  -------------------------------------------------------------------    -------------------
                         (clock clk_pl_0 rise edge)
                                                      0.000     0.000 r  
    PS8_X0Y0             PS8                          0.000     0.000 r  re2_bd_i/zynq_ultra_ps_e_0/inst/PS8_i/PLCLK[0]
                         net (fo=1, routed)           0.178     0.178    re2_bd_i/zynq_ultra_ps_e_0/inst/pl_clk_unbuffered[0]
    BUFG_PS_X0Y67        BUFG_PS (Prop_BUFG_PS_I_O)
                                                      0.029     0.207 r  re2_bd_i/zynq_ultra_ps_e_0/inst/buffer_pl_clk_0.PL_CLK_0_BUFG/O
    X0Y1 (CLOCK_ROOT)    net (fo=41213, routed)       2.018     2.225    re2_bd_i/rst_ps8_0_100M/U0/slowest_sync_clk
    SLICE_X1Y177         FDRE                                         r  re2_bd_i/rst_ps8_0_100M/U0/ACTIVE_LOW_PR_OUT_DFF[0].FDRE_PER_N/C
  -------------------------------------------------------------------    -------------------
    SLICE_X1Y177         FDRE (Prop_EFF_SLICEM_C_Q)
                                                      0.093     2.318 r  re2_bd_i/rst_ps8_0_100M/U0/ACTIVE_LOW_PR_OUT_DFF[0].FDRE_PER_N/Q
                         net (fo=946, routed)         1.917     4.235    re2_bd_i/ps8_0_axi_periph/s00_couplers/auto_ds/inst/gen_downsizer.gen_simple_downsizer.axi_downsizer_inst/USE_WRITE.write_addr_inst/cmd_queue/inst/fifo_gen_inst/inst_fifo_gen/gconvfifo.rf/grf.rf/rstblk/ngwrdrst.grst.g7serrst.gnsckt_wrst.rst_wr_reg2_inst/src_arst
    SLICE_X2Y25          FDPE                                         f  re2_bd_i/ps8_0_axi_periph/s00_couplers/auto_ds/inst/gen_downsizer.gen_simple_downsizer.axi_downsizer_inst/USE_WRITE.write_addr_inst/cmd_queue/inst/fifo_gen_inst/inst_fifo_gen/gconvfifo.rf/grf.rf/rstblk/ngwrdrst.grst.g7serrst.gnsckt_wrst.rst_wr_reg2_inst/arststages_ff_reg[1]/PRE  (IS_INVERTED)
  -------------------------------------------------------------------    -------------------

                         (clock clk_pl_0 rise edge)
                                                      0.000     0.000 r  
    PS8_X0Y0             PS8                          0.000     0.000 r  re2_bd_i/zynq_ultra_ps_e_0/inst/PS8_i/PLCLK[0]
                         net (fo=1, routed)           0.140     0.140    re2_bd_i/zynq_ultra_ps_e_0/inst/pl_clk_unbuffered[0]
    BUFG_PS_X0Y67        BUFG_PS (Prop_BUFG_PS_I_O)
                                                      0.027     0.167 r  re2_bd_i/zynq_ultra_ps_e_0/inst/buffer_pl_clk_0.PL_CLK_0_BUFG/O
    X0Y1 (CLOCK_ROOT)    net (fo=41213, routed)       1.730     1.897    re2_bd_i/ps8_0_axi_periph/s00_couplers/auto_ds/inst/gen_downsizer.gen_simple_downsizer.axi_downsizer_inst/USE_WRITE.write_addr_inst/cmd_queue/inst/fifo_gen_inst/inst_fifo_gen/gconvfifo.rf/grf.rf/rstblk/ngwrdrst.grst.g7serrst.gnsckt_wrst.rst_wr_reg2_inst/dest_clk
    SLICE_X2Y25          FDPE                                         r  re2_bd_i/ps8_0_axi_periph/s00_couplers/auto_ds/inst/gen_downsizer.gen_simple_downsizer.axi_downsizer_inst/USE_WRITE.write_addr_inst/cmd_queue/inst/fifo_gen_inst/inst_fifo_gen/gconvfifo.rf/grf.rf/rstblk/ngwrdrst.grst.g7serrst.gnsckt_wrst.rst_wr_reg2_inst/arststages_ff_reg[1]/C

Slack:                    inf
  Source:                 re2_bd_i/rst_ps8_0_100M/U0/ACTIVE_LOW_PR_OUT_DFF[0].FDRE_PER_N/C
                            (rising edge-triggered cell FDRE clocked by clk_pl_0  {rise@0.000ns fall@5.000ns period=10.000ns})
  Destination:            re2_bd_i/ps8_0_axi_periph/s01_couplers/auto_ds/inst/gen_downsizer.gen_simple_downsizer.axi_downsizer_inst/USE_READ.read_addr_inst/cmd_queue/inst/fifo_gen_inst/inst_fifo_gen/gconvfifo.rf/grf.rf/rstblk/ngwrdrst.grst.g7serrst.gnsckt_wrst.rst_wr_reg2_inst/arststages_ff_reg[0]/PRE
                            (recovery check against rising-edge clock clk_pl_0  {rise@0.000ns fall@5.000ns period=10.000ns})
  Path Group:             (none)
  Path Type:              Recovery (Max at Slow Process Corner)
  Data Path Delay:        1.891ns  (logic 0.093ns (4.919%)  route 1.798ns (95.081%))
  Logic Levels:           0  
  Clock Path Skew:        -0.333ns (DCD - SCD + CPR)
    Destination Clock Delay (DCD):    1.892ns
    Source Clock Delay      (SCD):    2.225ns
    Clock Pessimism Removal (CPR):    0.000ns
  Clock Uncertainty:      0.176ns  ((TSJ^2 + DJ^2)^1/2) / 2 + PE
    Total System Jitter     (TSJ):    0.071ns
    Discrete Jitter          (DJ):    0.344ns
    Phase Error              (PE):    0.000ns
  Clock Net Delay (Source):      2.018ns (routing 0.814ns, distribution 1.204ns)
  Clock Net Delay (Destination): 1.725ns (routing 0.736ns, distribution 0.989ns)
  Timing Exception:       False Path

    Location             Delay type                Incr(ns)  Path(ns)    Netlist Resource(s)
  -------------------------------------------------------------------    -------------------
                         (clock clk_pl_0 rise edge)
                                                      0.000     0.000 r  
    PS8_X0Y0             PS8                          0.000     0.000 r  re2_bd_i/zynq_ultra_ps_e_0/inst/PS8_i/PLCLK[0]
                         net (fo=1, routed)           0.178     0.178    re2_bd_i/zynq_ultra_ps_e_0/inst/pl_clk_unbuffered[0]
    BUFG_PS_X0Y67        BUFG_PS (Prop_BUFG_PS_I_O)
                                                      0.029     0.207 r  re2_bd_i/zynq_ultra_ps_e_0/inst/buffer_pl_clk_0.PL_CLK_0_BUFG/O
    X0Y1 (CLOCK_ROOT)    net (fo=41213, routed)       2.018     2.225    re2_bd_i/rst_ps8_0_100M/U0/slowest_sync_clk
    SLICE_X1Y177         FDRE                                         r  re2_bd_i/rst_ps8_0_100M/U0/ACTIVE_LOW_PR_OUT_DFF[0].FDRE_PER_N/C
  -------------------------------------------------------------------    -------------------
    SLICE_X1Y177         FDRE (Prop_EFF_SLICEM_C_Q)
                                                      0.093     2.318 r  re2_bd_i/rst_ps8_0_100M/U0/ACTIVE_LOW_PR_OUT_DFF[0].FDRE_PER_N/Q
                         net (fo=946, routed)         1.798     4.116    re2_bd_i/ps8_0_axi_periph/s01_couplers/auto_ds/inst/gen_downsizer.gen_simple_downsizer.axi_downsizer_inst/USE_READ.read_addr_inst/cmd_queue/inst/fifo_gen_inst/inst_fifo_gen/gconvfifo.rf/grf.rf/rstblk/ngwrdrst.grst.g7serrst.gnsckt_wrst.rst_wr_reg2_inst/src_arst
    SLICE_X8Y71          FDPE                                         f  re2_bd_i/ps8_0_axi_periph/s01_couplers/auto_ds/inst/gen_downsizer.gen_simple_downsizer.axi_downsizer_inst/USE_READ.read_addr_inst/cmd_queue/inst/fifo_gen_inst/inst_fifo_gen/gconvfifo.rf/grf.rf/rstblk/ngwrdrst.grst.g7serrst.gnsckt_wrst.rst_wr_reg2_inst/arststages_ff_reg[0]/PRE  (IS_INVERTED)
  -------------------------------------------------------------------    -------------------

                         (clock clk_pl_0 rise edge)
                                                      0.000     0.000 r  
    PS8_X0Y0             PS8                          0.000     0.000 r  re2_bd_i/zynq_ultra_ps_e_0/inst/PS8_i/PLCLK[0]
                         net (fo=1, routed)           0.140     0.140    re2_bd_i/zynq_ultra_ps_e_0/inst/pl_clk_unbuffered[0]
    BUFG_PS_X0Y67        BUFG_PS (Prop_BUFG_PS_I_O)
                                                      0.027     0.167 r  re2_bd_i/zynq_ultra_ps_e_0/inst/buffer_pl_clk_0.PL_CLK_0_BUFG/O
    X0Y1 (CLOCK_ROOT)    net (fo=41213, routed)       1.725     1.892    re2_bd_i/ps8_0_axi_periph/s01_couplers/auto_ds/inst/gen_downsizer.gen_simple_downsizer.axi_downsizer_inst/USE_READ.read_addr_inst/cmd_queue/inst/fifo_gen_inst/inst_fifo_gen/gconvfifo.rf/grf.rf/rstblk/ngwrdrst.grst.g7serrst.gnsckt_wrst.rst_wr_reg2_inst/dest_clk
    SLICE_X8Y71          FDPE                                         r  re2_bd_i/ps8_0_axi_periph/s01_couplers/auto_ds/inst/gen_downsizer.gen_simple_downsizer.axi_downsizer_inst/USE_READ.read_addr_inst/cmd_queue/inst/fifo_gen_inst/inst_fifo_gen/gconvfifo.rf/grf.rf/rstblk/ngwrdrst.grst.g7serrst.gnsckt_wrst.rst_wr_reg2_inst/arststages_ff_reg[0]/C





Min Delay Paths
--------------------------------------------------------------------------------------
Slack:                    inf
  Source:                 re2_bd_i/axi_smc/inst/clk_map/psr_aclk/U0/ACTIVE_LOW_BSR_OUT_DFF[0].FDRE_BSR_N/C
                            (rising edge-triggered cell FDRE clocked by clk_pl_0  {rise@0.000ns fall@5.000ns period=10.000ns})
  Destination:            re2_bd_i/axi_smc/inst/m00_exit_pipeline/m00_exit/inst/xpm_cdc_async_rst_inst/arststages_ff_reg[0]/CLR
                            (removal check against rising-edge clock clk_pl_0  {rise@0.000ns fall@5.000ns period=10.000ns})
  Path Group:             (none)
  Path Type:              Removal (Min at Fast Process Corner)
  Data Path Delay:        0.216ns  (logic 0.039ns (18.063%)  route 0.177ns (81.937%))
  Logic Levels:           0  
  Clock Path Skew:        0.162ns (DCD - SCD - CPR)
    Destination Clock Delay (DCD):    1.276ns
    Source Clock Delay      (SCD):    1.114ns
    Clock Pessimism Removal (CPR):    -0.000ns
  Clock Uncertainty:      0.176ns  ((TSJ^2 + DJ^2)^1/2) / 2 + PE
    Total System Jitter     (TSJ):    0.071ns
    Discrete Jitter          (DJ):    0.344ns
    Phase Error              (PE):    0.000ns
  Clock Net Delay (Source):      1.003ns (routing 0.410ns, distribution 0.593ns)
  Clock Net Delay (Destination): 1.138ns (routing 0.459ns, distribution 0.679ns)
  Timing Exception:       False Path

    Location             Delay type                Incr(ns)  Path(ns)    Netlist Resource(s)
  -------------------------------------------------------------------    -------------------
                         (clock clk_pl_0 rise edge)
                                                      0.000     0.000 r  
    PS8_X0Y0             PS8                          0.000     0.000 r  re2_bd_i/zynq_ultra_ps_e_0/inst/PS8_i/PLCLK[0]
                         net (fo=1, routed)           0.094     0.094    re2_bd_i/zynq_ultra_ps_e_0/inst/pl_clk_unbuffered[0]
    BUFG_PS_X0Y67        BUFG_PS (Prop_BUFG_PS_I_O)
                                                      0.017     0.111 r  re2_bd_i/zynq_ultra_ps_e_0/inst/buffer_pl_clk_0.PL_CLK_0_BUFG/O
    X0Y1 (CLOCK_ROOT)    net (fo=41213, routed)       1.003     1.114    re2_bd_i/axi_smc/inst/clk_map/psr_aclk/U0/aclk
    SLICE_X5Y22          FDRE                                         r  re2_bd_i/axi_smc/inst/clk_map/psr_aclk/U0/ACTIVE_LOW_BSR_OUT_DFF[0].FDRE_BSR_N/C
  -------------------------------------------------------------------    -------------------
    SLICE_X5Y22          FDRE (Prop_DFF_SLICEM_C_Q)
                                                      0.039     1.153 r  re2_bd_i/axi_smc/inst/clk_map/psr_aclk/U0/ACTIVE_LOW_BSR_OUT_DFF[0].FDRE_BSR_N/Q
                         net (fo=27, routed)          0.177     1.330    re2_bd_i/axi_smc/inst/m00_exit_pipeline/m00_exit/inst/xpm_cdc_async_rst_inst/src_arst
    SLICE_X6Y5           FDCE                                         f  re2_bd_i/axi_smc/inst/m00_exit_pipeline/m00_exit/inst/xpm_cdc_async_rst_inst/arststages_ff_reg[0]/CLR  (IS_INVERTED)
  -------------------------------------------------------------------    -------------------

                         (clock clk_pl_0 rise edge)
                                                      0.000     0.000 r  
    PS8_X0Y0             PS8                          0.000     0.000 r  re2_bd_i/zynq_ultra_ps_e_0/inst/PS8_i/PLCLK[0]
                         net (fo=1, routed)           0.120     0.120    re2_bd_i/zynq_ultra_ps_e_0/inst/pl_clk_unbuffered[0]
    BUFG_PS_X0Y67        BUFG_PS (Prop_BUFG_PS_I_O)
                                                      0.018     0.138 r  re2_bd_i/zynq_ultra_ps_e_0/inst/buffer_pl_clk_0.PL_CLK_0_BUFG/O
    X0Y1 (CLOCK_ROOT)    net (fo=41213, routed)       1.138     1.276    re2_bd_i/axi_smc/inst/m00_exit_pipeline/m00_exit/inst/xpm_cdc_async_rst_inst/dest_clk
    SLICE_X6Y5           FDCE                                         r  re2_bd_i/axi_smc/inst/m00_exit_pipeline/m00_exit/inst/xpm_cdc_async_rst_inst/arststages_ff_reg[0]/C

Slack:                    inf
  Source:                 re2_bd_i/axi_smc/inst/clk_map/psr_aclk/U0/ACTIVE_LOW_BSR_OUT_DFF[0].FDRE_BSR_N/C
                            (rising edge-triggered cell FDRE clocked by clk_pl_0  {rise@0.000ns fall@5.000ns period=10.000ns})
  Destination:            re2_bd_i/axi_smc/inst/m00_exit_pipeline/m00_exit/inst/xpm_cdc_async_rst_inst/arststages_ff_reg[1]/CLR
                            (removal check against rising-edge clock clk_pl_0  {rise@0.000ns fall@5.000ns period=10.000ns})
  Path Group:             (none)
  Path Type:              Removal (Min at Fast Process Corner)
  Data Path Delay:        0.216ns  (logic 0.039ns (18.063%)  route 0.177ns (81.937%))
  Logic Levels:           0  
  Clock Path Skew:        0.162ns (DCD - SCD - CPR)
    Destination Clock Delay (DCD):    1.276ns
    Source Clock Delay      (SCD):    1.114ns
    Clock Pessimism Removal (CPR):    -0.000ns
  Clock Uncertainty:      0.176ns  ((TSJ^2 + DJ^2)^1/2) / 2 + PE
    Total System Jitter     (TSJ):    0.071ns
    Discrete Jitter          (DJ):    0.344ns
    Phase Error              (PE):    0.000ns
  Clock Net Delay (Source):      1.003ns (routing 0.410ns, distribution 0.593ns)
  Clock Net Delay (Destination): 1.138ns (routing 0.459ns, distribution 0.679ns)
  Timing Exception:       False Path

    Location             Delay type                Incr(ns)  Path(ns)    Netlist Resource(s)
  -------------------------------------------------------------------    -------------------
                         (clock clk_pl_0 rise edge)
                                                      0.000     0.000 r  
    PS8_X0Y0             PS8                          0.000     0.000 r  re2_bd_i/zynq_ultra_ps_e_0/inst/PS8_i/PLCLK[0]
                         net (fo=1, routed)           0.094     0.094    re2_bd_i/zynq_ultra_ps_e_0/inst/pl_clk_unbuffered[0]
    BUFG_PS_X0Y67        BUFG_PS (Prop_BUFG_PS_I_O)
                                                      0.017     0.111 r  re2_bd_i/zynq_ultra_ps_e_0/inst/buffer_pl_clk_0.PL_CLK_0_BUFG/O
    X0Y1 (CLOCK_ROOT)    net (fo=41213, routed)       1.003     1.114    re2_bd_i/axi_smc/inst/clk_map/psr_aclk/U0/aclk
    SLICE_X5Y22          FDRE                                         r  re2_bd_i/axi_smc/inst/clk_map/psr_aclk/U0/ACTIVE_LOW_BSR_OUT_DFF[0].FDRE_BSR_N/C
  -------------------------------------------------------------------    -------------------
    SLICE_X5Y22          FDRE (Prop_DFF_SLICEM_C_Q)
                                                      0.039     1.153 r  re2_bd_i/axi_smc/inst/clk_map/psr_aclk/U0/ACTIVE_LOW_BSR_OUT_DFF[0].FDRE_BSR_N/Q
                         net (fo=27, routed)          0.177     1.330    re2_bd_i/axi_smc/inst/m00_exit_pipeline/m00_exit/inst/xpm_cdc_async_rst_inst/src_arst
    SLICE_X6Y5           FDCE                                         f  re2_bd_i/axi_smc/inst/m00_exit_pipeline/m00_exit/inst/xpm_cdc_async_rst_inst/arststages_ff_reg[1]/CLR  (IS_INVERTED)
  -------------------------------------------------------------------    -------------------

                         (clock clk_pl_0 rise edge)
                                                      0.000     0.000 r  
    PS8_X0Y0             PS8                          0.000     0.000 r  re2_bd_i/zynq_ultra_ps_e_0/inst/PS8_i/PLCLK[0]
                         net (fo=1, routed)           0.120     0.120    re2_bd_i/zynq_ultra_ps_e_0/inst/pl_clk_unbuffered[0]
    BUFG_PS_X0Y67        BUFG_PS (Prop_BUFG_PS_I_O)
                                                      0.018     0.138 r  re2_bd_i/zynq_ultra_ps_e_0/inst/buffer_pl_clk_0.PL_CLK_0_BUFG/O
    X0Y1 (CLOCK_ROOT)    net (fo=41213, routed)       1.138     1.276    re2_bd_i/axi_smc/inst/m00_exit_pipeline/m00_exit/inst/xpm_cdc_async_rst_inst/dest_clk
    SLICE_X6Y5           FDCE                                         r  re2_bd_i/axi_smc/inst/m00_exit_pipeline/m00_exit/inst/xpm_cdc_async_rst_inst/arststages_ff_reg[1]/C

Slack:                    inf
  Source:                 re2_bd_i/axi_smc/inst/clk_map/psr_aclk/U0/ACTIVE_LOW_BSR_OUT_DFF[0].FDRE_BSR_N/C
                            (rising edge-triggered cell FDRE clocked by clk_pl_0  {rise@0.000ns fall@5.000ns period=10.000ns})
  Destination:            re2_bd_i/axi_smc/inst/m00_exit_pipeline/m00_exit/inst/xpm_cdc_async_rst_inst/arststages_ff_reg[2]/CLR
                            (removal check against rising-edge clock clk_pl_0  {rise@0.000ns fall@5.000ns period=10.000ns})
  Path Group:             (none)
  Path Type:              Removal (Min at Fast Process Corner)
  Data Path Delay:        0.216ns  (logic 0.039ns (18.063%)  route 0.177ns (81.937%))
  Logic Levels:           0  
  Clock Path Skew:        0.162ns (DCD - SCD - CPR)
    Destination Clock Delay (DCD):    1.276ns
    Source Clock Delay      (SCD):    1.114ns
    Clock Pessimism Removal (CPR):    -0.000ns
  Clock Uncertainty:      0.176ns  ((TSJ^2 + DJ^2)^1/2) / 2 + PE
    Total System Jitter     (TSJ):    0.071ns
    Discrete Jitter          (DJ):    0.344ns
    Phase Error              (PE):    0.000ns
  Clock Net Delay (Source):      1.003ns (routing 0.410ns, distribution 0.593ns)
  Clock Net Delay (Destination): 1.138ns (routing 0.459ns, distribution 0.679ns)
  Timing Exception:       False Path

    Location             Delay type                Incr(ns)  Path(ns)    Netlist Resource(s)
  -------------------------------------------------------------------    -------------------
                         (clock clk_pl_0 rise edge)
                                                      0.000     0.000 r  
    PS8_X0Y0             PS8                          0.000     0.000 r  re2_bd_i/zynq_ultra_ps_e_0/inst/PS8_i/PLCLK[0]
                         net (fo=1, routed)           0.094     0.094    re2_bd_i/zynq_ultra_ps_e_0/inst/pl_clk_unbuffered[0]
    BUFG_PS_X0Y67        BUFG_PS (Prop_BUFG_PS_I_O)
                                                      0.017     0.111 r  re2_bd_i/zynq_ultra_ps_e_0/inst/buffer_pl_clk_0.PL_CLK_0_BUFG/O
    X0Y1 (CLOCK_ROOT)    net (fo=41213, routed)       1.003     1.114    re2_bd_i/axi_smc/inst/clk_map/psr_aclk/U0/aclk
    SLICE_X5Y22          FDRE                                         r  re2_bd_i/axi_smc/inst/clk_map/psr_aclk/U0/ACTIVE_LOW_BSR_OUT_DFF[0].FDRE_BSR_N/C
  -------------------------------------------------------------------    -------------------
    SLICE_X5Y22          FDRE (Prop_DFF_SLICEM_C_Q)
                                                      0.039     1.153 r  re2_bd_i/axi_smc/inst/clk_map/psr_aclk/U0/ACTIVE_LOW_BSR_OUT_DFF[0].FDRE_BSR_N/Q
                         net (fo=27, routed)          0.177     1.330    re2_bd_i/axi_smc/inst/m00_exit_pipeline/m00_exit/inst/xpm_cdc_async_rst_inst/src_arst
    SLICE_X6Y5           FDCE                                         f  re2_bd_i/axi_smc/inst/m00_exit_pipeline/m00_exit/inst/xpm_cdc_async_rst_inst/arststages_ff_reg[2]/CLR  (IS_INVERTED)
  -------------------------------------------------------------------    -------------------

                         (clock clk_pl_0 rise edge)
                                                      0.000     0.000 r  
    PS8_X0Y0             PS8                          0.000     0.000 r  re2_bd_i/zynq_ultra_ps_e_0/inst/PS8_i/PLCLK[0]
                         net (fo=1, routed)           0.120     0.120    re2_bd_i/zynq_ultra_ps_e_0/inst/pl_clk_unbuffered[0]
    BUFG_PS_X0Y67        BUFG_PS (Prop_BUFG_PS_I_O)
                                                      0.018     0.138 r  re2_bd_i/zynq_ultra_ps_e_0/inst/buffer_pl_clk_0.PL_CLK_0_BUFG/O
    X0Y1 (CLOCK_ROOT)    net (fo=41213, routed)       1.138     1.276    re2_bd_i/axi_smc/inst/m00_exit_pipeline/m00_exit/inst/xpm_cdc_async_rst_inst/dest_clk
    SLICE_X6Y5           FDCE                                         r  re2_bd_i/axi_smc/inst/m00_exit_pipeline/m00_exit/inst/xpm_cdc_async_rst_inst/arststages_ff_reg[2]/C

Slack:                    inf
  Source:                 re2_bd_i/axi_smc/inst/clk_map/psr_aclk/U0/ACTIVE_LOW_BSR_OUT_DFF[0].FDRE_BSR_N/C
                            (rising edge-triggered cell FDRE clocked by clk_pl_0  {rise@0.000ns fall@5.000ns period=10.000ns})
  Destination:            re2_bd_i/axi_smc/inst/s00_nodes/s00_w_node/inst/s_sc_xpm_cdc_async_rst_inst/arststages_ff_reg[0]/CLR
                            (removal check against rising-edge clock clk_pl_0  {rise@0.000ns fall@5.000ns period=10.000ns})
  Path Group:             (none)
  Path Type:              Removal (Min at Fast Process Corner)
  Data Path Delay:        0.293ns  (logic 0.039ns (13.311%)  route 0.254ns (86.689%))
  Logic Levels:           0  
  Clock Path Skew:        0.157ns (DCD - SCD - CPR)
    Destination Clock Delay (DCD):    1.271ns
    Source Clock Delay      (SCD):    1.114ns
    Clock Pessimism Removal (CPR):    -0.000ns
  Clock Uncertainty:      0.176ns  ((TSJ^2 + DJ^2)^1/2) / 2 + PE
    Total System Jitter     (TSJ):    0.071ns
    Discrete Jitter          (DJ):    0.344ns
    Phase Error              (PE):    0.000ns
  Clock Net Delay (Source):      1.003ns (routing 0.410ns, distribution 0.593ns)
  Clock Net Delay (Destination): 1.133ns (routing 0.459ns, distribution 0.674ns)
  Timing Exception:       False Path

    Location             Delay type                Incr(ns)  Path(ns)    Netlist Resource(s)
  -------------------------------------------------------------------    -------------------
                         (clock clk_pl_0 rise edge)
                                                      0.000     0.000 r  
    PS8_X0Y0             PS8                          0.000     0.000 r  re2_bd_i/zynq_ultra_ps_e_0/inst/PS8_i/PLCLK[0]
                         net (fo=1, routed)           0.094     0.094    re2_bd_i/zynq_ultra_ps_e_0/inst/pl_clk_unbuffered[0]
    BUFG_PS_X0Y67        BUFG_PS (Prop_BUFG_PS_I_O)
                                                      0.017     0.111 r  re2_bd_i/zynq_ultra_ps_e_0/inst/buffer_pl_clk_0.PL_CLK_0_BUFG/O
    X0Y1 (CLOCK_ROOT)    net (fo=41213, routed)       1.003     1.114    re2_bd_i/axi_smc/inst/clk_map/psr_aclk/U0/aclk
    SLICE_X5Y22          FDRE                                         r  re2_bd_i/axi_smc/inst/clk_map/psr_aclk/U0/ACTIVE_LOW_BSR_OUT_DFF[0].FDRE_BSR_N/C
  -------------------------------------------------------------------    -------------------
    SLICE_X5Y22          FDRE (Prop_DFF_SLICEM_C_Q)
                                                      0.039     1.153 r  re2_bd_i/axi_smc/inst/clk_map/psr_aclk/U0/ACTIVE_LOW_BSR_OUT_DFF[0].FDRE_BSR_N/Q
                         net (fo=27, routed)          0.254     1.407    re2_bd_i/axi_smc/inst/s00_nodes/s00_w_node/inst/s_sc_xpm_cdc_async_rst_inst/src_arst
    SLICE_X5Y8           FDCE                                         f  re2_bd_i/axi_smc/inst/s00_nodes/s00_w_node/inst/s_sc_xpm_cdc_async_rst_inst/arststages_ff_reg[0]/CLR  (IS_INVERTED)
  -------------------------------------------------------------------    -------------------

                         (clock clk_pl_0 rise edge)
                                                      0.000     0.000 r  
    PS8_X0Y0             PS8                          0.000     0.000 r  re2_bd_i/zynq_ultra_ps_e_0/inst/PS8_i/PLCLK[0]
                         net (fo=1, routed)           0.120     0.120    re2_bd_i/zynq_ultra_ps_e_0/inst/pl_clk_unbuffered[0]
    BUFG_PS_X0Y67        BUFG_PS (Prop_BUFG_PS_I_O)
                                                      0.018     0.138 r  re2_bd_i/zynq_ultra_ps_e_0/inst/buffer_pl_clk_0.PL_CLK_0_BUFG/O
    X0Y1 (CLOCK_ROOT)    net (fo=41213, routed)       1.133     1.271    re2_bd_i/axi_smc/inst/s00_nodes/s00_w_node/inst/s_sc_xpm_cdc_async_rst_inst/dest_clk
    SLICE_X5Y8           FDCE                                         r  re2_bd_i/axi_smc/inst/s00_nodes/s00_w_node/inst/s_sc_xpm_cdc_async_rst_inst/arststages_ff_reg[0]/C

Slack:                    inf
  Source:                 re2_bd_i/axi_smc/inst/clk_map/psr_aclk/U0/ACTIVE_LOW_BSR_OUT_DFF[0].FDRE_BSR_N/C
                            (rising edge-triggered cell FDRE clocked by clk_pl_0  {rise@0.000ns fall@5.000ns period=10.000ns})
  Destination:            re2_bd_i/axi_smc/inst/s00_nodes/s00_w_node/inst/s_sc_xpm_cdc_async_rst_inst/arststages_ff_reg[1]/CLR
                            (removal check against rising-edge clock clk_pl_0  {rise@0.000ns fall@5.000ns period=10.000ns})
  Path Group:             (none)
  Path Type:              Removal (Min at Fast Process Corner)
  Data Path Delay:        0.293ns  (logic 0.039ns (13.311%)  route 0.254ns (86.689%))
  Logic Levels:           0  
  Clock Path Skew:        0.157ns (DCD - SCD - CPR)
    Destination Clock Delay (DCD):    1.271ns
    Source Clock Delay      (SCD):    1.114ns
    Clock Pessimism Removal (CPR):    -0.000ns
  Clock Uncertainty:      0.176ns  ((TSJ^2 + DJ^2)^1/2) / 2 + PE
    Total System Jitter     (TSJ):    0.071ns
    Discrete Jitter          (DJ):    0.344ns
    Phase Error              (PE):    0.000ns
  Clock Net Delay (Source):      1.003ns (routing 0.410ns, distribution 0.593ns)
  Clock Net Delay (Destination): 1.133ns (routing 0.459ns, distribution 0.674ns)
  Timing Exception:       False Path

    Location             Delay type                Incr(ns)  Path(ns)    Netlist Resource(s)
  -------------------------------------------------------------------    -------------------
                         (clock clk_pl_0 rise edge)
                                                      0.000     0.000 r  
    PS8_X0Y0             PS8                          0.000     0.000 r  re2_bd_i/zynq_ultra_ps_e_0/inst/PS8_i/PLCLK[0]
                         net (fo=1, routed)           0.094     0.094    re2_bd_i/zynq_ultra_ps_e_0/inst/pl_clk_unbuffered[0]
    BUFG_PS_X0Y67        BUFG_PS (Prop_BUFG_PS_I_O)
                                                      0.017     0.111 r  re2_bd_i/zynq_ultra_ps_e_0/inst/buffer_pl_clk_0.PL_CLK_0_BUFG/O
    X0Y1 (CLOCK_ROOT)    net (fo=41213, routed)       1.003     1.114    re2_bd_i/axi_smc/inst/clk_map/psr_aclk/U0/aclk
    SLICE_X5Y22          FDRE                                         r  re2_bd_i/axi_smc/inst/clk_map/psr_aclk/U0/ACTIVE_LOW_BSR_OUT_DFF[0].FDRE_BSR_N/C
  -------------------------------------------------------------------    -------------------
    SLICE_X5Y22          FDRE (Prop_DFF_SLICEM_C_Q)
                                                      0.039     1.153 r  re2_bd_i/axi_smc/inst/clk_map/psr_aclk/U0/ACTIVE_LOW_BSR_OUT_DFF[0].FDRE_BSR_N/Q
                         net (fo=27, routed)          0.254     1.407    re2_bd_i/axi_smc/inst/s00_nodes/s00_w_node/inst/s_sc_xpm_cdc_async_rst_inst/src_arst
    SLICE_X5Y8           FDCE                                         f  re2_bd_i/axi_smc/inst/s00_nodes/s00_w_node/inst/s_sc_xpm_cdc_async_rst_inst/arststages_ff_reg[1]/CLR  (IS_INVERTED)
  -------------------------------------------------------------------    -------------------

                         (clock clk_pl_0 rise edge)
                                                      0.000     0.000 r  
    PS8_X0Y0             PS8                          0.000     0.000 r  re2_bd_i/zynq_ultra_ps_e_0/inst/PS8_i/PLCLK[0]
                         net (fo=1, routed)           0.120     0.120    re2_bd_i/zynq_ultra_ps_e_0/inst/pl_clk_unbuffered[0]
    BUFG_PS_X0Y67        BUFG_PS (Prop_BUFG_PS_I_O)
                                                      0.018     0.138 r  re2_bd_i/zynq_ultra_ps_e_0/inst/buffer_pl_clk_0.PL_CLK_0_BUFG/O
    X0Y1 (CLOCK_ROOT)    net (fo=41213, routed)       1.133     1.271    re2_bd_i/axi_smc/inst/s00_nodes/s00_w_node/inst/s_sc_xpm_cdc_async_rst_inst/dest_clk
    SLICE_X5Y8           FDCE                                         r  re2_bd_i/axi_smc/inst/s00_nodes/s00_w_node/inst/s_sc_xpm_cdc_async_rst_inst/arststages_ff_reg[1]/C

Slack:                    inf
  Source:                 re2_bd_i/axi_smc/inst/clk_map/psr_aclk/U0/ACTIVE_LOW_BSR_OUT_DFF[0].FDRE_BSR_N/C
                            (rising edge-triggered cell FDRE clocked by clk_pl_0  {rise@0.000ns fall@5.000ns period=10.000ns})
  Destination:            re2_bd_i/axi_smc/inst/s00_nodes/s00_w_node/inst/s_sc_xpm_cdc_async_rst_inst/arststages_ff_reg[2]/CLR
                            (removal check against rising-edge clock clk_pl_0  {rise@0.000ns fall@5.000ns period=10.000ns})
  Path Group:             (none)
  Path Type:              Removal (Min at Fast Process Corner)
  Data Path Delay:        0.293ns  (logic 0.039ns (13.311%)  route 0.254ns (86.689%))
  Logic Levels:           0  
  Clock Path Skew:        0.157ns (DCD - SCD - CPR)
    Destination Clock Delay (DCD):    1.271ns
    Source Clock Delay      (SCD):    1.114ns
    Clock Pessimism Removal (CPR):    -0.000ns
  Clock Uncertainty:      0.176ns  ((TSJ^2 + DJ^2)^1/2) / 2 + PE
    Total System Jitter     (TSJ):    0.071ns
    Discrete Jitter          (DJ):    0.344ns
    Phase Error              (PE):    0.000ns
  Clock Net Delay (Source):      1.003ns (routing 0.410ns, distribution 0.593ns)
  Clock Net Delay (Destination): 1.133ns (routing 0.459ns, distribution 0.674ns)
  Timing Exception:       False Path

    Location             Delay type                Incr(ns)  Path(ns)    Netlist Resource(s)
  -------------------------------------------------------------------    -------------------
                         (clock clk_pl_0 rise edge)
                                                      0.000     0.000 r  
    PS8_X0Y0             PS8                          0.000     0.000 r  re2_bd_i/zynq_ultra_ps_e_0/inst/PS8_i/PLCLK[0]
                         net (fo=1, routed)           0.094     0.094    re2_bd_i/zynq_ultra_ps_e_0/inst/pl_clk_unbuffered[0]
    BUFG_PS_X0Y67        BUFG_PS (Prop_BUFG_PS_I_O)
                                                      0.017     0.111 r  re2_bd_i/zynq_ultra_ps_e_0/inst/buffer_pl_clk_0.PL_CLK_0_BUFG/O
    X0Y1 (CLOCK_ROOT)    net (fo=41213, routed)       1.003     1.114    re2_bd_i/axi_smc/inst/clk_map/psr_aclk/U0/aclk
    SLICE_X5Y22          FDRE                                         r  re2_bd_i/axi_smc/inst/clk_map/psr_aclk/U0/ACTIVE_LOW_BSR_OUT_DFF[0].FDRE_BSR_N/C
  -------------------------------------------------------------------    -------------------
    SLICE_X5Y22          FDRE (Prop_DFF_SLICEM_C_Q)
                                                      0.039     1.153 r  re2_bd_i/axi_smc/inst/clk_map/psr_aclk/U0/ACTIVE_LOW_BSR_OUT_DFF[0].FDRE_BSR_N/Q
                         net (fo=27, routed)          0.254     1.407    re2_bd_i/axi_smc/inst/s00_nodes/s00_w_node/inst/s_sc_xpm_cdc_async_rst_inst/src_arst
    SLICE_X5Y8           FDCE                                         f  re2_bd_i/axi_smc/inst/s00_nodes/s00_w_node/inst/s_sc_xpm_cdc_async_rst_inst/arststages_ff_reg[2]/CLR  (IS_INVERTED)
  -------------------------------------------------------------------    -------------------

                         (clock clk_pl_0 rise edge)
                                                      0.000     0.000 r  
    PS8_X0Y0             PS8                          0.000     0.000 r  re2_bd_i/zynq_ultra_ps_e_0/inst/PS8_i/PLCLK[0]
                         net (fo=1, routed)           0.120     0.120    re2_bd_i/zynq_ultra_ps_e_0/inst/pl_clk_unbuffered[0]
    BUFG_PS_X0Y67        BUFG_PS (Prop_BUFG_PS_I_O)
                                                      0.018     0.138 r  re2_bd_i/zynq_ultra_ps_e_0/inst/buffer_pl_clk_0.PL_CLK_0_BUFG/O
    X0Y1 (CLOCK_ROOT)    net (fo=41213, routed)       1.133     1.271    re2_bd_i/axi_smc/inst/s00_nodes/s00_w_node/inst/s_sc_xpm_cdc_async_rst_inst/dest_clk
    SLICE_X5Y8           FDCE                                         r  re2_bd_i/axi_smc/inst/s00_nodes/s00_w_node/inst/s_sc_xpm_cdc_async_rst_inst/arststages_ff_reg[2]/C

Slack:                    inf
  Source:                 re2_bd_i/axi_smc/inst/clk_map/psr_aclk/U0/ACTIVE_LOW_BSR_OUT_DFF[0].FDRE_BSR_N/C
                            (rising edge-triggered cell FDRE clocked by clk_pl_0  {rise@0.000ns fall@5.000ns period=10.000ns})
  Destination:            re2_bd_i/axi_smc/inst/s00_nodes/s00_r_node/inst/s_sc_xpm_cdc_async_rst_inst/arststages_ff_reg[0]/CLR
                            (removal check against rising-edge clock clk_pl_0  {rise@0.000ns fall@5.000ns period=10.000ns})
  Path Group:             (none)
  Path Type:              Removal (Min at Fast Process Corner)
  Data Path Delay:        0.308ns  (logic 0.039ns (12.679%)  route 0.269ns (87.321%))
  Logic Levels:           0  
  Clock Path Skew:        0.162ns (DCD - SCD - CPR)
    Destination Clock Delay (DCD):    1.276ns
    Source Clock Delay      (SCD):    1.114ns
    Clock Pessimism Removal (CPR):    -0.000ns
  Clock Uncertainty:      0.176ns  ((TSJ^2 + DJ^2)^1/2) / 2 + PE
    Total System Jitter     (TSJ):    0.071ns
    Discrete Jitter          (DJ):    0.344ns
    Phase Error              (PE):    0.000ns
  Clock Net Delay (Source):      1.003ns (routing 0.410ns, distribution 0.593ns)
  Clock Net Delay (Destination): 1.138ns (routing 0.459ns, distribution 0.679ns)
  Timing Exception:       False Path

    Location             Delay type                Incr(ns)  Path(ns)    Netlist Resource(s)
  -------------------------------------------------------------------    -------------------
                         (clock clk_pl_0 rise edge)
                                                      0.000     0.000 r  
    PS8_X0Y0             PS8                          0.000     0.000 r  re2_bd_i/zynq_ultra_ps_e_0/inst/PS8_i/PLCLK[0]
                         net (fo=1, routed)           0.094     0.094    re2_bd_i/zynq_ultra_ps_e_0/inst/pl_clk_unbuffered[0]
    BUFG_PS_X0Y67        BUFG_PS (Prop_BUFG_PS_I_O)
                                                      0.017     0.111 r  re2_bd_i/zynq_ultra_ps_e_0/inst/buffer_pl_clk_0.PL_CLK_0_BUFG/O
    X0Y1 (CLOCK_ROOT)    net (fo=41213, routed)       1.003     1.114    re2_bd_i/axi_smc/inst/clk_map/psr_aclk/U0/aclk
    SLICE_X5Y22          FDRE                                         r  re2_bd_i/axi_smc/inst/clk_map/psr_aclk/U0/ACTIVE_LOW_BSR_OUT_DFF[0].FDRE_BSR_N/C
  -------------------------------------------------------------------    -------------------
    SLICE_X5Y22          FDRE (Prop_DFF_SLICEM_C_Q)
                                                      0.039     1.153 r  re2_bd_i/axi_smc/inst/clk_map/psr_aclk/U0/ACTIVE_LOW_BSR_OUT_DFF[0].FDRE_BSR_N/Q
                         net (fo=27, routed)          0.269     1.422    re2_bd_i/axi_smc/inst/s00_nodes/s00_r_node/inst/s_sc_xpm_cdc_async_rst_inst/src_arst
    SLICE_X4Y1           FDCE                                         f  re2_bd_i/axi_smc/inst/s00_nodes/s00_r_node/inst/s_sc_xpm_cdc_async_rst_inst/arststages_ff_reg[0]/CLR  (IS_INVERTED)
  -------------------------------------------------------------------    -------------------

                         (clock clk_pl_0 rise edge)
                                                      0.000     0.000 r  
    PS8_X0Y0             PS8                          0.000     0.000 r  re2_bd_i/zynq_ultra_ps_e_0/inst/PS8_i/PLCLK[0]
                         net (fo=1, routed)           0.120     0.120    re2_bd_i/zynq_ultra_ps_e_0/inst/pl_clk_unbuffered[0]
    BUFG_PS_X0Y67        BUFG_PS (Prop_BUFG_PS_I_O)
                                                      0.018     0.138 r  re2_bd_i/zynq_ultra_ps_e_0/inst/buffer_pl_clk_0.PL_CLK_0_BUFG/O
    X0Y1 (CLOCK_ROOT)    net (fo=41213, routed)       1.138     1.276    re2_bd_i/axi_smc/inst/s00_nodes/s00_r_node/inst/s_sc_xpm_cdc_async_rst_inst/dest_clk
    SLICE_X4Y1           FDCE                                         r  re2_bd_i/axi_smc/inst/s00_nodes/s00_r_node/inst/s_sc_xpm_cdc_async_rst_inst/arststages_ff_reg[0]/C

Slack:                    inf
  Source:                 re2_bd_i/axi_smc/inst/clk_map/psr_aclk/U0/ACTIVE_LOW_BSR_OUT_DFF[0].FDRE_BSR_N/C
                            (rising edge-triggered cell FDRE clocked by clk_pl_0  {rise@0.000ns fall@5.000ns period=10.000ns})
  Destination:            re2_bd_i/axi_smc/inst/s00_nodes/s00_r_node/inst/s_sc_xpm_cdc_async_rst_inst/arststages_ff_reg[1]/CLR
                            (removal check against rising-edge clock clk_pl_0  {rise@0.000ns fall@5.000ns period=10.000ns})
  Path Group:             (none)
  Path Type:              Removal (Min at Fast Process Corner)
  Data Path Delay:        0.308ns  (logic 0.039ns (12.679%)  route 0.269ns (87.321%))
  Logic Levels:           0  
  Clock Path Skew:        0.162ns (DCD - SCD - CPR)
    Destination Clock Delay (DCD):    1.276ns
    Source Clock Delay      (SCD):    1.114ns
    Clock Pessimism Removal (CPR):    -0.000ns
  Clock Uncertainty:      0.176ns  ((TSJ^2 + DJ^2)^1/2) / 2 + PE
    Total System Jitter     (TSJ):    0.071ns
    Discrete Jitter          (DJ):    0.344ns
    Phase Error              (PE):    0.000ns
  Clock Net Delay (Source):      1.003ns (routing 0.410ns, distribution 0.593ns)
  Clock Net Delay (Destination): 1.138ns (routing 0.459ns, distribution 0.679ns)
  Timing Exception:       False Path

    Location             Delay type                Incr(ns)  Path(ns)    Netlist Resource(s)
  -------------------------------------------------------------------    -------------------
                         (clock clk_pl_0 rise edge)
                                                      0.000     0.000 r  
    PS8_X0Y0             PS8                          0.000     0.000 r  re2_bd_i/zynq_ultra_ps_e_0/inst/PS8_i/PLCLK[0]
                         net (fo=1, routed)           0.094     0.094    re2_bd_i/zynq_ultra_ps_e_0/inst/pl_clk_unbuffered[0]
    BUFG_PS_X0Y67        BUFG_PS (Prop_BUFG_PS_I_O)
                                                      0.017     0.111 r  re2_bd_i/zynq_ultra_ps_e_0/inst/buffer_pl_clk_0.PL_CLK_0_BUFG/O
    X0Y1 (CLOCK_ROOT)    net (fo=41213, routed)       1.003     1.114    re2_bd_i/axi_smc/inst/clk_map/psr_aclk/U0/aclk
    SLICE_X5Y22          FDRE                                         r  re2_bd_i/axi_smc/inst/clk_map/psr_aclk/U0/ACTIVE_LOW_BSR_OUT_DFF[0].FDRE_BSR_N/C
  -------------------------------------------------------------------    -------------------
    SLICE_X5Y22          FDRE (Prop_DFF_SLICEM_C_Q)
                                                      0.039     1.153 r  re2_bd_i/axi_smc/inst/clk_map/psr_aclk/U0/ACTIVE_LOW_BSR_OUT_DFF[0].FDRE_BSR_N/Q
                         net (fo=27, routed)          0.269     1.422    re2_bd_i/axi_smc/inst/s00_nodes/s00_r_node/inst/s_sc_xpm_cdc_async_rst_inst/src_arst
    SLICE_X4Y1           FDCE                                         f  re2_bd_i/axi_smc/inst/s00_nodes/s00_r_node/inst/s_sc_xpm_cdc_async_rst_inst/arststages_ff_reg[1]/CLR  (IS_INVERTED)
  -------------------------------------------------------------------    -------------------

                         (clock clk_pl_0 rise edge)
                                                      0.000     0.000 r  
    PS8_X0Y0             PS8                          0.000     0.000 r  re2_bd_i/zynq_ultra_ps_e_0/inst/PS8_i/PLCLK[0]
                         net (fo=1, routed)           0.120     0.120    re2_bd_i/zynq_ultra_ps_e_0/inst/pl_clk_unbuffered[0]
    BUFG_PS_X0Y67        BUFG_PS (Prop_BUFG_PS_I_O)
                                                      0.018     0.138 r  re2_bd_i/zynq_ultra_ps_e_0/inst/buffer_pl_clk_0.PL_CLK_0_BUFG/O
    X0Y1 (CLOCK_ROOT)    net (fo=41213, routed)       1.138     1.276    re2_bd_i/axi_smc/inst/s00_nodes/s00_r_node/inst/s_sc_xpm_cdc_async_rst_inst/dest_clk
    SLICE_X4Y1           FDCE                                         r  re2_bd_i/axi_smc/inst/s00_nodes/s00_r_node/inst/s_sc_xpm_cdc_async_rst_inst/arststages_ff_reg[1]/C

Slack:                    inf
  Source:                 re2_bd_i/axi_smc/inst/clk_map/psr_aclk/U0/ACTIVE_LOW_BSR_OUT_DFF[0].FDRE_BSR_N/C
                            (rising edge-triggered cell FDRE clocked by clk_pl_0  {rise@0.000ns fall@5.000ns period=10.000ns})
  Destination:            re2_bd_i/axi_smc/inst/s00_nodes/s00_r_node/inst/s_sc_xpm_cdc_async_rst_inst/arststages_ff_reg[2]/CLR
                            (removal check against rising-edge clock clk_pl_0  {rise@0.000ns fall@5.000ns period=10.000ns})
  Path Group:             (none)
  Path Type:              Removal (Min at Fast Process Corner)
  Data Path Delay:        0.308ns  (logic 0.039ns (12.679%)  route 0.269ns (87.321%))
  Logic Levels:           0  
  Clock Path Skew:        0.162ns (DCD - SCD - CPR)
    Destination Clock Delay (DCD):    1.276ns
    Source Clock Delay      (SCD):    1.114ns
    Clock Pessimism Removal (CPR):    -0.000ns
  Clock Uncertainty:      0.176ns  ((TSJ^2 + DJ^2)^1/2) / 2 + PE
    Total System Jitter     (TSJ):    0.071ns
    Discrete Jitter          (DJ):    0.344ns
    Phase Error              (PE):    0.000ns
  Clock Net Delay (Source):      1.003ns (routing 0.410ns, distribution 0.593ns)
  Clock Net Delay (Destination): 1.138ns (routing 0.459ns, distribution 0.679ns)
  Timing Exception:       False Path

    Location             Delay type                Incr(ns)  Path(ns)    Netlist Resource(s)
  -------------------------------------------------------------------    -------------------
                         (clock clk_pl_0 rise edge)
                                                      0.000     0.000 r  
    PS8_X0Y0             PS8                          0.000     0.000 r  re2_bd_i/zynq_ultra_ps_e_0/inst/PS8_i/PLCLK[0]
                         net (fo=1, routed)           0.094     0.094    re2_bd_i/zynq_ultra_ps_e_0/inst/pl_clk_unbuffered[0]
    BUFG_PS_X0Y67        BUFG_PS (Prop_BUFG_PS_I_O)
                                                      0.017     0.111 r  re2_bd_i/zynq_ultra_ps_e_0/inst/buffer_pl_clk_0.PL_CLK_0_BUFG/O
    X0Y1 (CLOCK_ROOT)    net (fo=41213, routed)       1.003     1.114    re2_bd_i/axi_smc/inst/clk_map/psr_aclk/U0/aclk
    SLICE_X5Y22          FDRE                                         r  re2_bd_i/axi_smc/inst/clk_map/psr_aclk/U0/ACTIVE_LOW_BSR_OUT_DFF[0].FDRE_BSR_N/C
  -------------------------------------------------------------------    -------------------
    SLICE_X5Y22          FDRE (Prop_DFF_SLICEM_C_Q)
                                                      0.039     1.153 r  re2_bd_i/axi_smc/inst/clk_map/psr_aclk/U0/ACTIVE_LOW_BSR_OUT_DFF[0].FDRE_BSR_N/Q
                         net (fo=27, routed)          0.269     1.422    re2_bd_i/axi_smc/inst/s00_nodes/s00_r_node/inst/s_sc_xpm_cdc_async_rst_inst/src_arst
    SLICE_X4Y1           FDCE                                         f  re2_bd_i/axi_smc/inst/s00_nodes/s00_r_node/inst/s_sc_xpm_cdc_async_rst_inst/arststages_ff_reg[2]/CLR  (IS_INVERTED)
  -------------------------------------------------------------------    -------------------

                         (clock clk_pl_0 rise edge)
                                                      0.000     0.000 r  
    PS8_X0Y0             PS8                          0.000     0.000 r  re2_bd_i/zynq_ultra_ps_e_0/inst/PS8_i/PLCLK[0]
                         net (fo=1, routed)           0.120     0.120    re2_bd_i/zynq_ultra_ps_e_0/inst/pl_clk_unbuffered[0]
    BUFG_PS_X0Y67        BUFG_PS (Prop_BUFG_PS_I_O)
                                                      0.018     0.138 r  re2_bd_i/zynq_ultra_ps_e_0/inst/buffer_pl_clk_0.PL_CLK_0_BUFG/O
    X0Y1 (CLOCK_ROOT)    net (fo=41213, routed)       1.138     1.276    re2_bd_i/axi_smc/inst/s00_nodes/s00_r_node/inst/s_sc_xpm_cdc_async_rst_inst/dest_clk
    SLICE_X4Y1           FDCE                                         r  re2_bd_i/axi_smc/inst/s00_nodes/s00_r_node/inst/s_sc_xpm_cdc_async_rst_inst/arststages_ff_reg[2]/C

Slack:                    inf
  Source:                 re2_bd_i/axi_smc/inst/clk_map/psr_aclk/U0/ACTIVE_LOW_BSR_OUT_DFF[0].FDRE_BSR_N/C
                            (rising edge-triggered cell FDRE clocked by clk_pl_0  {rise@0.000ns fall@5.000ns period=10.000ns})
  Destination:            re2_bd_i/axi_smc/inst/s00_nodes/s00_b_node/inst/s_sc_xpm_cdc_async_rst_inst/arststages_ff_reg[0]/CLR
                            (removal check against rising-edge clock clk_pl_0  {rise@0.000ns fall@5.000ns period=10.000ns})
  Path Group:             (none)
  Path Type:              Removal (Min at Fast Process Corner)
  Data Path Delay:        0.309ns  (logic 0.039ns (12.637%)  route 0.270ns (87.363%))
  Logic Levels:           0  
  Clock Path Skew:        0.163ns (DCD - SCD - CPR)
    Destination Clock Delay (DCD):    1.277ns
    Source Clock Delay      (SCD):    1.114ns
    Clock Pessimism Removal (CPR):    -0.000ns
  Clock Uncertainty:      0.176ns  ((TSJ^2 + DJ^2)^1/2) / 2 + PE
    Total System Jitter     (TSJ):    0.071ns
    Discrete Jitter          (DJ):    0.344ns
    Phase Error              (PE):    0.000ns
  Clock Net Delay (Source):      1.003ns (routing 0.410ns, distribution 0.593ns)
  Clock Net Delay (Destination): 1.139ns (routing 0.459ns, distribution 0.680ns)
  Timing Exception:       False Path

    Location             Delay type                Incr(ns)  Path(ns)    Netlist Resource(s)
  -------------------------------------------------------------------    -------------------
                         (clock clk_pl_0 rise edge)
                                                      0.000     0.000 r  
    PS8_X0Y0             PS8                          0.000     0.000 r  re2_bd_i/zynq_ultra_ps_e_0/inst/PS8_i/PLCLK[0]
                         net (fo=1, routed)           0.094     0.094    re2_bd_i/zynq_ultra_ps_e_0/inst/pl_clk_unbuffered[0]
    BUFG_PS_X0Y67        BUFG_PS (Prop_BUFG_PS_I_O)
                                                      0.017     0.111 r  re2_bd_i/zynq_ultra_ps_e_0/inst/buffer_pl_clk_0.PL_CLK_0_BUFG/O
    X0Y1 (CLOCK_ROOT)    net (fo=41213, routed)       1.003     1.114    re2_bd_i/axi_smc/inst/clk_map/psr_aclk/U0/aclk
    SLICE_X5Y22          FDRE                                         r  re2_bd_i/axi_smc/inst/clk_map/psr_aclk/U0/ACTIVE_LOW_BSR_OUT_DFF[0].FDRE_BSR_N/C
  -------------------------------------------------------------------    -------------------
    SLICE_X5Y22          FDRE (Prop_DFF_SLICEM_C_Q)
                                                      0.039     1.153 r  re2_bd_i/axi_smc/inst/clk_map/psr_aclk/U0/ACTIVE_LOW_BSR_OUT_DFF[0].FDRE_BSR_N/Q
                         net (fo=27, routed)          0.270     1.423    re2_bd_i/axi_smc/inst/s00_nodes/s00_b_node/inst/s_sc_xpm_cdc_async_rst_inst/src_arst
    SLICE_X4Y1           FDCE                                         f  re2_bd_i/axi_smc/inst/s00_nodes/s00_b_node/inst/s_sc_xpm_cdc_async_rst_inst/arststages_ff_reg[0]/CLR  (IS_INVERTED)
  -------------------------------------------------------------------    -------------------

                         (clock clk_pl_0 rise edge)
                                                      0.000     0.000 r  
    PS8_X0Y0             PS8                          0.000     0.000 r  re2_bd_i/zynq_ultra_ps_e_0/inst/PS8_i/PLCLK[0]
                         net (fo=1, routed)           0.120     0.120    re2_bd_i/zynq_ultra_ps_e_0/inst/pl_clk_unbuffered[0]
    BUFG_PS_X0Y67        BUFG_PS (Prop_BUFG_PS_I_O)
                                                      0.018     0.138 r  re2_bd_i/zynq_ultra_ps_e_0/inst/buffer_pl_clk_0.PL_CLK_0_BUFG/O
    X0Y1 (CLOCK_ROOT)    net (fo=41213, routed)       1.139     1.277    re2_bd_i/axi_smc/inst/s00_nodes/s00_b_node/inst/s_sc_xpm_cdc_async_rst_inst/dest_clk
    SLICE_X4Y1           FDCE                                         r  re2_bd_i/axi_smc/inst/s00_nodes/s00_b_node/inst/s_sc_xpm_cdc_async_rst_inst/arststages_ff_reg[0]/C





--------------------------------------------------------------------------------------
Path Group:  (none)
From Clock:  
  To Clock:  

Max Delay            40 Endpoints
Min Delay            40 Endpoints
--------------------------------------------------------------------------------------


Max Delay Paths
--------------------------------------------------------------------------------------
Slack:                    inf
  Source:                 re2_bd_i/re2_copro_0/inst/UIP/axi_register_read_reg[21]/G
                            (positive level-sensitive latch)
  Destination:            re2_bd_i/re2_copro_0/inst/UIP/araddr_reg_reg[21]/D
  Path Group:             (none)
  Path Type:              Max at Slow Process Corner
  Data Path Delay:        0.642ns  (logic 0.149ns (23.209%)  route 0.493ns (76.791%))
  Logic Levels:           1  (LDCE=1)

    Location             Delay type                Incr(ns)  Path(ns)    Netlist Resource(s)
  -------------------------------------------------------------------    -------------------
    SLICE_X11Y31         LDCE                         0.000     0.000 r  re2_bd_i/re2_copro_0/inst/UIP/axi_register_read_reg[21]/G
    SLICE_X11Y31         LDCE (EnToQ_EFF_SLICEL_G_Q)
                                                      0.149     0.149 r  re2_bd_i/re2_copro_0/inst/UIP/axi_register_read_reg[21]/Q
                         net (fo=1, routed)           0.493     0.642    re2_bd_i/re2_copro_0/inst/UIP/axi_register_read__0[21]
    SLICE_X11Y20         LDCE                                         r  re2_bd_i/re2_copro_0/inst/UIP/araddr_reg_reg[21]/D
  -------------------------------------------------------------------    -------------------

Slack:                    inf
  Source:                 re2_bd_i/re2_copro_0/inst/UIP/axi_register_read_reg[4]/G
                            (positive level-sensitive latch)
  Destination:            re2_bd_i/re2_copro_0/inst/UIP/araddr_reg_reg[4]/D
  Path Group:             (none)
  Path Type:              Max at Slow Process Corner
  Data Path Delay:        0.630ns  (logic 0.152ns (24.127%)  route 0.478ns (75.873%))
  Logic Levels:           1  (LDCE=1)

    Location             Delay type                Incr(ns)  Path(ns)    Netlist Resource(s)
  -------------------------------------------------------------------    -------------------
    SLICE_X15Y17         LDCE                         0.000     0.000 r  re2_bd_i/re2_copro_0/inst/UIP/axi_register_read_reg[4]/G
    SLICE_X15Y17         LDCE (EnToQ_FFF2_SLICEL_G_Q)
                                                      0.152     0.152 r  re2_bd_i/re2_copro_0/inst/UIP/axi_register_read_reg[4]/Q
                         net (fo=1, routed)           0.478     0.630    re2_bd_i/re2_copro_0/inst/UIP/axi_register_read__0[4]
    SLICE_X15Y17         LDCE                                         r  re2_bd_i/re2_copro_0/inst/UIP/araddr_reg_reg[4]/D
  -------------------------------------------------------------------    -------------------

Slack:                    inf
  Source:                 re2_bd_i/re2_copro_0/inst/UIP/axi_register_read_reg[15]/G
                            (positive level-sensitive latch)
  Destination:            re2_bd_i/re2_copro_0/inst/UIP/araddr_reg_reg[15]/D
  Path Group:             (none)
  Path Type:              Max at Slow Process Corner
  Data Path Delay:        0.548ns  (logic 0.151ns (27.555%)  route 0.397ns (72.445%))
  Logic Levels:           1  (LDCE=1)

    Location             Delay type                Incr(ns)  Path(ns)    Netlist Resource(s)
  -------------------------------------------------------------------    -------------------
    SLICE_X11Y21         LDCE                         0.000     0.000 r  re2_bd_i/re2_copro_0/inst/UIP/axi_register_read_reg[15]/G
    SLICE_X11Y21         LDCE (EnToQ_EFF2_SLICEL_G_Q)
                                                      0.151     0.151 r  re2_bd_i/re2_copro_0/inst/UIP/axi_register_read_reg[15]/Q
                         net (fo=1, routed)           0.397     0.548    re2_bd_i/re2_copro_0/inst/UIP/axi_register_read__0[15]
    SLICE_X11Y20         LDCE                                         r  re2_bd_i/re2_copro_0/inst/UIP/araddr_reg_reg[15]/D
  -------------------------------------------------------------------    -------------------

Slack:                    inf
  Source:                 re2_bd_i/re2_copro_0/inst/UIP/axi_register_read_reg[19]/G
                            (positive level-sensitive latch)
  Destination:            re2_bd_i/re2_copro_0/inst/UIP/araddr_reg_reg[19]/D
  Path Group:             (none)
  Path Type:              Max at Slow Process Corner
  Data Path Delay:        0.538ns  (logic 0.149ns (27.695%)  route 0.389ns (72.305%))
  Logic Levels:           1  (LDCE=1)

    Location             Delay type                Incr(ns)  Path(ns)    Netlist Resource(s)
  -------------------------------------------------------------------    -------------------
    SLICE_X11Y23         LDCE                         0.000     0.000 r  re2_bd_i/re2_copro_0/inst/UIP/axi_register_read_reg[19]/G
    SLICE_X11Y23         LDCE (EnToQ_EFF_SLICEL_G_Q)
                                                      0.149     0.149 r  re2_bd_i/re2_copro_0/inst/UIP/axi_register_read_reg[19]/Q
                         net (fo=1, routed)           0.389     0.538    re2_bd_i/re2_copro_0/inst/UIP/axi_register_read__0[19]
    SLICE_X11Y16         LDCE                                         r  re2_bd_i/re2_copro_0/inst/UIP/araddr_reg_reg[19]/D
  -------------------------------------------------------------------    -------------------

Slack:                    inf
  Source:                 re2_bd_i/re2_copro_0/inst/UIP/axi_register_read_reg[18]/G
                            (positive level-sensitive latch)
  Destination:            re2_bd_i/re2_copro_0/inst/UIP/araddr_reg_reg[18]/D
  Path Group:             (none)
  Path Type:              Max at Slow Process Corner
  Data Path Delay:        0.530ns  (logic 0.149ns (28.113%)  route 0.381ns (71.887%))
  Logic Levels:           1  (LDCE=1)

    Location             Delay type                Incr(ns)  Path(ns)    Netlist Resource(s)
  -------------------------------------------------------------------    -------------------
    SLICE_X10Y28         LDCE                         0.000     0.000 r  re2_bd_i/re2_copro_0/inst/UIP/axi_register_read_reg[18]/G
    SLICE_X10Y28         LDCE (EnToQ_EFF_SLICEL_G_Q)
                                                      0.149     0.149 r  re2_bd_i/re2_copro_0/inst/UIP/axi_register_read_reg[18]/Q
                         net (fo=1, routed)           0.381     0.530    re2_bd_i/re2_copro_0/inst/UIP/axi_register_read__0[18]
    SLICE_X10Y21         LDCE                                         r  re2_bd_i/re2_copro_0/inst/UIP/araddr_reg_reg[18]/D
  -------------------------------------------------------------------    -------------------

Slack:                    inf
  Source:                 re2_bd_i/re2_copro_0/inst/UIP/axi_register_read_reg[26]/G
                            (positive level-sensitive latch)
  Destination:            re2_bd_i/re2_copro_0/inst/UIP/araddr_reg_reg[26]/D
  Path Group:             (none)
  Path Type:              Max at Slow Process Corner
  Data Path Delay:        0.524ns  (logic 0.149ns (28.435%)  route 0.375ns (71.565%))
  Logic Levels:           1  (LDCE=1)

    Location             Delay type                Incr(ns)  Path(ns)    Netlist Resource(s)
  -------------------------------------------------------------------    -------------------
    SLICE_X11Y31         LDCE                         0.000     0.000 r  re2_bd_i/re2_copro_0/inst/UIP/axi_register_read_reg[26]/G
    SLICE_X11Y31         LDCE (EnToQ_FFF_SLICEL_G_Q)
                                                      0.149     0.149 r  re2_bd_i/re2_copro_0/inst/UIP/axi_register_read_reg[26]/Q
                         net (fo=1, routed)           0.375     0.524    re2_bd_i/re2_copro_0/inst/UIP/axi_register_read__0[26]
    SLICE_X11Y28         LDCE                                         r  re2_bd_i/re2_copro_0/inst/UIP/araddr_reg_reg[26]/D
  -------------------------------------------------------------------    -------------------

Slack:                    inf
  Source:                 re2_bd_i/re2_copro_0/inst/UIP/axi_register_read_reg[31]/G
                            (positive level-sensitive latch)
  Destination:            re2_bd_i/re2_copro_0/inst/UIP/araddr_reg_reg[31]/D
  Path Group:             (none)
  Path Type:              Max at Slow Process Corner
  Data Path Delay:        0.521ns  (logic 0.151ns (28.983%)  route 0.370ns (71.017%))
  Logic Levels:           1  (LDCE=1)

    Location             Delay type                Incr(ns)  Path(ns)    Netlist Resource(s)
  -------------------------------------------------------------------    -------------------
    SLICE_X13Y28         LDCE                         0.000     0.000 r  re2_bd_i/re2_copro_0/inst/UIP/axi_register_read_reg[31]/G
    SLICE_X13Y28         LDCE (EnToQ_EFF2_SLICEL_G_Q)
                                                      0.151     0.151 r  re2_bd_i/re2_copro_0/inst/UIP/axi_register_read_reg[31]/Q
                         net (fo=1, routed)           0.370     0.521    re2_bd_i/re2_copro_0/inst/UIP/axi_register_read__0[31]
    SLICE_X13Y20         LDCE                                         r  re2_bd_i/re2_copro_0/inst/UIP/araddr_reg_reg[31]/D
  -------------------------------------------------------------------    -------------------

Slack:                    inf
  Source:                 re2_bd_i/re2_copro_0/inst/UIP/axi_read_len_reg[5]/G
                            (positive level-sensitive latch)
  Destination:            re2_bd_i/re2_copro_0/inst/UIP/arlen_reg_reg[5]/D
  Path Group:             (none)
  Path Type:              Max at Slow Process Corner
  Data Path Delay:        0.497ns  (logic 0.150ns (30.181%)  route 0.347ns (69.819%))
  Logic Levels:           1  (LDCE=1)

    Location             Delay type                Incr(ns)  Path(ns)    Netlist Resource(s)
  -------------------------------------------------------------------    -------------------
    SLICE_X14Y14         LDCE                         0.000     0.000 r  re2_bd_i/re2_copro_0/inst/UIP/axi_read_len_reg[5]/G
    SLICE_X14Y14         LDCE (EnToQ_AFF2_SLICEM_G_Q)
                                                      0.150     0.150 r  re2_bd_i/re2_copro_0/inst/UIP/axi_read_len_reg[5]/Q
                         net (fo=1, routed)           0.347     0.497    re2_bd_i/re2_copro_0/inst/UIP/axi_read_len__0[5]
    SLICE_X14Y14         LDCE                                         r  re2_bd_i/re2_copro_0/inst/UIP/arlen_reg_reg[5]/D
  -------------------------------------------------------------------    -------------------

Slack:                    inf
  Source:                 re2_bd_i/re2_copro_0/inst/UIP/axi_read_len_reg[7]/G
                            (positive level-sensitive latch)
  Destination:            re2_bd_i/re2_copro_0/inst/UIP/arlen_reg_reg[7]/D
  Path Group:             (none)
  Path Type:              Max at Slow Process Corner
  Data Path Delay:        0.497ns  (logic 0.151ns (30.382%)  route 0.346ns (69.618%))
  Logic Levels:           1  (LDCE=1)

    Location             Delay type                Incr(ns)  Path(ns)    Netlist Resource(s)
  -------------------------------------------------------------------    -------------------
    SLICE_X14Y14         LDCE                         0.000     0.000 r  re2_bd_i/re2_copro_0/inst/UIP/axi_read_len_reg[7]/G
    SLICE_X14Y14         LDCE (EnToQ_BFF2_SLICEM_G_Q)
                                                      0.151     0.151 r  re2_bd_i/re2_copro_0/inst/UIP/axi_read_len_reg[7]/Q
                         net (fo=1, routed)           0.346     0.497    re2_bd_i/re2_copro_0/inst/UIP/axi_read_len__0[7]
    SLICE_X14Y14         LDCE                                         r  re2_bd_i/re2_copro_0/inst/UIP/arlen_reg_reg[7]/D
  -------------------------------------------------------------------    -------------------

Slack:                    inf
  Source:                 re2_bd_i/re2_copro_0/inst/UIP/axi_register_read_reg[7]/G
                            (positive level-sensitive latch)
  Destination:            re2_bd_i/re2_copro_0/inst/UIP/araddr_reg_reg[7]/D
  Path Group:             (none)
  Path Type:              Max at Slow Process Corner
  Data Path Delay:        0.495ns  (logic 0.151ns (30.505%)  route 0.344ns (69.495%))
  Logic Levels:           1  (LDCE=1)

    Location             Delay type                Incr(ns)  Path(ns)    Netlist Resource(s)
  -------------------------------------------------------------------    -------------------
    SLICE_X16Y9          LDCE                         0.000     0.000 r  re2_bd_i/re2_copro_0/inst/UIP/axi_register_read_reg[7]/G
    SLICE_X16Y9          LDCE (EnToQ_FFF2_SLICEM_G_Q)
                                                      0.151     0.151 r  re2_bd_i/re2_copro_0/inst/UIP/axi_register_read_reg[7]/Q
                         net (fo=1, routed)           0.344     0.495    re2_bd_i/re2_copro_0/inst/UIP/axi_register_read__0[7]
    SLICE_X16Y9          LDCE                                         r  re2_bd_i/re2_copro_0/inst/UIP/araddr_reg_reg[7]/D
  -------------------------------------------------------------------    -------------------





Min Delay Paths
--------------------------------------------------------------------------------------
Slack:                    inf
  Source:                 re2_bd_i/re2_copro_0/inst/UIP/axi_register_read_reg[29]/G
                            (positive level-sensitive latch)
  Destination:            re2_bd_i/re2_copro_0/inst/UIP/araddr_reg_reg[29]/D
  Path Group:             (none)
  Path Type:              Min at Fast Process Corner
  Data Path Delay:        0.118ns  (logic 0.059ns (50.000%)  route 0.059ns (50.000%))
  Logic Levels:           1  (LDCE=1)

    Location             Delay type                Incr(ns)  Path(ns)    Netlist Resource(s)
  -------------------------------------------------------------------    -------------------
    SLICE_X13Y21         LDCE                         0.000     0.000 r  re2_bd_i/re2_copro_0/inst/UIP/axi_register_read_reg[29]/G
    SLICE_X13Y21         LDCE (EnToQ_FFF_SLICEL_G_Q)
                                                      0.059     0.059 r  re2_bd_i/re2_copro_0/inst/UIP/axi_register_read_reg[29]/Q
                         net (fo=1, routed)           0.059     0.118    re2_bd_i/re2_copro_0/inst/UIP/axi_register_read__0[29]
    SLICE_X13Y20         LDCE                                         r  re2_bd_i/re2_copro_0/inst/UIP/araddr_reg_reg[29]/D
  -------------------------------------------------------------------    -------------------

Slack:                    inf
  Source:                 re2_bd_i/re2_copro_0/inst/UIP/axi_register_read_reg[10]/G
                            (positive level-sensitive latch)
  Destination:            re2_bd_i/re2_copro_0/inst/UIP/araddr_reg_reg[10]/D
  Path Group:             (none)
  Path Type:              Min at Fast Process Corner
  Data Path Delay:        0.124ns  (logic 0.059ns (47.581%)  route 0.065ns (52.419%))
  Logic Levels:           1  (LDCE=1)

    Location             Delay type                Incr(ns)  Path(ns)    Netlist Resource(s)
  -------------------------------------------------------------------    -------------------
    SLICE_X13Y22         LDCE                         0.000     0.000 r  re2_bd_i/re2_copro_0/inst/UIP/axi_register_read_reg[10]/G
    SLICE_X13Y22         LDCE (EnToQ_AFF_SLICEL_G_Q)
                                                      0.059     0.059 r  re2_bd_i/re2_copro_0/inst/UIP/axi_register_read_reg[10]/Q
                         net (fo=1, routed)           0.065     0.124    re2_bd_i/re2_copro_0/inst/UIP/axi_register_read__0[10]
    SLICE_X13Y22         LDCE                                         r  re2_bd_i/re2_copro_0/inst/UIP/araddr_reg_reg[10]/D
  -------------------------------------------------------------------    -------------------

Slack:                    inf
  Source:                 re2_bd_i/re2_copro_0/inst/UIP/axi_register_read_reg[16]/G
                            (positive level-sensitive latch)
  Destination:            re2_bd_i/re2_copro_0/inst/UIP/araddr_reg_reg[16]/D
  Path Group:             (none)
  Path Type:              Min at Fast Process Corner
  Data Path Delay:        0.124ns  (logic 0.059ns (47.581%)  route 0.065ns (52.419%))
  Logic Levels:           1  (LDCE=1)

    Location             Delay type                Incr(ns)  Path(ns)    Netlist Resource(s)
  -------------------------------------------------------------------    -------------------
    SLICE_X11Y22         LDCE                         0.000     0.000 r  re2_bd_i/re2_copro_0/inst/UIP/axi_register_read_reg[16]/G
    SLICE_X11Y22         LDCE (EnToQ_BFF_SLICEL_G_Q)
                                                      0.059     0.059 r  re2_bd_i/re2_copro_0/inst/UIP/axi_register_read_reg[16]/Q
                         net (fo=1, routed)           0.065     0.124    re2_bd_i/re2_copro_0/inst/UIP/axi_register_read__0[16]
    SLICE_X11Y22         LDCE                                         r  re2_bd_i/re2_copro_0/inst/UIP/araddr_reg_reg[16]/D
  -------------------------------------------------------------------    -------------------

Slack:                    inf
  Source:                 re2_bd_i/re2_copro_0/inst/UIP/axi_register_read_reg[27]/G
                            (positive level-sensitive latch)
  Destination:            re2_bd_i/re2_copro_0/inst/UIP/araddr_reg_reg[27]/D
  Path Group:             (none)
  Path Type:              Min at Fast Process Corner
  Data Path Delay:        0.124ns  (logic 0.059ns (47.581%)  route 0.065ns (52.419%))
  Logic Levels:           1  (LDCE=1)

    Location             Delay type                Incr(ns)  Path(ns)    Netlist Resource(s)
  -------------------------------------------------------------------    -------------------
    SLICE_X13Y20         LDCE                         0.000     0.000 r  re2_bd_i/re2_copro_0/inst/UIP/axi_register_read_reg[27]/G
    SLICE_X13Y20         LDCE (EnToQ_AFF_SLICEL_G_Q)
                                                      0.059     0.059 r  re2_bd_i/re2_copro_0/inst/UIP/axi_register_read_reg[27]/Q
                         net (fo=1, routed)           0.065     0.124    re2_bd_i/re2_copro_0/inst/UIP/axi_register_read__0[27]
    SLICE_X13Y20         LDCE                                         r  re2_bd_i/re2_copro_0/inst/UIP/araddr_reg_reg[27]/D
  -------------------------------------------------------------------    -------------------

Slack:                    inf
  Source:                 re2_bd_i/re2_copro_0/inst/UIP/axi_read_len_reg[3]/G
                            (positive level-sensitive latch)
  Destination:            re2_bd_i/re2_copro_0/inst/UIP/arlen_reg_reg[3]/D
  Path Group:             (none)
  Path Type:              Min at Fast Process Corner
  Data Path Delay:        0.124ns  (logic 0.059ns (47.581%)  route 0.065ns (52.419%))
  Logic Levels:           1  (LDCE=1)

    Location             Delay type                Incr(ns)  Path(ns)    Netlist Resource(s)
  -------------------------------------------------------------------    -------------------
    SLICE_X13Y18         LDCE                         0.000     0.000 r  re2_bd_i/re2_copro_0/inst/UIP/axi_read_len_reg[3]/G
    SLICE_X13Y18         LDCE (EnToQ_BFF_SLICEL_G_Q)
                                                      0.059     0.059 r  re2_bd_i/re2_copro_0/inst/UIP/axi_read_len_reg[3]/Q
                         net (fo=1, routed)           0.065     0.124    re2_bd_i/re2_copro_0/inst/UIP/axi_read_len__0[3]
    SLICE_X13Y18         LDCE                                         r  re2_bd_i/re2_copro_0/inst/UIP/arlen_reg_reg[3]/D
  -------------------------------------------------------------------    -------------------

Slack:                    inf
  Source:                 re2_bd_i/re2_copro_0/inst/UIP/axi_read_len_reg[6]/G
                            (positive level-sensitive latch)
  Destination:            re2_bd_i/re2_copro_0/inst/UIP/arlen_reg_reg[6]/D
  Path Group:             (none)
  Path Type:              Min at Fast Process Corner
  Data Path Delay:        0.133ns  (logic 0.059ns (44.361%)  route 0.074ns (55.639%))
  Logic Levels:           1  (LDCE=1)

    Location             Delay type                Incr(ns)  Path(ns)    Netlist Resource(s)
  -------------------------------------------------------------------    -------------------
    SLICE_X14Y14         LDCE                         0.000     0.000 r  re2_bd_i/re2_copro_0/inst/UIP/axi_read_len_reg[6]/G
    SLICE_X14Y14         LDCE (EnToQ_BFF_SLICEM_G_Q)
                                                      0.059     0.059 r  re2_bd_i/re2_copro_0/inst/UIP/axi_read_len_reg[6]/Q
                         net (fo=1, routed)           0.074     0.133    re2_bd_i/re2_copro_0/inst/UIP/axi_read_len__0[6]
    SLICE_X14Y14         LDCE                                         r  re2_bd_i/re2_copro_0/inst/UIP/arlen_reg_reg[6]/D
  -------------------------------------------------------------------    -------------------

Slack:                    inf
  Source:                 re2_bd_i/re2_copro_0/inst/UIP/axi_register_read_reg[9]/G
                            (positive level-sensitive latch)
  Destination:            re2_bd_i/re2_copro_0/inst/UIP/araddr_reg_reg[9]/D
  Path Group:             (none)
  Path Type:              Min at Fast Process Corner
  Data Path Delay:        0.134ns  (logic 0.059ns (44.030%)  route 0.075ns (55.970%))
  Logic Levels:           1  (LDCE=1)

    Location             Delay type                Incr(ns)  Path(ns)    Netlist Resource(s)
  -------------------------------------------------------------------    -------------------
    SLICE_X13Y22         LDCE                         0.000     0.000 r  re2_bd_i/re2_copro_0/inst/UIP/axi_register_read_reg[9]/G
    SLICE_X13Y22         LDCE (EnToQ_BFF_SLICEL_G_Q)
                                                      0.059     0.059 r  re2_bd_i/re2_copro_0/inst/UIP/axi_register_read_reg[9]/Q
                         net (fo=1, routed)           0.075     0.134    re2_bd_i/re2_copro_0/inst/UIP/axi_register_read__0[9]
    SLICE_X13Y22         LDCE                                         r  re2_bd_i/re2_copro_0/inst/UIP/araddr_reg_reg[9]/D
  -------------------------------------------------------------------    -------------------

Slack:                    inf
  Source:                 re2_bd_i/re2_copro_0/inst/UIP/axi_register_read_reg[22]/G
                            (positive level-sensitive latch)
  Destination:            re2_bd_i/re2_copro_0/inst/UIP/araddr_reg_reg[22]/D
  Path Group:             (none)
  Path Type:              Min at Fast Process Corner
  Data Path Delay:        0.138ns  (logic 0.059ns (42.754%)  route 0.079ns (57.246%))
  Logic Levels:           1  (LDCE=1)

    Location             Delay type                Incr(ns)  Path(ns)    Netlist Resource(s)
  -------------------------------------------------------------------    -------------------
    SLICE_X11Y21         LDCE                         0.000     0.000 r  re2_bd_i/re2_copro_0/inst/UIP/axi_register_read_reg[22]/G
    SLICE_X11Y21         LDCE (EnToQ_FFF_SLICEL_G_Q)
                                                      0.059     0.059 r  re2_bd_i/re2_copro_0/inst/UIP/axi_register_read_reg[22]/Q
                         net (fo=1, routed)           0.079     0.138    re2_bd_i/re2_copro_0/inst/UIP/axi_register_read__0[22]
    SLICE_X11Y20         LDCE                                         r  re2_bd_i/re2_copro_0/inst/UIP/araddr_reg_reg[22]/D
  -------------------------------------------------------------------    -------------------

Slack:                    inf
  Source:                 re2_bd_i/re2_copro_0/inst/UIP/axi_read_len_reg[2]/G
                            (positive level-sensitive latch)
  Destination:            re2_bd_i/re2_copro_0/inst/UIP/arlen_reg_reg[2]/D
  Path Group:             (none)
  Path Type:              Min at Fast Process Corner
  Data Path Delay:        0.139ns  (logic 0.061ns (43.885%)  route 0.078ns (56.115%))
  Logic Levels:           1  (LDCE=1)

    Location             Delay type                Incr(ns)  Path(ns)    Netlist Resource(s)
  -------------------------------------------------------------------    -------------------
    SLICE_X13Y18         LDCE                         0.000     0.000 r  re2_bd_i/re2_copro_0/inst/UIP/axi_read_len_reg[2]/G
    SLICE_X13Y18         LDCE (EnToQ_AFF2_SLICEL_G_Q)
                                                      0.061     0.061 r  re2_bd_i/re2_copro_0/inst/UIP/axi_read_len_reg[2]/Q
                         net (fo=1, routed)           0.078     0.139    re2_bd_i/re2_copro_0/inst/UIP/axi_read_len__0[2]
    SLICE_X13Y18         LDCE                                         r  re2_bd_i/re2_copro_0/inst/UIP/arlen_reg_reg[2]/D
  -------------------------------------------------------------------    -------------------

Slack:                    inf
  Source:                 re2_bd_i/re2_copro_0/inst/UIP/axi_register_read_reg[0]/G
                            (positive level-sensitive latch)
  Destination:            re2_bd_i/re2_copro_0/inst/UIP/araddr_reg_reg[0]/D
  Path Group:             (none)
  Path Type:              Min at Fast Process Corner
  Data Path Delay:        0.140ns  (logic 0.059ns (42.143%)  route 0.081ns (57.857%))
  Logic Levels:           1  (LDCE=1)

    Location             Delay type                Incr(ns)  Path(ns)    Netlist Resource(s)
  -------------------------------------------------------------------    -------------------
    SLICE_X16Y9          LDCE                         0.000     0.000 r  re2_bd_i/re2_copro_0/inst/UIP/axi_register_read_reg[0]/G
    SLICE_X16Y9          LDCE (EnToQ_EFF_SLICEM_G_Q)
                                                      0.059     0.059 r  re2_bd_i/re2_copro_0/inst/UIP/axi_register_read_reg[0]/Q
                         net (fo=1, routed)           0.081     0.140    re2_bd_i/re2_copro_0/inst/UIP/axi_register_read__0[0]
    SLICE_X16Y9          LDCE                                         r  re2_bd_i/re2_copro_0/inst/UIP/araddr_reg_reg[0]/D
  -------------------------------------------------------------------    -------------------





--------------------------------------------------------------------------------------
Path Group:  (none)
From Clock:  clk_pl_0
  To Clock:  

Max Delay            43 Endpoints
Min Delay            43 Endpoints
--------------------------------------------------------------------------------------


Max Delay Paths
--------------------------------------------------------------------------------------
Slack:                    inf
  Source:                 re2_bd_i/axi_smc/inst/s00_entry_pipeline/s00_si_converter/inst/converter.wrap_narrow_inst/gen_thread_loop[0].rlast_i_reg[0]/C
                            (rising edge-triggered cell FDRE clocked by clk_pl_0  {rise@0.000ns fall@5.000ns period=10.000ns})
  Destination:            re2_bd_i/re2_copro_0/inst/UIP/rlast_prev_reg_reg/D
  Path Group:             (none)
  Path Type:              Max at Slow Process Corner
  Data Path Delay:        2.268ns  (logic 0.573ns (25.269%)  route 1.695ns (74.731%))
  Logic Levels:           3  (LUT2=1 LUT3=1 LUT4=1)
  Clock Uncertainty:      0.174ns  ((TSJ^2 + DJ^2)^1/2) / 2 + PE
    Total System Jitter     (TSJ):    0.050ns
    Discrete Jitter          (DJ):    0.344ns
    Phase Error              (PE):    0.000ns
  Clock Net Delay (Source):      1.953ns (routing 0.814ns, distribution 1.139ns)

    Location             Delay type                Incr(ns)  Path(ns)    Netlist Resource(s)
  -------------------------------------------------------------------    -------------------
                         (clock clk_pl_0 rise edge)
                                                      0.000     0.000 r  
    PS8_X0Y0             PS8                          0.000     0.000 r  re2_bd_i/zynq_ultra_ps_e_0/inst/PS8_i/PLCLK[0]
                         net (fo=1, routed)           0.178     0.178    re2_bd_i/zynq_ultra_ps_e_0/inst/pl_clk_unbuffered[0]
    BUFG_PS_X0Y67        BUFG_PS (Prop_BUFG_PS_I_O)
                                                      0.029     0.207 r  re2_bd_i/zynq_ultra_ps_e_0/inst/buffer_pl_clk_0.PL_CLK_0_BUFG/O
    X0Y1 (CLOCK_ROOT)    net (fo=41213, routed)       1.953     2.160    re2_bd_i/axi_smc/inst/s00_entry_pipeline/s00_si_converter/inst/converter.wrap_narrow_inst/aclk
    SLICE_X16Y7          FDRE                                         r  re2_bd_i/axi_smc/inst/s00_entry_pipeline/s00_si_converter/inst/converter.wrap_narrow_inst/gen_thread_loop[0].rlast_i_reg[0]/C
  -------------------------------------------------------------------    -------------------
    SLICE_X16Y7          FDRE (Prop_EFF_SLICEM_C_Q)
                                                      0.093     2.253 r  re2_bd_i/axi_smc/inst/s00_entry_pipeline/s00_si_converter/inst/converter.wrap_narrow_inst/gen_thread_loop[0].rlast_i_reg[0]/Q
                         net (fo=29, routed)          0.624     2.877    re2_bd_i/axi_smc/inst/s00_entry_pipeline/s00_si_converter/inst/converter.wrap_narrow_inst/gen_thread_loop[0].r_payld_fifo/gen_thread_loop[0].r_word_cnt_reg[0][7]
    SLICE_X13Y11         LUT3 (Prop_B5LUT_SLICEL_I0_O)
                                                      0.173     3.050 r  re2_bd_i/axi_smc/inst/s00_entry_pipeline/s00_si_converter/inst/converter.wrap_narrow_inst/gen_thread_loop[0].r_payld_fifo/s_axi_rlast_INST_0/O
                         net (fo=5, routed)           0.392     3.442    re2_bd_i/axi_smc/inst/s00_entry_pipeline/s00_mmu/inst/gen_endpoint.decerr_slave_inst/m_axi_rlast
    SLICE_X12Y18         LUT4 (Prop_G6LUT_SLICEL_I3_O)
                                                      0.114     3.556 r  re2_bd_i/axi_smc/inst/s00_entry_pipeline/s00_mmu/inst/gen_endpoint.decerr_slave_inst/s_axi_rlast_INST_0/O
                         net (fo=4, routed)           0.656     4.212    re2_bd_i/re2_copro_0/inst/UIP/m00_axi_rlast
    SLICE_X10Y71         LUT2 (Prop_D5LUT_SLICEL_I0_O)
                                                      0.193     4.405 r  re2_bd_i/re2_copro_0/inst/UIP/rlast_prev_reg_reg_i_1/O
                         net (fo=1, routed)           0.022     4.427    re2_bd_i/re2_copro_0/inst/UIP/rlast_prev_reg_reg_i_1_n_0
    SLICE_X10Y71         LDCE                                         r  re2_bd_i/re2_copro_0/inst/UIP/rlast_prev_reg_reg/D
  -------------------------------------------------------------------    -------------------

Slack:                    inf
  Source:                 re2_bd_i/re2_copro_0/inst/re2_copro_slave_lite_v2_S00_AXI_inst/slv_reg0_reg[31]/C
                            (rising edge-triggered cell FDRE clocked by clk_pl_0  {rise@0.000ns fall@5.000ns period=10.000ns})
  Destination:            re2_bd_i/re2_copro_0/inst/UIP/axi_register_read_reg[31]/D
  Path Group:             (none)
  Path Type:              Max at Slow Process Corner
  Data Path Delay:        1.955ns  (logic 0.093ns (4.757%)  route 1.862ns (95.243%))
  Logic Levels:           0  
  Clock Uncertainty:      0.174ns  ((TSJ^2 + DJ^2)^1/2) / 2 + PE
    Total System Jitter     (TSJ):    0.050ns
    Discrete Jitter          (DJ):    0.344ns
    Phase Error              (PE):    0.000ns
  Clock Net Delay (Source):      1.964ns (routing 0.814ns, distribution 1.150ns)

    Location             Delay type                Incr(ns)  Path(ns)    Netlist Resource(s)
  -------------------------------------------------------------------    -------------------
                         (clock clk_pl_0 rise edge)
                                                      0.000     0.000 r  
    PS8_X0Y0             PS8                          0.000     0.000 r  re2_bd_i/zynq_ultra_ps_e_0/inst/PS8_i/PLCLK[0]
                         net (fo=1, routed)           0.178     0.178    re2_bd_i/zynq_ultra_ps_e_0/inst/pl_clk_unbuffered[0]
    BUFG_PS_X0Y67        BUFG_PS (Prop_BUFG_PS_I_O)
                                                      0.029     0.207 r  re2_bd_i/zynq_ultra_ps_e_0/inst/buffer_pl_clk_0.PL_CLK_0_BUFG/O
    X0Y1 (CLOCK_ROOT)    net (fo=41213, routed)       1.964     2.171    re2_bd_i/re2_copro_0/inst/re2_copro_slave_lite_v2_S00_AXI_inst/s00_axi_aclk
    SLICE_X9Y77          FDRE                                         r  re2_bd_i/re2_copro_0/inst/re2_copro_slave_lite_v2_S00_AXI_inst/slv_reg0_reg[31]/C
  -------------------------------------------------------------------    -------------------
    SLICE_X9Y77          FDRE (Prop_EFF_SLICEM_C_Q)
                                                      0.093     2.264 r  re2_bd_i/re2_copro_0/inst/re2_copro_slave_lite_v2_S00_AXI_inst/slv_reg0_reg[31]/Q
                         net (fo=19, routed)          1.862     4.126    re2_bd_i/re2_copro_0/inst/UIP/m00_axi_araddr[31][31]
    SLICE_X13Y28         LDCE                                         r  re2_bd_i/re2_copro_0/inst/UIP/axi_register_read_reg[31]/D
  -------------------------------------------------------------------    -------------------

Slack:                    inf
  Source:                 re2_bd_i/re2_copro_0/inst/re2_copro_slave_lite_v2_S00_AXI_inst/slv_reg0_reg[5]/C
                            (rising edge-triggered cell FDRE clocked by clk_pl_0  {rise@0.000ns fall@5.000ns period=10.000ns})
  Destination:            re2_bd_i/re2_copro_0/inst/UIP/axi_read_len_reg[5]/D
  Path Group:             (none)
  Path Type:              Max at Slow Process Corner
  Data Path Delay:        1.951ns  (logic 0.097ns (4.972%)  route 1.854ns (95.028%))
  Logic Levels:           0  
  Clock Uncertainty:      0.174ns  ((TSJ^2 + DJ^2)^1/2) / 2 + PE
    Total System Jitter     (TSJ):    0.050ns
    Discrete Jitter          (DJ):    0.344ns
    Phase Error              (PE):    0.000ns
  Clock Net Delay (Source):      1.947ns (routing 0.814ns, distribution 1.133ns)

    Location             Delay type                Incr(ns)  Path(ns)    Netlist Resource(s)
  -------------------------------------------------------------------    -------------------
                         (clock clk_pl_0 rise edge)
                                                      0.000     0.000 r  
    PS8_X0Y0             PS8                          0.000     0.000 r  re2_bd_i/zynq_ultra_ps_e_0/inst/PS8_i/PLCLK[0]
                         net (fo=1, routed)           0.178     0.178    re2_bd_i/zynq_ultra_ps_e_0/inst/pl_clk_unbuffered[0]
    BUFG_PS_X0Y67        BUFG_PS (Prop_BUFG_PS_I_O)
                                                      0.029     0.207 r  re2_bd_i/zynq_ultra_ps_e_0/inst/buffer_pl_clk_0.PL_CLK_0_BUFG/O
    X0Y1 (CLOCK_ROOT)    net (fo=41213, routed)       1.947     2.154    re2_bd_i/re2_copro_0/inst/re2_copro_slave_lite_v2_S00_AXI_inst/s00_axi_aclk
    SLICE_X14Y76         FDRE                                         r  re2_bd_i/re2_copro_0/inst/re2_copro_slave_lite_v2_S00_AXI_inst/slv_reg0_reg[5]/C
  -------------------------------------------------------------------    -------------------
    SLICE_X14Y76         FDRE (Prop_FFF2_SLICEM_C_Q)
                                                      0.097     2.251 r  re2_bd_i/re2_copro_0/inst/re2_copro_slave_lite_v2_S00_AXI_inst/slv_reg0_reg[5]/Q
                         net (fo=20, routed)          1.854     4.105    re2_bd_i/re2_copro_0/inst/UIP/m00_axi_araddr[31][5]
    SLICE_X14Y14         LDCE                                         r  re2_bd_i/re2_copro_0/inst/UIP/axi_read_len_reg[5]/D
  -------------------------------------------------------------------    -------------------

Slack:                    inf
  Source:                 re2_bd_i/re2_copro_0/inst/UIP/FSM_sequential_status_register_reg[2]/C
                            (rising edge-triggered cell FDRE clocked by clk_pl_0  {rise@0.000ns fall@5.000ns period=10.000ns})
  Destination:            re2_bd_i/re2_copro_0/inst/UIP/arvalid_reg_reg/D
  Path Group:             (none)
  Path Type:              Max at Slow Process Corner
  Data Path Delay:        1.902ns  (logic 0.273ns (14.350%)  route 1.629ns (85.650%))
  Logic Levels:           1  (LUT1=1)
  Clock Uncertainty:      0.174ns  ((TSJ^2 + DJ^2)^1/2) / 2 + PE
    Total System Jitter     (TSJ):    0.050ns
    Discrete Jitter          (DJ):    0.344ns
    Phase Error              (PE):    0.000ns
  Clock Net Delay (Source):      1.930ns (routing 0.814ns, distribution 1.116ns)

    Location             Delay type                Incr(ns)  Path(ns)    Netlist Resource(s)
  -------------------------------------------------------------------    -------------------
                         (clock clk_pl_0 rise edge)
                                                      0.000     0.000 r  
    PS8_X0Y0             PS8                          0.000     0.000 r  re2_bd_i/zynq_ultra_ps_e_0/inst/PS8_i/PLCLK[0]
                         net (fo=1, routed)           0.178     0.178    re2_bd_i/zynq_ultra_ps_e_0/inst/pl_clk_unbuffered[0]
    BUFG_PS_X0Y67        BUFG_PS (Prop_BUFG_PS_I_O)
                                                      0.029     0.207 r  re2_bd_i/zynq_ultra_ps_e_0/inst/buffer_pl_clk_0.PL_CLK_0_BUFG/O
    X0Y1 (CLOCK_ROOT)    net (fo=41213, routed)       1.930     2.137    re2_bd_i/re2_copro_0/inst/UIP/s00_axi_aclk
    SLICE_X27Y99         FDRE                                         r  re2_bd_i/re2_copro_0/inst/UIP/FSM_sequential_status_register_reg[2]/C
  -------------------------------------------------------------------    -------------------
    SLICE_X27Y99         FDRE (Prop_HFF_SLICEL_C_Q)
                                                      0.096     2.233 f  re2_bd_i/re2_copro_0/inst/UIP/FSM_sequential_status_register_reg[2]/Q
                         net (fo=59, routed)          1.444     3.678    re2_bd_i/re2_copro_0/inst/UIP/FSM_sequential_status_register_reg[2]_0[2]
    SLICE_X9Y71          LUT1 (Prop_E6LUT_SLICEM_I0_O)
                                                      0.177     3.855 r  re2_bd_i/re2_copro_0/inst/UIP/arvalid_reg_reg_i_1/O
                         net (fo=1, routed)           0.185     4.040    re2_bd_i/re2_copro_0/inst/UIP/arvalid_reg
    SLICE_X10Y71         LDCE                                         r  re2_bd_i/re2_copro_0/inst/UIP/arvalid_reg_reg/D
  -------------------------------------------------------------------    -------------------

Slack:                    inf
  Source:                 re2_bd_i/re2_copro_0/inst/re2_copro_slave_lite_v2_S00_AXI_inst/slv_reg0_reg[20]/C
                            (rising edge-triggered cell FDRE clocked by clk_pl_0  {rise@0.000ns fall@5.000ns period=10.000ns})
  Destination:            re2_bd_i/re2_copro_0/inst/UIP/axi_register_read_reg[20]/D
  Path Group:             (none)
  Path Type:              Max at Slow Process Corner
  Data Path Delay:        1.842ns  (logic 0.095ns (5.157%)  route 1.747ns (94.843%))
  Logic Levels:           0  
  Clock Uncertainty:      0.174ns  ((TSJ^2 + DJ^2)^1/2) / 2 + PE
    Total System Jitter     (TSJ):    0.050ns
    Discrete Jitter          (DJ):    0.344ns
    Phase Error              (PE):    0.000ns
  Clock Net Delay (Source):      1.977ns (routing 0.814ns, distribution 1.163ns)

    Location             Delay type                Incr(ns)  Path(ns)    Netlist Resource(s)
  -------------------------------------------------------------------    -------------------
                         (clock clk_pl_0 rise edge)
                                                      0.000     0.000 r  
    PS8_X0Y0             PS8                          0.000     0.000 r  re2_bd_i/zynq_ultra_ps_e_0/inst/PS8_i/PLCLK[0]
                         net (fo=1, routed)           0.178     0.178    re2_bd_i/zynq_ultra_ps_e_0/inst/pl_clk_unbuffered[0]
    BUFG_PS_X0Y67        BUFG_PS (Prop_BUFG_PS_I_O)
                                                      0.029     0.207 r  re2_bd_i/zynq_ultra_ps_e_0/inst/buffer_pl_clk_0.PL_CLK_0_BUFG/O
    X0Y1 (CLOCK_ROOT)    net (fo=41213, routed)       1.977     2.184    re2_bd_i/re2_copro_0/inst/re2_copro_slave_lite_v2_S00_AXI_inst/s00_axi_aclk
    SLICE_X9Y75          FDRE                                         r  re2_bd_i/re2_copro_0/inst/re2_copro_slave_lite_v2_S00_AXI_inst/slv_reg0_reg[20]/C
  -------------------------------------------------------------------    -------------------
    SLICE_X9Y75          FDRE (Prop_CFF_SLICEM_C_Q)
                                                      0.095     2.279 r  re2_bd_i/re2_copro_0/inst/re2_copro_slave_lite_v2_S00_AXI_inst/slv_reg0_reg[20]/Q
                         net (fo=19, routed)          1.747     4.026    re2_bd_i/re2_copro_0/inst/UIP/m00_axi_araddr[31][20]
    SLICE_X13Y28         LDCE                                         r  re2_bd_i/re2_copro_0/inst/UIP/axi_register_read_reg[20]/D
  -------------------------------------------------------------------    -------------------

Slack:                    inf
  Source:                 re2_bd_i/re2_copro_0/inst/re2_copro_slave_lite_v2_S00_AXI_inst/slv_reg0_reg[21]/C
                            (rising edge-triggered cell FDRE clocked by clk_pl_0  {rise@0.000ns fall@5.000ns period=10.000ns})
  Destination:            re2_bd_i/re2_copro_0/inst/UIP/axi_register_read_reg[21]/D
  Path Group:             (none)
  Path Type:              Max at Slow Process Corner
  Data Path Delay:        1.827ns  (logic 0.095ns (5.201%)  route 1.732ns (94.799%))
  Logic Levels:           0  
  Clock Uncertainty:      0.174ns  ((TSJ^2 + DJ^2)^1/2) / 2 + PE
    Total System Jitter     (TSJ):    0.050ns
    Discrete Jitter          (DJ):    0.344ns
    Phase Error              (PE):    0.000ns
  Clock Net Delay (Source):      1.977ns (routing 0.814ns, distribution 1.163ns)

    Location             Delay type                Incr(ns)  Path(ns)    Netlist Resource(s)
  -------------------------------------------------------------------    -------------------
                         (clock clk_pl_0 rise edge)
                                                      0.000     0.000 r  
    PS8_X0Y0             PS8                          0.000     0.000 r  re2_bd_i/zynq_ultra_ps_e_0/inst/PS8_i/PLCLK[0]
                         net (fo=1, routed)           0.178     0.178    re2_bd_i/zynq_ultra_ps_e_0/inst/pl_clk_unbuffered[0]
    BUFG_PS_X0Y67        BUFG_PS (Prop_BUFG_PS_I_O)
                                                      0.029     0.207 r  re2_bd_i/zynq_ultra_ps_e_0/inst/buffer_pl_clk_0.PL_CLK_0_BUFG/O
    X0Y1 (CLOCK_ROOT)    net (fo=41213, routed)       1.977     2.184    re2_bd_i/re2_copro_0/inst/re2_copro_slave_lite_v2_S00_AXI_inst/s00_axi_aclk
    SLICE_X9Y75          FDRE                                         r  re2_bd_i/re2_copro_0/inst/re2_copro_slave_lite_v2_S00_AXI_inst/slv_reg0_reg[21]/C
  -------------------------------------------------------------------    -------------------
    SLICE_X9Y75          FDRE (Prop_BFF_SLICEM_C_Q)
                                                      0.095     2.279 r  re2_bd_i/re2_copro_0/inst/re2_copro_slave_lite_v2_S00_AXI_inst/slv_reg0_reg[21]/Q
                         net (fo=19, routed)          1.732     4.011    re2_bd_i/re2_copro_0/inst/UIP/m00_axi_araddr[31][21]
    SLICE_X11Y31         LDCE                                         r  re2_bd_i/re2_copro_0/inst/UIP/axi_register_read_reg[21]/D
  -------------------------------------------------------------------    -------------------

Slack:                    inf
  Source:                 re2_bd_i/re2_copro_0/inst/re2_copro_slave_lite_v2_S00_AXI_inst/slv_reg0_reg[29]/C
                            (rising edge-triggered cell FDRE clocked by clk_pl_0  {rise@0.000ns fall@5.000ns period=10.000ns})
  Destination:            re2_bd_i/re2_copro_0/inst/UIP/axi_register_read_reg[29]/D
  Path Group:             (none)
  Path Type:              Max at Slow Process Corner
  Data Path Delay:        1.830ns  (logic 0.097ns (5.302%)  route 1.733ns (94.698%))
  Logic Levels:           0  
  Clock Uncertainty:      0.174ns  ((TSJ^2 + DJ^2)^1/2) / 2 + PE
    Total System Jitter     (TSJ):    0.050ns
    Discrete Jitter          (DJ):    0.344ns
    Phase Error              (PE):    0.000ns
  Clock Net Delay (Source):      1.964ns (routing 0.814ns, distribution 1.150ns)

    Location             Delay type                Incr(ns)  Path(ns)    Netlist Resource(s)
  -------------------------------------------------------------------    -------------------
                         (clock clk_pl_0 rise edge)
                                                      0.000     0.000 r  
    PS8_X0Y0             PS8                          0.000     0.000 r  re2_bd_i/zynq_ultra_ps_e_0/inst/PS8_i/PLCLK[0]
                         net (fo=1, routed)           0.178     0.178    re2_bd_i/zynq_ultra_ps_e_0/inst/pl_clk_unbuffered[0]
    BUFG_PS_X0Y67        BUFG_PS (Prop_BUFG_PS_I_O)
                                                      0.029     0.207 r  re2_bd_i/zynq_ultra_ps_e_0/inst/buffer_pl_clk_0.PL_CLK_0_BUFG/O
    X0Y1 (CLOCK_ROOT)    net (fo=41213, routed)       1.964     2.171    re2_bd_i/re2_copro_0/inst/re2_copro_slave_lite_v2_S00_AXI_inst/s00_axi_aclk
    SLICE_X8Y78          FDRE                                         r  re2_bd_i/re2_copro_0/inst/re2_copro_slave_lite_v2_S00_AXI_inst/slv_reg0_reg[29]/C
  -------------------------------------------------------------------    -------------------
    SLICE_X8Y78          FDRE (Prop_GFF_SLICEL_C_Q)
                                                      0.097     2.268 r  re2_bd_i/re2_copro_0/inst/re2_copro_slave_lite_v2_S00_AXI_inst/slv_reg0_reg[29]/Q
                         net (fo=19, routed)          1.733     4.001    re2_bd_i/re2_copro_0/inst/UIP/m00_axi_araddr[31][29]
    SLICE_X13Y21         LDCE                                         r  re2_bd_i/re2_copro_0/inst/UIP/axi_register_read_reg[29]/D
  -------------------------------------------------------------------    -------------------

Slack:                    inf
  Source:                 re2_bd_i/re2_copro_0/inst/re2_copro_slave_lite_v2_S00_AXI_inst/slv_reg0_reg[6]/C
                            (rising edge-triggered cell FDRE clocked by clk_pl_0  {rise@0.000ns fall@5.000ns period=10.000ns})
  Destination:            re2_bd_i/re2_copro_0/inst/UIP/axi_read_len_reg[6]/D
  Path Group:             (none)
  Path Type:              Max at Slow Process Corner
  Data Path Delay:        1.819ns  (logic 0.099ns (5.442%)  route 1.720ns (94.558%))
  Logic Levels:           0  
  Clock Uncertainty:      0.174ns  ((TSJ^2 + DJ^2)^1/2) / 2 + PE
    Total System Jitter     (TSJ):    0.050ns
    Discrete Jitter          (DJ):    0.344ns
    Phase Error              (PE):    0.000ns
  Clock Net Delay (Source):      1.964ns (routing 0.814ns, distribution 1.150ns)

    Location             Delay type                Incr(ns)  Path(ns)    Netlist Resource(s)
  -------------------------------------------------------------------    -------------------
                         (clock clk_pl_0 rise edge)
                                                      0.000     0.000 r  
    PS8_X0Y0             PS8                          0.000     0.000 r  re2_bd_i/zynq_ultra_ps_e_0/inst/PS8_i/PLCLK[0]
                         net (fo=1, routed)           0.178     0.178    re2_bd_i/zynq_ultra_ps_e_0/inst/pl_clk_unbuffered[0]
    BUFG_PS_X0Y67        BUFG_PS (Prop_BUFG_PS_I_O)
                                                      0.029     0.207 r  re2_bd_i/zynq_ultra_ps_e_0/inst/buffer_pl_clk_0.PL_CLK_0_BUFG/O
    X0Y1 (CLOCK_ROOT)    net (fo=41213, routed)       1.964     2.171    re2_bd_i/re2_copro_0/inst/re2_copro_slave_lite_v2_S00_AXI_inst/s00_axi_aclk
    SLICE_X10Y76         FDRE                                         r  re2_bd_i/re2_copro_0/inst/re2_copro_slave_lite_v2_S00_AXI_inst/slv_reg0_reg[6]/C
  -------------------------------------------------------------------    -------------------
    SLICE_X10Y76         FDRE (Prop_EFF2_SLICEL_C_Q)
                                                      0.099     2.270 r  re2_bd_i/re2_copro_0/inst/re2_copro_slave_lite_v2_S00_AXI_inst/slv_reg0_reg[6]/Q
                         net (fo=20, routed)          1.720     3.991    re2_bd_i/re2_copro_0/inst/UIP/m00_axi_araddr[31][6]
    SLICE_X14Y14         LDCE                                         r  re2_bd_i/re2_copro_0/inst/UIP/axi_read_len_reg[6]/D
  -------------------------------------------------------------------    -------------------

Slack:                    inf
  Source:                 re2_bd_i/re2_copro_0/inst/re2_copro_slave_lite_v2_S00_AXI_inst/slv_reg0_reg[5]/C
                            (rising edge-triggered cell FDRE clocked by clk_pl_0  {rise@0.000ns fall@5.000ns period=10.000ns})
  Destination:            re2_bd_i/re2_copro_0/inst/UIP/axi_register_read_reg[5]/D
  Path Group:             (none)
  Path Type:              Max at Slow Process Corner
  Data Path Delay:        1.827ns  (logic 0.097ns (5.309%)  route 1.730ns (94.691%))
  Logic Levels:           0  
  Clock Uncertainty:      0.174ns  ((TSJ^2 + DJ^2)^1/2) / 2 + PE
    Total System Jitter     (TSJ):    0.050ns
    Discrete Jitter          (DJ):    0.344ns
    Phase Error              (PE):    0.000ns
  Clock Net Delay (Source):      1.947ns (routing 0.814ns, distribution 1.133ns)

    Location             Delay type                Incr(ns)  Path(ns)    Netlist Resource(s)
  -------------------------------------------------------------------    -------------------
                         (clock clk_pl_0 rise edge)
                                                      0.000     0.000 r  
    PS8_X0Y0             PS8                          0.000     0.000 r  re2_bd_i/zynq_ultra_ps_e_0/inst/PS8_i/PLCLK[0]
                         net (fo=1, routed)           0.178     0.178    re2_bd_i/zynq_ultra_ps_e_0/inst/pl_clk_unbuffered[0]
    BUFG_PS_X0Y67        BUFG_PS (Prop_BUFG_PS_I_O)
                                                      0.029     0.207 r  re2_bd_i/zynq_ultra_ps_e_0/inst/buffer_pl_clk_0.PL_CLK_0_BUFG/O
    X0Y1 (CLOCK_ROOT)    net (fo=41213, routed)       1.947     2.154    re2_bd_i/re2_copro_0/inst/re2_copro_slave_lite_v2_S00_AXI_inst/s00_axi_aclk
    SLICE_X14Y76         FDRE                                         r  re2_bd_i/re2_copro_0/inst/re2_copro_slave_lite_v2_S00_AXI_inst/slv_reg0_reg[5]/C
  -------------------------------------------------------------------    -------------------
    SLICE_X14Y76         FDRE (Prop_FFF2_SLICEM_C_Q)
                                                      0.097     2.251 r  re2_bd_i/re2_copro_0/inst/re2_copro_slave_lite_v2_S00_AXI_inst/slv_reg0_reg[5]/Q
                         net (fo=20, routed)          1.730     3.981    re2_bd_i/re2_copro_0/inst/UIP/m00_axi_araddr[31][5]
    SLICE_X16Y9          LDCE                                         r  re2_bd_i/re2_copro_0/inst/UIP/axi_register_read_reg[5]/D
  -------------------------------------------------------------------    -------------------

Slack:                    inf
  Source:                 re2_bd_i/re2_copro_0/inst/re2_copro_slave_lite_v2_S00_AXI_inst/slv_reg0_reg[4]/C
                            (rising edge-triggered cell FDRE clocked by clk_pl_0  {rise@0.000ns fall@5.000ns period=10.000ns})
  Destination:            re2_bd_i/re2_copro_0/inst/UIP/axi_read_len_reg[4]/D
  Path Group:             (none)
  Path Type:              Max at Slow Process Corner
  Data Path Delay:        1.742ns  (logic 0.096ns (5.512%)  route 1.646ns (94.488%))
  Logic Levels:           0  
  Clock Uncertainty:      0.174ns  ((TSJ^2 + DJ^2)^1/2) / 2 + PE
    Total System Jitter     (TSJ):    0.050ns
    Discrete Jitter          (DJ):    0.344ns
    Phase Error              (PE):    0.000ns
  Clock Net Delay (Source):      1.964ns (routing 0.814ns, distribution 1.150ns)

    Location             Delay type                Incr(ns)  Path(ns)    Netlist Resource(s)
  -------------------------------------------------------------------    -------------------
                         (clock clk_pl_0 rise edge)
                                                      0.000     0.000 r  
    PS8_X0Y0             PS8                          0.000     0.000 r  re2_bd_i/zynq_ultra_ps_e_0/inst/PS8_i/PLCLK[0]
                         net (fo=1, routed)           0.178     0.178    re2_bd_i/zynq_ultra_ps_e_0/inst/pl_clk_unbuffered[0]
    BUFG_PS_X0Y67        BUFG_PS (Prop_BUFG_PS_I_O)
                                                      0.029     0.207 r  re2_bd_i/zynq_ultra_ps_e_0/inst/buffer_pl_clk_0.PL_CLK_0_BUFG/O
    X0Y1 (CLOCK_ROOT)    net (fo=41213, routed)       1.964     2.171    re2_bd_i/re2_copro_0/inst/re2_copro_slave_lite_v2_S00_AXI_inst/s00_axi_aclk
    SLICE_X10Y76         FDRE                                         r  re2_bd_i/re2_copro_0/inst/re2_copro_slave_lite_v2_S00_AXI_inst/slv_reg0_reg[4]/C
  -------------------------------------------------------------------    -------------------
    SLICE_X10Y76         FDRE (Prop_EFF_SLICEL_C_Q)
                                                      0.096     2.267 r  re2_bd_i/re2_copro_0/inst/re2_copro_slave_lite_v2_S00_AXI_inst/slv_reg0_reg[4]/Q
                         net (fo=20, routed)          1.646     3.913    re2_bd_i/re2_copro_0/inst/UIP/m00_axi_araddr[31][4]
    SLICE_X13Y18         LDCE                                         r  re2_bd_i/re2_copro_0/inst/UIP/axi_read_len_reg[4]/D
  -------------------------------------------------------------------    -------------------





Min Delay Paths
--------------------------------------------------------------------------------------
Slack:                    inf
  Source:                 re2_bd_i/re2_copro_0/inst/UIP/status_register_fetching_reg[0]/C
                            (rising edge-triggered cell FDRE clocked by clk_pl_0  {rise@0.000ns fall@5.000ns period=10.000ns})
  Destination:            re2_bd_i/re2_copro_0/inst/UIP/rlast_prev_reg_reg/D
  Path Group:             (none)
  Path Type:              Min at Fast Process Corner
  Data Path Delay:        0.371ns  (logic 0.078ns (21.032%)  route 0.293ns (78.968%))
  Logic Levels:           1  (LUT2=1)
  Clock Uncertainty:      0.174ns  ((TSJ^2 + DJ^2)^1/2) / 2 + PE
    Total System Jitter     (TSJ):    0.050ns
    Discrete Jitter          (DJ):    0.344ns
    Phase Error              (PE):    0.000ns
  Clock Net Delay (Source):      0.962ns (routing 0.410ns, distribution 0.552ns)

    Location             Delay type                Incr(ns)  Path(ns)    Netlist Resource(s)
  -------------------------------------------------------------------    -------------------
                         (clock clk_pl_0 rise edge)
                                                      0.000     0.000 r  
    PS8_X0Y0             PS8                          0.000     0.000 r  re2_bd_i/zynq_ultra_ps_e_0/inst/PS8_i/PLCLK[0]
                         net (fo=1, routed)           0.094     0.094    re2_bd_i/zynq_ultra_ps_e_0/inst/pl_clk_unbuffered[0]
    BUFG_PS_X0Y67        BUFG_PS (Prop_BUFG_PS_I_O)
                                                      0.017     0.111 r  re2_bd_i/zynq_ultra_ps_e_0/inst/buffer_pl_clk_0.PL_CLK_0_BUFG/O
    X0Y1 (CLOCK_ROOT)    net (fo=41213, routed)       0.962     1.073    re2_bd_i/re2_copro_0/inst/UIP/s00_axi_aclk
    SLICE_X23Y84         FDRE                                         r  re2_bd_i/re2_copro_0/inst/UIP/status_register_fetching_reg[0]/C
  -------------------------------------------------------------------    -------------------
    SLICE_X23Y84         FDRE (Prop_CFF_SLICEL_C_Q)
                                                      0.039     1.112 f  re2_bd_i/re2_copro_0/inst/UIP/status_register_fetching_reg[0]/Q
                         net (fo=12, routed)          0.287     1.398    re2_bd_i/re2_copro_0/inst/UIP/status_register_fetching[0]
    SLICE_X10Y71         LUT2 (Prop_D5LUT_SLICEL_I1_O)
                                                      0.039     1.437 r  re2_bd_i/re2_copro_0/inst/UIP/rlast_prev_reg_reg_i_1/O
                         net (fo=1, routed)           0.006     1.443    re2_bd_i/re2_copro_0/inst/UIP/rlast_prev_reg_reg_i_1_n_0
    SLICE_X10Y71         LDCE                                         r  re2_bd_i/re2_copro_0/inst/UIP/rlast_prev_reg_reg/D
  -------------------------------------------------------------------    -------------------

Slack:                    inf
  Source:                 re2_bd_i/re2_copro_0/inst/re2_copro_slave_lite_v2_S00_AXI_inst/slv_reg0_reg[13]/C
                            (rising edge-triggered cell FDRE clocked by clk_pl_0  {rise@0.000ns fall@5.000ns period=10.000ns})
  Destination:            re2_bd_i/re2_copro_0/inst/UIP/axi_register_read_reg[13]/D
  Path Group:             (none)
  Path Type:              Min at Fast Process Corner
  Data Path Delay:        0.373ns  (logic 0.039ns (10.466%)  route 0.334ns (89.534%))
  Logic Levels:           0  
  Clock Uncertainty:      0.174ns  ((TSJ^2 + DJ^2)^1/2) / 2 + PE
    Total System Jitter     (TSJ):    0.050ns
    Discrete Jitter          (DJ):    0.344ns
    Phase Error              (PE):    0.000ns
  Clock Net Delay (Source):      0.989ns (routing 0.410ns, distribution 0.579ns)

    Location             Delay type                Incr(ns)  Path(ns)    Netlist Resource(s)
  -------------------------------------------------------------------    -------------------
                         (clock clk_pl_0 rise edge)
                                                      0.000     0.000 r  
    PS8_X0Y0             PS8                          0.000     0.000 r  re2_bd_i/zynq_ultra_ps_e_0/inst/PS8_i/PLCLK[0]
                         net (fo=1, routed)           0.094     0.094    re2_bd_i/zynq_ultra_ps_e_0/inst/pl_clk_unbuffered[0]
    BUFG_PS_X0Y67        BUFG_PS (Prop_BUFG_PS_I_O)
                                                      0.017     0.111 r  re2_bd_i/zynq_ultra_ps_e_0/inst/buffer_pl_clk_0.PL_CLK_0_BUFG/O
    X0Y1 (CLOCK_ROOT)    net (fo=41213, routed)       0.989     1.100    re2_bd_i/re2_copro_0/inst/re2_copro_slave_lite_v2_S00_AXI_inst/s00_axi_aclk
    SLICE_X11Y74         FDRE                                         r  re2_bd_i/re2_copro_0/inst/re2_copro_slave_lite_v2_S00_AXI_inst/slv_reg0_reg[13]/C
  -------------------------------------------------------------------    -------------------
    SLICE_X11Y74         FDRE (Prop_BFF_SLICEL_C_Q)
                                                      0.039     1.139 r  re2_bd_i/re2_copro_0/inst/re2_copro_slave_lite_v2_S00_AXI_inst/slv_reg0_reg[13]/Q
                         net (fo=19, routed)          0.334     1.472    re2_bd_i/re2_copro_0/inst/UIP/m00_axi_araddr[31][13]
    SLICE_X11Y22         LDCE                                         r  re2_bd_i/re2_copro_0/inst/UIP/axi_register_read_reg[13]/D
  -------------------------------------------------------------------    -------------------

Slack:                    inf
  Source:                 re2_bd_i/re2_copro_0/inst/UIP/status_register_fetching_reg[0]/C
                            (rising edge-triggered cell FDRE clocked by clk_pl_0  {rise@0.000ns fall@5.000ns period=10.000ns})
  Destination:            re2_bd_i/re2_copro_0/inst/UIP/rready_reg_reg/D
  Path Group:             (none)
  Path Type:              Min at Fast Process Corner
  Data Path Delay:        0.403ns  (logic 0.039ns (9.674%)  route 0.364ns (90.326%))
  Logic Levels:           0  
  Clock Uncertainty:      0.174ns  ((TSJ^2 + DJ^2)^1/2) / 2 + PE
    Total System Jitter     (TSJ):    0.050ns
    Discrete Jitter          (DJ):    0.344ns
    Phase Error              (PE):    0.000ns
  Clock Net Delay (Source):      0.962ns (routing 0.410ns, distribution 0.552ns)

    Location             Delay type                Incr(ns)  Path(ns)    Netlist Resource(s)
  -------------------------------------------------------------------    -------------------
                         (clock clk_pl_0 rise edge)
                                                      0.000     0.000 r  
    PS8_X0Y0             PS8                          0.000     0.000 r  re2_bd_i/zynq_ultra_ps_e_0/inst/PS8_i/PLCLK[0]
                         net (fo=1, routed)           0.094     0.094    re2_bd_i/zynq_ultra_ps_e_0/inst/pl_clk_unbuffered[0]
    BUFG_PS_X0Y67        BUFG_PS (Prop_BUFG_PS_I_O)
                                                      0.017     0.111 r  re2_bd_i/zynq_ultra_ps_e_0/inst/buffer_pl_clk_0.PL_CLK_0_BUFG/O
    X0Y1 (CLOCK_ROOT)    net (fo=41213, routed)       0.962     1.073    re2_bd_i/re2_copro_0/inst/UIP/s00_axi_aclk
    SLICE_X23Y84         FDRE                                         r  re2_bd_i/re2_copro_0/inst/UIP/status_register_fetching_reg[0]/C
  -------------------------------------------------------------------    -------------------
    SLICE_X23Y84         FDRE (Prop_CFF_SLICEL_C_Q)
                                                      0.039     1.112 r  re2_bd_i/re2_copro_0/inst/UIP/status_register_fetching_reg[0]/Q
                         net (fo=12, routed)          0.364     1.476    re2_bd_i/re2_copro_0/inst/UIP/status_register_fetching[0]
    SLICE_X10Y72         LDCE                                         r  re2_bd_i/re2_copro_0/inst/UIP/rready_reg_reg/D
  -------------------------------------------------------------------    -------------------

Slack:                    inf
  Source:                 re2_bd_i/re2_copro_0/inst/re2_copro_slave_lite_v2_S00_AXI_inst/slv_reg0_reg[9]/C
                            (rising edge-triggered cell FDRE clocked by clk_pl_0  {rise@0.000ns fall@5.000ns period=10.000ns})
  Destination:            re2_bd_i/re2_copro_0/inst/UIP/axi_register_read_reg[9]/D
  Path Group:             (none)
  Path Type:              Min at Fast Process Corner
  Data Path Delay:        0.383ns  (logic 0.039ns (10.174%)  route 0.344ns (89.826%))
  Logic Levels:           0  
  Clock Uncertainty:      0.174ns  ((TSJ^2 + DJ^2)^1/2) / 2 + PE
    Total System Jitter     (TSJ):    0.050ns
    Discrete Jitter          (DJ):    0.344ns
    Phase Error              (PE):    0.000ns
  Clock Net Delay (Source):      0.992ns (routing 0.410ns, distribution 0.582ns)

    Location             Delay type                Incr(ns)  Path(ns)    Netlist Resource(s)
  -------------------------------------------------------------------    -------------------
                         (clock clk_pl_0 rise edge)
                                                      0.000     0.000 r  
    PS8_X0Y0             PS8                          0.000     0.000 r  re2_bd_i/zynq_ultra_ps_e_0/inst/PS8_i/PLCLK[0]
                         net (fo=1, routed)           0.094     0.094    re2_bd_i/zynq_ultra_ps_e_0/inst/pl_clk_unbuffered[0]
    BUFG_PS_X0Y67        BUFG_PS (Prop_BUFG_PS_I_O)
                                                      0.017     0.111 r  re2_bd_i/zynq_ultra_ps_e_0/inst/buffer_pl_clk_0.PL_CLK_0_BUFG/O
    X0Y1 (CLOCK_ROOT)    net (fo=41213, routed)       0.992     1.103    re2_bd_i/re2_copro_0/inst/re2_copro_slave_lite_v2_S00_AXI_inst/s00_axi_aclk
    SLICE_X11Y74         FDRE                                         r  re2_bd_i/re2_copro_0/inst/re2_copro_slave_lite_v2_S00_AXI_inst/slv_reg0_reg[9]/C
  -------------------------------------------------------------------    -------------------
    SLICE_X11Y74         FDRE (Prop_HFF2_SLICEL_C_Q)
                                                      0.039     1.142 r  re2_bd_i/re2_copro_0/inst/re2_copro_slave_lite_v2_S00_AXI_inst/slv_reg0_reg[9]/Q
                         net (fo=19, routed)          0.344     1.486    re2_bd_i/re2_copro_0/inst/UIP/m00_axi_araddr[31][9]
    SLICE_X13Y22         LDCE                                         r  re2_bd_i/re2_copro_0/inst/UIP/axi_register_read_reg[9]/D
  -------------------------------------------------------------------    -------------------

Slack:                    inf
  Source:                 re2_bd_i/re2_copro_0/inst/re2_copro_slave_lite_v2_S00_AXI_inst/slv_reg0_reg[19]/C
                            (rising edge-triggered cell FDRE clocked by clk_pl_0  {rise@0.000ns fall@5.000ns period=10.000ns})
  Destination:            re2_bd_i/re2_copro_0/inst/UIP/axi_register_read_reg[19]/D
  Path Group:             (none)
  Path Type:              Min at Fast Process Corner
  Data Path Delay:        0.396ns  (logic 0.039ns (9.851%)  route 0.357ns (90.149%))
  Logic Levels:           0  
  Clock Uncertainty:      0.174ns  ((TSJ^2 + DJ^2)^1/2) / 2 + PE
    Total System Jitter     (TSJ):    0.050ns
    Discrete Jitter          (DJ):    0.344ns
    Phase Error              (PE):    0.000ns
  Clock Net Delay (Source):      0.993ns (routing 0.410ns, distribution 0.583ns)

    Location             Delay type                Incr(ns)  Path(ns)    Netlist Resource(s)
  -------------------------------------------------------------------    -------------------
                         (clock clk_pl_0 rise edge)
                                                      0.000     0.000 r  
    PS8_X0Y0             PS8                          0.000     0.000 r  re2_bd_i/zynq_ultra_ps_e_0/inst/PS8_i/PLCLK[0]
                         net (fo=1, routed)           0.094     0.094    re2_bd_i/zynq_ultra_ps_e_0/inst/pl_clk_unbuffered[0]
    BUFG_PS_X0Y67        BUFG_PS (Prop_BUFG_PS_I_O)
                                                      0.017     0.111 r  re2_bd_i/zynq_ultra_ps_e_0/inst/buffer_pl_clk_0.PL_CLK_0_BUFG/O
    X0Y1 (CLOCK_ROOT)    net (fo=41213, routed)       0.993     1.104    re2_bd_i/re2_copro_0/inst/re2_copro_slave_lite_v2_S00_AXI_inst/s00_axi_aclk
    SLICE_X7Y75          FDRE                                         r  re2_bd_i/re2_copro_0/inst/re2_copro_slave_lite_v2_S00_AXI_inst/slv_reg0_reg[19]/C
  -------------------------------------------------------------------    -------------------
    SLICE_X7Y75          FDRE (Prop_HFF_SLICEL_C_Q)
                                                      0.039     1.143 r  re2_bd_i/re2_copro_0/inst/re2_copro_slave_lite_v2_S00_AXI_inst/slv_reg0_reg[19]/Q
                         net (fo=19, routed)          0.357     1.499    re2_bd_i/re2_copro_0/inst/UIP/m00_axi_araddr[31][19]
    SLICE_X11Y23         LDCE                                         r  re2_bd_i/re2_copro_0/inst/UIP/axi_register_read_reg[19]/D
  -------------------------------------------------------------------    -------------------

Slack:                    inf
  Source:                 re2_bd_i/re2_copro_0/inst/re2_copro_slave_lite_v2_S00_AXI_inst/slv_reg0_reg[7]/C
                            (rising edge-triggered cell FDRE clocked by clk_pl_0  {rise@0.000ns fall@5.000ns period=10.000ns})
  Destination:            re2_bd_i/re2_copro_0/inst/UIP/axi_register_read_reg[7]/D
  Path Group:             (none)
  Path Type:              Min at Fast Process Corner
  Data Path Delay:        0.518ns  (logic 0.039ns (7.534%)  route 0.479ns (92.466%))
  Logic Levels:           0  
  Clock Uncertainty:      0.174ns  ((TSJ^2 + DJ^2)^1/2) / 2 + PE
    Total System Jitter     (TSJ):    0.050ns
    Discrete Jitter          (DJ):    0.344ns
    Phase Error              (PE):    0.000ns
  Clock Net Delay (Source):      0.978ns (routing 0.410ns, distribution 0.568ns)

    Location             Delay type                Incr(ns)  Path(ns)    Netlist Resource(s)
  -------------------------------------------------------------------    -------------------
                         (clock clk_pl_0 rise edge)
                                                      0.000     0.000 r  
    PS8_X0Y0             PS8                          0.000     0.000 r  re2_bd_i/zynq_ultra_ps_e_0/inst/PS8_i/PLCLK[0]
                         net (fo=1, routed)           0.094     0.094    re2_bd_i/zynq_ultra_ps_e_0/inst/pl_clk_unbuffered[0]
    BUFG_PS_X0Y67        BUFG_PS (Prop_BUFG_PS_I_O)
                                                      0.017     0.111 r  re2_bd_i/zynq_ultra_ps_e_0/inst/buffer_pl_clk_0.PL_CLK_0_BUFG/O
    X0Y1 (CLOCK_ROOT)    net (fo=41213, routed)       0.978     1.089    re2_bd_i/re2_copro_0/inst/re2_copro_slave_lite_v2_S00_AXI_inst/s00_axi_aclk
    SLICE_X14Y76         FDRE                                         r  re2_bd_i/re2_copro_0/inst/re2_copro_slave_lite_v2_S00_AXI_inst/slv_reg0_reg[7]/C
  -------------------------------------------------------------------    -------------------
    SLICE_X14Y76         FDRE (Prop_EFF2_SLICEM_C_Q)
                                                      0.039     1.128 r  re2_bd_i/re2_copro_0/inst/re2_copro_slave_lite_v2_S00_AXI_inst/slv_reg0_reg[7]/Q
                         net (fo=20, routed)          0.479     1.606    re2_bd_i/re2_copro_0/inst/UIP/m00_axi_araddr[31][7]
    SLICE_X16Y9          LDCE                                         r  re2_bd_i/re2_copro_0/inst/UIP/axi_register_read_reg[7]/D
  -------------------------------------------------------------------    -------------------

Slack:                    inf
  Source:                 re2_bd_i/re2_copro_0/inst/re2_copro_slave_lite_v2_S00_AXI_inst/slv_reg0_reg[1]/C
                            (rising edge-triggered cell FDRE clocked by clk_pl_0  {rise@0.000ns fall@5.000ns period=10.000ns})
  Destination:            re2_bd_i/re2_copro_0/inst/UIP/axi_read_len_reg[1]/D
  Path Group:             (none)
  Path Type:              Min at Fast Process Corner
  Data Path Delay:        0.510ns  (logic 0.039ns (7.651%)  route 0.471ns (92.349%))
  Logic Levels:           0  
  Clock Uncertainty:      0.174ns  ((TSJ^2 + DJ^2)^1/2) / 2 + PE
    Total System Jitter     (TSJ):    0.050ns
    Discrete Jitter          (DJ):    0.344ns
    Phase Error              (PE):    0.000ns
  Clock Net Delay (Source):      0.991ns (routing 0.410ns, distribution 0.581ns)

    Location             Delay type                Incr(ns)  Path(ns)    Netlist Resource(s)
  -------------------------------------------------------------------    -------------------
                         (clock clk_pl_0 rise edge)
                                                      0.000     0.000 r  
    PS8_X0Y0             PS8                          0.000     0.000 r  re2_bd_i/zynq_ultra_ps_e_0/inst/PS8_i/PLCLK[0]
                         net (fo=1, routed)           0.094     0.094    re2_bd_i/zynq_ultra_ps_e_0/inst/pl_clk_unbuffered[0]
    BUFG_PS_X0Y67        BUFG_PS (Prop_BUFG_PS_I_O)
                                                      0.017     0.111 r  re2_bd_i/zynq_ultra_ps_e_0/inst/buffer_pl_clk_0.PL_CLK_0_BUFG/O
    X0Y1 (CLOCK_ROOT)    net (fo=41213, routed)       0.991     1.102    re2_bd_i/re2_copro_0/inst/re2_copro_slave_lite_v2_S00_AXI_inst/s00_axi_aclk
    SLICE_X9Y65          FDRE                                         r  re2_bd_i/re2_copro_0/inst/re2_copro_slave_lite_v2_S00_AXI_inst/slv_reg0_reg[1]/C
  -------------------------------------------------------------------    -------------------
    SLICE_X9Y65          FDRE (Prop_AFF2_SLICEM_C_Q)
                                                      0.039     1.141 r  re2_bd_i/re2_copro_0/inst/re2_copro_slave_lite_v2_S00_AXI_inst/slv_reg0_reg[1]/Q
                         net (fo=149, routed)         0.471     1.612    re2_bd_i/re2_copro_0/inst/UIP/m00_axi_araddr[31][1]
    SLICE_X13Y18         LDCE                                         r  re2_bd_i/re2_copro_0/inst/UIP/axi_read_len_reg[1]/D
  -------------------------------------------------------------------    -------------------

Slack:                    inf
  Source:                 re2_bd_i/re2_copro_0/inst/re2_copro_slave_lite_v2_S00_AXI_inst/slv_reg0_reg[3]/C
                            (rising edge-triggered cell FDRE clocked by clk_pl_0  {rise@0.000ns fall@5.000ns period=10.000ns})
  Destination:            re2_bd_i/re2_copro_0/inst/UIP/axi_read_len_reg[3]/D
  Path Group:             (none)
  Path Type:              Min at Fast Process Corner
  Data Path Delay:        0.537ns  (logic 0.039ns (7.256%)  route 0.498ns (92.744%))
  Logic Levels:           0  
  Clock Uncertainty:      0.174ns  ((TSJ^2 + DJ^2)^1/2) / 2 + PE
    Total System Jitter     (TSJ):    0.050ns
    Discrete Jitter          (DJ):    0.344ns
    Phase Error              (PE):    0.000ns
  Clock Net Delay (Source):      0.978ns (routing 0.410ns, distribution 0.568ns)

    Location             Delay type                Incr(ns)  Path(ns)    Netlist Resource(s)
  -------------------------------------------------------------------    -------------------
                         (clock clk_pl_0 rise edge)
                                                      0.000     0.000 r  
    PS8_X0Y0             PS8                          0.000     0.000 r  re2_bd_i/zynq_ultra_ps_e_0/inst/PS8_i/PLCLK[0]
                         net (fo=1, routed)           0.094     0.094    re2_bd_i/zynq_ultra_ps_e_0/inst/pl_clk_unbuffered[0]
    BUFG_PS_X0Y67        BUFG_PS (Prop_BUFG_PS_I_O)
                                                      0.017     0.111 r  re2_bd_i/zynq_ultra_ps_e_0/inst/buffer_pl_clk_0.PL_CLK_0_BUFG/O
    X0Y1 (CLOCK_ROOT)    net (fo=41213, routed)       0.978     1.089    re2_bd_i/re2_copro_0/inst/re2_copro_slave_lite_v2_S00_AXI_inst/s00_axi_aclk
    SLICE_X14Y76         FDRE                                         r  re2_bd_i/re2_copro_0/inst/re2_copro_slave_lite_v2_S00_AXI_inst/slv_reg0_reg[3]/C
  -------------------------------------------------------------------    -------------------
    SLICE_X14Y76         FDRE (Prop_GFF2_SLICEM_C_Q)
                                                      0.039     1.128 r  re2_bd_i/re2_copro_0/inst/re2_copro_slave_lite_v2_S00_AXI_inst/slv_reg0_reg[3]/Q
                         net (fo=20, routed)          0.498     1.626    re2_bd_i/re2_copro_0/inst/UIP/m00_axi_araddr[31][3]
    SLICE_X13Y18         LDCE                                         r  re2_bd_i/re2_copro_0/inst/UIP/axi_read_len_reg[3]/D
  -------------------------------------------------------------------    -------------------

Slack:                    inf
  Source:                 re2_bd_i/re2_copro_0/inst/re2_copro_slave_lite_v2_S00_AXI_inst/slv_reg0_reg[0]/C
                            (rising edge-triggered cell FDRE clocked by clk_pl_0  {rise@0.000ns fall@5.000ns period=10.000ns})
  Destination:            re2_bd_i/re2_copro_0/inst/UIP/axi_read_len_reg[0]/D
  Path Group:             (none)
  Path Type:              Min at Fast Process Corner
  Data Path Delay:        0.526ns  (logic 0.039ns (7.413%)  route 0.487ns (92.587%))
  Logic Levels:           0  
  Clock Uncertainty:      0.174ns  ((TSJ^2 + DJ^2)^1/2) / 2 + PE
    Total System Jitter     (TSJ):    0.050ns
    Discrete Jitter          (DJ):    0.344ns
    Phase Error              (PE):    0.000ns
  Clock Net Delay (Source):      0.991ns (routing 0.410ns, distribution 0.581ns)

    Location             Delay type                Incr(ns)  Path(ns)    Netlist Resource(s)
  -------------------------------------------------------------------    -------------------
                         (clock clk_pl_0 rise edge)
                                                      0.000     0.000 r  
    PS8_X0Y0             PS8                          0.000     0.000 r  re2_bd_i/zynq_ultra_ps_e_0/inst/PS8_i/PLCLK[0]
                         net (fo=1, routed)           0.094     0.094    re2_bd_i/zynq_ultra_ps_e_0/inst/pl_clk_unbuffered[0]
    BUFG_PS_X0Y67        BUFG_PS (Prop_BUFG_PS_I_O)
                                                      0.017     0.111 r  re2_bd_i/zynq_ultra_ps_e_0/inst/buffer_pl_clk_0.PL_CLK_0_BUFG/O
    X0Y1 (CLOCK_ROOT)    net (fo=41213, routed)       0.991     1.102    re2_bd_i/re2_copro_0/inst/re2_copro_slave_lite_v2_S00_AXI_inst/s00_axi_aclk
    SLICE_X10Y61         FDRE                                         r  re2_bd_i/re2_copro_0/inst/re2_copro_slave_lite_v2_S00_AXI_inst/slv_reg0_reg[0]/C
  -------------------------------------------------------------------    -------------------
    SLICE_X10Y61         FDRE (Prop_EFF_SLICEL_C_Q)
                                                      0.039     1.141 r  re2_bd_i/re2_copro_0/inst/re2_copro_slave_lite_v2_S00_AXI_inst/slv_reg0_reg[0]/Q
                         net (fo=150, routed)         0.487     1.628    re2_bd_i/re2_copro_0/inst/UIP/m00_axi_araddr[31][0]
    SLICE_X14Y14         LDCE                                         r  re2_bd_i/re2_copro_0/inst/UIP/axi_read_len_reg[0]/D
  -------------------------------------------------------------------    -------------------

Slack:                    inf
  Source:                 re2_bd_i/re2_copro_0/inst/re2_copro_slave_lite_v2_S00_AXI_inst/slv_reg0_reg[2]/C
                            (rising edge-triggered cell FDRE clocked by clk_pl_0  {rise@0.000ns fall@5.000ns period=10.000ns})
  Destination:            re2_bd_i/re2_copro_0/inst/UIP/axi_read_len_reg[2]/D
  Path Group:             (none)
  Path Type:              Min at Fast Process Corner
  Data Path Delay:        0.547ns  (logic 0.039ns (7.135%)  route 0.508ns (92.865%))
  Logic Levels:           0  
  Clock Uncertainty:      0.174ns  ((TSJ^2 + DJ^2)^1/2) / 2 + PE
    Total System Jitter     (TSJ):    0.050ns
    Discrete Jitter          (DJ):    0.344ns
    Phase Error              (PE):    0.000ns
  Clock Net Delay (Source):      0.987ns (routing 0.410ns, distribution 0.577ns)

    Location             Delay type                Incr(ns)  Path(ns)    Netlist Resource(s)
  -------------------------------------------------------------------    -------------------
                         (clock clk_pl_0 rise edge)
                                                      0.000     0.000 r  
    PS8_X0Y0             PS8                          0.000     0.000 r  re2_bd_i/zynq_ultra_ps_e_0/inst/PS8_i/PLCLK[0]
                         net (fo=1, routed)           0.094     0.094    re2_bd_i/zynq_ultra_ps_e_0/inst/pl_clk_unbuffered[0]
    BUFG_PS_X0Y67        BUFG_PS (Prop_BUFG_PS_I_O)
                                                      0.017     0.111 r  re2_bd_i/zynq_ultra_ps_e_0/inst/buffer_pl_clk_0.PL_CLK_0_BUFG/O
    X0Y1 (CLOCK_ROOT)    net (fo=41213, routed)       0.987     1.098    re2_bd_i/re2_copro_0/inst/re2_copro_slave_lite_v2_S00_AXI_inst/s00_axi_aclk
    SLICE_X9Y76          FDRE                                         r  re2_bd_i/re2_copro_0/inst/re2_copro_slave_lite_v2_S00_AXI_inst/slv_reg0_reg[2]/C
  -------------------------------------------------------------------    -------------------
    SLICE_X9Y76          FDRE (Prop_EFF2_SLICEM_C_Q)
                                                      0.039     1.137 r  re2_bd_i/re2_copro_0/inst/re2_copro_slave_lite_v2_S00_AXI_inst/slv_reg0_reg[2]/Q
                         net (fo=129, routed)         0.508     1.645    re2_bd_i/re2_copro_0/inst/UIP/m00_axi_araddr[31][2]
    SLICE_X13Y18         LDCE                                         r  re2_bd_i/re2_copro_0/inst/UIP/axi_read_len_reg[2]/D
  -------------------------------------------------------------------    -------------------





--------------------------------------------------------------------------------------
Path Group:  (none)
From Clock:  
  To Clock:  clk_pl_0

Max Delay           270 Endpoints
Min Delay           270 Endpoints
--------------------------------------------------------------------------------------


Max Delay Paths
--------------------------------------------------------------------------------------
Slack:                    inf
  Source:                 re2_bd_i/re2_copro_0/inst/UIP/rready_reg_reg/G
                            (positive level-sensitive latch)
  Destination:            re2_bd_i/axi_smc/inst/s00_entry_pipeline/s00_si_converter/inst/converter.wrap_narrow_inst/gen_thread_loop[0].r_payld_fifo/cmd_fifo/gen_pipelined.mesg_reg_reg[1]/CE
                            (rising edge-triggered cell FDRE clocked by clk_pl_0  {rise@0.000ns fall@5.000ns period=10.000ns})
  Path Group:             (none)
  Path Type:              Setup (Max at Slow Process Corner)
  Data Path Delay:        3.255ns  (logic 0.790ns (24.273%)  route 2.465ns (75.727%))
  Logic Levels:           5  (LDCE=1 LUT4=2 LUT6=2)
  Clock Uncertainty:      0.174ns  ((TSJ^2 + DJ^2)^1/2) / 2 + PE
    Total System Jitter     (TSJ):    0.050ns
    Discrete Jitter          (DJ):    0.344ns
    Phase Error              (PE):    0.000ns
  Clock Net Delay (Destination): 1.728ns (routing 0.736ns, distribution 0.992ns)

    Location             Delay type                Incr(ns)  Path(ns)    Netlist Resource(s)
  -------------------------------------------------------------------    -------------------
    SLICE_X10Y72         LDCE                         0.000     0.000 r  re2_bd_i/re2_copro_0/inst/UIP/rready_reg_reg/G
    SLICE_X10Y72         LDCE (EnToQ_EFF_SLICEL_G_Q)
                                                      0.149     0.149 r  re2_bd_i/re2_copro_0/inst/UIP/rready_reg_reg/Q
                         net (fo=17, routed)          1.040     1.189    re2_bd_i/axi_smc/inst/s00_entry_pipeline/s00_si_converter/inst/converter.wrap_narrow_inst/gen_thread_loop[0].r_payld_fifo/cmd_fifo/s_axi_rready
    SLICE_X13Y11         LUT6 (Prop_G6LUT_SLICEL_I3_O)
                                                      0.147     1.336 f  re2_bd_i/axi_smc/inst/s00_entry_pipeline/s00_si_converter/inst/converter.wrap_narrow_inst/gen_thread_loop[0].r_payld_fifo/cmd_fifo/read_offset[3]_i_8__0/O
                         net (fo=1, routed)           0.361     1.697    re2_bd_i/axi_smc/inst/s00_entry_pipeline/s00_si_converter/inst/converter.wrap_narrow_inst/gen_thread_loop[0].r_payld_fifo/cmd_fifo/read_offset[3]_i_8__0_n_0
    SLICE_X10Y11         LUT6 (Prop_H6LUT_SLICEL_I5_O)
                                                      0.149     1.846 r  re2_bd_i/axi_smc/inst/s00_entry_pipeline/s00_si_converter/inst/converter.wrap_narrow_inst/gen_thread_loop[0].r_payld_fifo/cmd_fifo/read_offset[3]_i_4/O
                         net (fo=9, routed)           0.208     2.055    re2_bd_i/axi_smc/inst/s00_entry_pipeline/s00_si_converter/inst/converter.wrap_narrow_inst/gen_thread_loop[0].r_payld_fifo/cmd_fifo/fifoaddr_reg[4]
    SLICE_X10Y10         LUT4 (Prop_F6LUT_SLICEL_I3_O)
                                                      0.177     2.232 r  re2_bd_i/axi_smc/inst/s00_entry_pipeline/s00_si_converter/inst/converter.wrap_narrow_inst/gen_thread_loop[0].r_payld_fifo/cmd_fifo/gen_pipelined.state[2]_i_3__1/O
                         net (fo=16, routed)          0.127     2.358    re2_bd_i/axi_smc/inst/s00_entry_pipeline/s00_si_converter/inst/converter.wrap_narrow_inst/gen_thread_loop[0].r_payld_fifo/cmd_fifo/cmd_active_reg_0[0]
    SLICE_X11Y10         LUT4 (Prop_C5LUT_SLICEL_I3_O)
                                                      0.168     2.526 r  re2_bd_i/axi_smc/inst/s00_entry_pipeline/s00_si_converter/inst/converter.wrap_narrow_inst/gen_thread_loop[0].r_payld_fifo/cmd_fifo/gen_pipelined.mesg_reg[11]_i_1__1/O
                         net (fo=8, routed)           0.729     3.255    re2_bd_i/axi_smc/inst/s00_entry_pipeline/s00_si_converter/inst/converter.wrap_narrow_inst/gen_thread_loop[0].r_payld_fifo/cmd_fifo/gen_pipelined.load_mesg
    SLICE_X13Y9          FDRE                                         r  re2_bd_i/axi_smc/inst/s00_entry_pipeline/s00_si_converter/inst/converter.wrap_narrow_inst/gen_thread_loop[0].r_payld_fifo/cmd_fifo/gen_pipelined.mesg_reg_reg[1]/CE
  -------------------------------------------------------------------    -------------------

                         (clock clk_pl_0 rise edge)
                                                      0.000     0.000 r  
    PS8_X0Y0             PS8                          0.000     0.000 r  re2_bd_i/zynq_ultra_ps_e_0/inst/PS8_i/PLCLK[0]
                         net (fo=1, routed)           0.140     0.140    re2_bd_i/zynq_ultra_ps_e_0/inst/pl_clk_unbuffered[0]
    BUFG_PS_X0Y67        BUFG_PS (Prop_BUFG_PS_I_O)
                                                      0.027     0.167 r  re2_bd_i/zynq_ultra_ps_e_0/inst/buffer_pl_clk_0.PL_CLK_0_BUFG/O
    X0Y1 (CLOCK_ROOT)    net (fo=41213, routed)       1.728     1.895    re2_bd_i/axi_smc/inst/s00_entry_pipeline/s00_si_converter/inst/converter.wrap_narrow_inst/gen_thread_loop[0].r_payld_fifo/cmd_fifo/aclk
    SLICE_X13Y9          FDRE                                         r  re2_bd_i/axi_smc/inst/s00_entry_pipeline/s00_si_converter/inst/converter.wrap_narrow_inst/gen_thread_loop[0].r_payld_fifo/cmd_fifo/gen_pipelined.mesg_reg_reg[1]/C

Slack:                    inf
  Source:                 re2_bd_i/re2_copro_0/inst/UIP/rready_reg_reg/G
                            (positive level-sensitive latch)
  Destination:            re2_bd_i/axi_smc/inst/s00_entry_pipeline/s00_si_converter/inst/converter.wrap_narrow_inst/gen_thread_loop[0].r_payld_fifo/cmd_fifo/gen_pipelined.mesg_reg_reg[6]/CE
                            (rising edge-triggered cell FDRE clocked by clk_pl_0  {rise@0.000ns fall@5.000ns period=10.000ns})
  Path Group:             (none)
  Path Type:              Setup (Max at Slow Process Corner)
  Data Path Delay:        3.255ns  (logic 0.790ns (24.273%)  route 2.465ns (75.727%))
  Logic Levels:           5  (LDCE=1 LUT4=2 LUT6=2)
  Clock Uncertainty:      0.174ns  ((TSJ^2 + DJ^2)^1/2) / 2 + PE
    Total System Jitter     (TSJ):    0.050ns
    Discrete Jitter          (DJ):    0.344ns
    Phase Error              (PE):    0.000ns
  Clock Net Delay (Destination): 1.728ns (routing 0.736ns, distribution 0.992ns)

    Location             Delay type                Incr(ns)  Path(ns)    Netlist Resource(s)
  -------------------------------------------------------------------    -------------------
    SLICE_X10Y72         LDCE                         0.000     0.000 r  re2_bd_i/re2_copro_0/inst/UIP/rready_reg_reg/G
    SLICE_X10Y72         LDCE (EnToQ_EFF_SLICEL_G_Q)
                                                      0.149     0.149 r  re2_bd_i/re2_copro_0/inst/UIP/rready_reg_reg/Q
                         net (fo=17, routed)          1.040     1.189    re2_bd_i/axi_smc/inst/s00_entry_pipeline/s00_si_converter/inst/converter.wrap_narrow_inst/gen_thread_loop[0].r_payld_fifo/cmd_fifo/s_axi_rready
    SLICE_X13Y11         LUT6 (Prop_G6LUT_SLICEL_I3_O)
                                                      0.147     1.336 f  re2_bd_i/axi_smc/inst/s00_entry_pipeline/s00_si_converter/inst/converter.wrap_narrow_inst/gen_thread_loop[0].r_payld_fifo/cmd_fifo/read_offset[3]_i_8__0/O
                         net (fo=1, routed)           0.361     1.697    re2_bd_i/axi_smc/inst/s00_entry_pipeline/s00_si_converter/inst/converter.wrap_narrow_inst/gen_thread_loop[0].r_payld_fifo/cmd_fifo/read_offset[3]_i_8__0_n_0
    SLICE_X10Y11         LUT6 (Prop_H6LUT_SLICEL_I5_O)
                                                      0.149     1.846 r  re2_bd_i/axi_smc/inst/s00_entry_pipeline/s00_si_converter/inst/converter.wrap_narrow_inst/gen_thread_loop[0].r_payld_fifo/cmd_fifo/read_offset[3]_i_4/O
                         net (fo=9, routed)           0.208     2.055    re2_bd_i/axi_smc/inst/s00_entry_pipeline/s00_si_converter/inst/converter.wrap_narrow_inst/gen_thread_loop[0].r_payld_fifo/cmd_fifo/fifoaddr_reg[4]
    SLICE_X10Y10         LUT4 (Prop_F6LUT_SLICEL_I3_O)
                                                      0.177     2.232 r  re2_bd_i/axi_smc/inst/s00_entry_pipeline/s00_si_converter/inst/converter.wrap_narrow_inst/gen_thread_loop[0].r_payld_fifo/cmd_fifo/gen_pipelined.state[2]_i_3__1/O
                         net (fo=16, routed)          0.127     2.358    re2_bd_i/axi_smc/inst/s00_entry_pipeline/s00_si_converter/inst/converter.wrap_narrow_inst/gen_thread_loop[0].r_payld_fifo/cmd_fifo/cmd_active_reg_0[0]
    SLICE_X11Y10         LUT4 (Prop_C5LUT_SLICEL_I3_O)
                                                      0.168     2.526 r  re2_bd_i/axi_smc/inst/s00_entry_pipeline/s00_si_converter/inst/converter.wrap_narrow_inst/gen_thread_loop[0].r_payld_fifo/cmd_fifo/gen_pipelined.mesg_reg[11]_i_1__1/O
                         net (fo=8, routed)           0.729     3.255    re2_bd_i/axi_smc/inst/s00_entry_pipeline/s00_si_converter/inst/converter.wrap_narrow_inst/gen_thread_loop[0].r_payld_fifo/cmd_fifo/gen_pipelined.load_mesg
    SLICE_X13Y9          FDRE                                         r  re2_bd_i/axi_smc/inst/s00_entry_pipeline/s00_si_converter/inst/converter.wrap_narrow_inst/gen_thread_loop[0].r_payld_fifo/cmd_fifo/gen_pipelined.mesg_reg_reg[6]/CE
  -------------------------------------------------------------------    -------------------

                         (clock clk_pl_0 rise edge)
                                                      0.000     0.000 r  
    PS8_X0Y0             PS8                          0.000     0.000 r  re2_bd_i/zynq_ultra_ps_e_0/inst/PS8_i/PLCLK[0]
                         net (fo=1, routed)           0.140     0.140    re2_bd_i/zynq_ultra_ps_e_0/inst/pl_clk_unbuffered[0]
    BUFG_PS_X0Y67        BUFG_PS (Prop_BUFG_PS_I_O)
                                                      0.027     0.167 r  re2_bd_i/zynq_ultra_ps_e_0/inst/buffer_pl_clk_0.PL_CLK_0_BUFG/O
    X0Y1 (CLOCK_ROOT)    net (fo=41213, routed)       1.728     1.895    re2_bd_i/axi_smc/inst/s00_entry_pipeline/s00_si_converter/inst/converter.wrap_narrow_inst/gen_thread_loop[0].r_payld_fifo/cmd_fifo/aclk
    SLICE_X13Y9          FDRE                                         r  re2_bd_i/axi_smc/inst/s00_entry_pipeline/s00_si_converter/inst/converter.wrap_narrow_inst/gen_thread_loop[0].r_payld_fifo/cmd_fifo/gen_pipelined.mesg_reg_reg[6]/C

Slack:                    inf
  Source:                 re2_bd_i/re2_copro_0/inst/UIP/rready_reg_reg/G
                            (positive level-sensitive latch)
  Destination:            re2_bd_i/axi_smc/inst/s00_entry_pipeline/s00_si_converter/inst/converter.wrap_narrow_inst/gen_thread_loop[0].r_payld_fifo/cmd_fifo/gen_pipelined.mesg_reg_reg[7]/CE
                            (rising edge-triggered cell FDRE clocked by clk_pl_0  {rise@0.000ns fall@5.000ns period=10.000ns})
  Path Group:             (none)
  Path Type:              Setup (Max at Slow Process Corner)
  Data Path Delay:        3.255ns  (logic 0.790ns (24.273%)  route 2.465ns (75.727%))
  Logic Levels:           5  (LDCE=1 LUT4=2 LUT6=2)
  Clock Uncertainty:      0.174ns  ((TSJ^2 + DJ^2)^1/2) / 2 + PE
    Total System Jitter     (TSJ):    0.050ns
    Discrete Jitter          (DJ):    0.344ns
    Phase Error              (PE):    0.000ns
  Clock Net Delay (Destination): 1.728ns (routing 0.736ns, distribution 0.992ns)

    Location             Delay type                Incr(ns)  Path(ns)    Netlist Resource(s)
  -------------------------------------------------------------------    -------------------
    SLICE_X10Y72         LDCE                         0.000     0.000 r  re2_bd_i/re2_copro_0/inst/UIP/rready_reg_reg/G
    SLICE_X10Y72         LDCE (EnToQ_EFF_SLICEL_G_Q)
                                                      0.149     0.149 r  re2_bd_i/re2_copro_0/inst/UIP/rready_reg_reg/Q
                         net (fo=17, routed)          1.040     1.189    re2_bd_i/axi_smc/inst/s00_entry_pipeline/s00_si_converter/inst/converter.wrap_narrow_inst/gen_thread_loop[0].r_payld_fifo/cmd_fifo/s_axi_rready
    SLICE_X13Y11         LUT6 (Prop_G6LUT_SLICEL_I3_O)
                                                      0.147     1.336 f  re2_bd_i/axi_smc/inst/s00_entry_pipeline/s00_si_converter/inst/converter.wrap_narrow_inst/gen_thread_loop[0].r_payld_fifo/cmd_fifo/read_offset[3]_i_8__0/O
                         net (fo=1, routed)           0.361     1.697    re2_bd_i/axi_smc/inst/s00_entry_pipeline/s00_si_converter/inst/converter.wrap_narrow_inst/gen_thread_loop[0].r_payld_fifo/cmd_fifo/read_offset[3]_i_8__0_n_0
    SLICE_X10Y11         LUT6 (Prop_H6LUT_SLICEL_I5_O)
                                                      0.149     1.846 r  re2_bd_i/axi_smc/inst/s00_entry_pipeline/s00_si_converter/inst/converter.wrap_narrow_inst/gen_thread_loop[0].r_payld_fifo/cmd_fifo/read_offset[3]_i_4/O
                         net (fo=9, routed)           0.208     2.055    re2_bd_i/axi_smc/inst/s00_entry_pipeline/s00_si_converter/inst/converter.wrap_narrow_inst/gen_thread_loop[0].r_payld_fifo/cmd_fifo/fifoaddr_reg[4]
    SLICE_X10Y10         LUT4 (Prop_F6LUT_SLICEL_I3_O)
                                                      0.177     2.232 r  re2_bd_i/axi_smc/inst/s00_entry_pipeline/s00_si_converter/inst/converter.wrap_narrow_inst/gen_thread_loop[0].r_payld_fifo/cmd_fifo/gen_pipelined.state[2]_i_3__1/O
                         net (fo=16, routed)          0.127     2.358    re2_bd_i/axi_smc/inst/s00_entry_pipeline/s00_si_converter/inst/converter.wrap_narrow_inst/gen_thread_loop[0].r_payld_fifo/cmd_fifo/cmd_active_reg_0[0]
    SLICE_X11Y10         LUT4 (Prop_C5LUT_SLICEL_I3_O)
                                                      0.168     2.526 r  re2_bd_i/axi_smc/inst/s00_entry_pipeline/s00_si_converter/inst/converter.wrap_narrow_inst/gen_thread_loop[0].r_payld_fifo/cmd_fifo/gen_pipelined.mesg_reg[11]_i_1__1/O
                         net (fo=8, routed)           0.729     3.255    re2_bd_i/axi_smc/inst/s00_entry_pipeline/s00_si_converter/inst/converter.wrap_narrow_inst/gen_thread_loop[0].r_payld_fifo/cmd_fifo/gen_pipelined.load_mesg
    SLICE_X13Y9          FDRE                                         r  re2_bd_i/axi_smc/inst/s00_entry_pipeline/s00_si_converter/inst/converter.wrap_narrow_inst/gen_thread_loop[0].r_payld_fifo/cmd_fifo/gen_pipelined.mesg_reg_reg[7]/CE
  -------------------------------------------------------------------    -------------------

                         (clock clk_pl_0 rise edge)
                                                      0.000     0.000 r  
    PS8_X0Y0             PS8                          0.000     0.000 r  re2_bd_i/zynq_ultra_ps_e_0/inst/PS8_i/PLCLK[0]
                         net (fo=1, routed)           0.140     0.140    re2_bd_i/zynq_ultra_ps_e_0/inst/pl_clk_unbuffered[0]
    BUFG_PS_X0Y67        BUFG_PS (Prop_BUFG_PS_I_O)
                                                      0.027     0.167 r  re2_bd_i/zynq_ultra_ps_e_0/inst/buffer_pl_clk_0.PL_CLK_0_BUFG/O
    X0Y1 (CLOCK_ROOT)    net (fo=41213, routed)       1.728     1.895    re2_bd_i/axi_smc/inst/s00_entry_pipeline/s00_si_converter/inst/converter.wrap_narrow_inst/gen_thread_loop[0].r_payld_fifo/cmd_fifo/aclk
    SLICE_X13Y9          FDRE                                         r  re2_bd_i/axi_smc/inst/s00_entry_pipeline/s00_si_converter/inst/converter.wrap_narrow_inst/gen_thread_loop[0].r_payld_fifo/cmd_fifo/gen_pipelined.mesg_reg_reg[7]/C

Slack:                    inf
  Source:                 re2_bd_i/re2_copro_0/inst/UIP/rready_reg_reg/G
                            (positive level-sensitive latch)
  Destination:            re2_bd_i/axi_smc/inst/s00_entry_pipeline/s00_si_converter/inst/converter.wrap_narrow_inst/gen_thread_loop[0].r_payld_fifo/cmd_fifo/fifoaddr_afull_reg/D
                            (rising edge-triggered cell FDRE clocked by clk_pl_0  {rise@0.000ns fall@5.000ns period=10.000ns})
  Path Group:             (none)
  Path Type:              Setup (Max at Slow Process Corner)
  Data Path Delay:        3.015ns  (logic 0.920ns (30.512%)  route 2.095ns (69.488%))
  Logic Levels:           6  (LDCE=1 LUT4=1 LUT6=4)
  Clock Uncertainty:      0.174ns  ((TSJ^2 + DJ^2)^1/2) / 2 + PE
    Total System Jitter     (TSJ):    0.050ns
    Discrete Jitter          (DJ):    0.344ns
    Phase Error              (PE):    0.000ns
  Clock Net Delay (Destination): 1.737ns (routing 0.736ns, distribution 1.001ns)

    Location             Delay type                Incr(ns)  Path(ns)    Netlist Resource(s)
  -------------------------------------------------------------------    -------------------
    SLICE_X10Y72         LDCE                         0.000     0.000 r  re2_bd_i/re2_copro_0/inst/UIP/rready_reg_reg/G
    SLICE_X10Y72         LDCE (EnToQ_EFF_SLICEL_G_Q)
                                                      0.149     0.149 f  re2_bd_i/re2_copro_0/inst/UIP/rready_reg_reg/Q
                         net (fo=17, routed)          1.040     1.189    re2_bd_i/axi_smc/inst/s00_entry_pipeline/s00_si_converter/inst/converter.wrap_narrow_inst/gen_thread_loop[0].r_payld_fifo/cmd_fifo/s_axi_rready
    SLICE_X13Y11         LUT6 (Prop_G6LUT_SLICEL_I3_O)
                                                      0.147     1.336 r  re2_bd_i/axi_smc/inst/s00_entry_pipeline/s00_si_converter/inst/converter.wrap_narrow_inst/gen_thread_loop[0].r_payld_fifo/cmd_fifo/read_offset[3]_i_8__0/O
                         net (fo=1, routed)           0.361     1.697    re2_bd_i/axi_smc/inst/s00_entry_pipeline/s00_si_converter/inst/converter.wrap_narrow_inst/gen_thread_loop[0].r_payld_fifo/cmd_fifo/read_offset[3]_i_8__0_n_0
    SLICE_X10Y11         LUT6 (Prop_H6LUT_SLICEL_I5_O)
                                                      0.149     1.846 f  re2_bd_i/axi_smc/inst/s00_entry_pipeline/s00_si_converter/inst/converter.wrap_narrow_inst/gen_thread_loop[0].r_payld_fifo/cmd_fifo/read_offset[3]_i_4/O
                         net (fo=9, routed)           0.208     2.055    re2_bd_i/axi_smc/inst/s00_entry_pipeline/s00_si_converter/inst/converter.wrap_narrow_inst/gen_thread_loop[0].r_payld_fifo/cmd_fifo/fifoaddr_reg[4]
    SLICE_X10Y10         LUT4 (Prop_F6LUT_SLICEL_I3_O)
                                                      0.177     2.232 f  re2_bd_i/axi_smc/inst/s00_entry_pipeline/s00_si_converter/inst/converter.wrap_narrow_inst/gen_thread_loop[0].r_payld_fifo/cmd_fifo/gen_pipelined.state[2]_i_3__1/O
                         net (fo=16, routed)          0.127     2.358    re2_bd_i/axi_smc/inst/s00_entry_pipeline/s00_si_converter/inst/converter.wrap_narrow_inst/gen_thread_loop[0].r_payld_fifo/cmd_fifo/cmd_active_reg_0[0]
    SLICE_X11Y10         LUT6 (Prop_H6LUT_SLICEL_I0_O)
                                                      0.149     2.507 r  re2_bd_i/axi_smc/inst/s00_entry_pipeline/s00_si_converter/inst/converter.wrap_narrow_inst/gen_thread_loop[0].r_payld_fifo/cmd_fifo/fifoaddr[3]_i_3__2/O
                         net (fo=4, routed)           0.299     2.806    re2_bd_i/axi_smc/inst/s00_entry_pipeline/s00_si_converter/inst/converter.wrap_narrow_inst/gen_thread_loop[0].r_payld_fifo/cmd_fifo/fifoaddr[3]_i_3__2_n_0
    SLICE_X12Y10         LUT6 (Prop_H6LUT_SLICEL_I4_O)
                                                      0.149     2.955 r  re2_bd_i/axi_smc/inst/s00_entry_pipeline/s00_si_converter/inst/converter.wrap_narrow_inst/gen_thread_loop[0].r_payld_fifo/cmd_fifo/fifoaddr_afull_i_1__0/O
                         net (fo=1, routed)           0.060     3.015    re2_bd_i/axi_smc/inst/s00_entry_pipeline/s00_si_converter/inst/converter.wrap_narrow_inst/gen_thread_loop[0].r_payld_fifo/cmd_fifo/fifoaddr_afull_i_1__0_n_0
    SLICE_X12Y10         FDRE                                         r  re2_bd_i/axi_smc/inst/s00_entry_pipeline/s00_si_converter/inst/converter.wrap_narrow_inst/gen_thread_loop[0].r_payld_fifo/cmd_fifo/fifoaddr_afull_reg/D
  -------------------------------------------------------------------    -------------------

                         (clock clk_pl_0 rise edge)
                                                      0.000     0.000 r  
    PS8_X0Y0             PS8                          0.000     0.000 r  re2_bd_i/zynq_ultra_ps_e_0/inst/PS8_i/PLCLK[0]
                         net (fo=1, routed)           0.140     0.140    re2_bd_i/zynq_ultra_ps_e_0/inst/pl_clk_unbuffered[0]
    BUFG_PS_X0Y67        BUFG_PS (Prop_BUFG_PS_I_O)
                                                      0.027     0.167 r  re2_bd_i/zynq_ultra_ps_e_0/inst/buffer_pl_clk_0.PL_CLK_0_BUFG/O
    X0Y1 (CLOCK_ROOT)    net (fo=41213, routed)       1.737     1.904    re2_bd_i/axi_smc/inst/s00_entry_pipeline/s00_si_converter/inst/converter.wrap_narrow_inst/gen_thread_loop[0].r_payld_fifo/cmd_fifo/aclk
    SLICE_X12Y10         FDRE                                         r  re2_bd_i/axi_smc/inst/s00_entry_pipeline/s00_si_converter/inst/converter.wrap_narrow_inst/gen_thread_loop[0].r_payld_fifo/cmd_fifo/fifoaddr_afull_reg/C

Slack:                    inf
  Source:                 re2_bd_i/re2_copro_0/inst/UIP/rready_reg_reg/G
                            (positive level-sensitive latch)
  Destination:            re2_bd_i/axi_smc/inst/s00_entry_pipeline/s00_si_converter/inst/converter.wrap_narrow_inst/gen_thread_loop[0].r_payld_fifo/fifoaddr_reg[2]/D
                            (rising edge-triggered cell FDSE clocked by clk_pl_0  {rise@0.000ns fall@5.000ns period=10.000ns})
  Path Group:             (none)
  Path Type:              Setup (Max at Slow Process Corner)
  Data Path Delay:        2.993ns  (logic 0.902ns (30.140%)  route 2.091ns (69.860%))
  Logic Levels:           6  (LDCE=1 LUT4=1 LUT5=1 LUT6=3)
  Clock Uncertainty:      0.174ns  ((TSJ^2 + DJ^2)^1/2) / 2 + PE
    Total System Jitter     (TSJ):    0.050ns
    Discrete Jitter          (DJ):    0.344ns
    Phase Error              (PE):    0.000ns
  Clock Net Delay (Destination): 1.734ns (routing 0.736ns, distribution 0.998ns)

    Location             Delay type                Incr(ns)  Path(ns)    Netlist Resource(s)
  -------------------------------------------------------------------    -------------------
    SLICE_X10Y72         LDCE                         0.000     0.000 r  re2_bd_i/re2_copro_0/inst/UIP/rready_reg_reg/G
    SLICE_X10Y72         LDCE (EnToQ_EFF_SLICEL_G_Q)
                                                      0.149     0.149 f  re2_bd_i/re2_copro_0/inst/UIP/rready_reg_reg/Q
                         net (fo=17, routed)          1.040     1.189    re2_bd_i/axi_smc/inst/s00_entry_pipeline/s00_si_converter/inst/converter.wrap_narrow_inst/gen_thread_loop[0].r_payld_fifo/cmd_fifo/s_axi_rready
    SLICE_X13Y11         LUT6 (Prop_G6LUT_SLICEL_I3_O)
                                                      0.147     1.336 r  re2_bd_i/axi_smc/inst/s00_entry_pipeline/s00_si_converter/inst/converter.wrap_narrow_inst/gen_thread_loop[0].r_payld_fifo/cmd_fifo/read_offset[3]_i_8__0/O
                         net (fo=1, routed)           0.361     1.697    re2_bd_i/axi_smc/inst/s00_entry_pipeline/s00_si_converter/inst/converter.wrap_narrow_inst/gen_thread_loop[0].r_payld_fifo/cmd_fifo/read_offset[3]_i_8__0_n_0
    SLICE_X10Y11         LUT6 (Prop_H6LUT_SLICEL_I5_O)
                                                      0.149     1.846 f  re2_bd_i/axi_smc/inst/s00_entry_pipeline/s00_si_converter/inst/converter.wrap_narrow_inst/gen_thread_loop[0].r_payld_fifo/cmd_fifo/read_offset[3]_i_4/O
                         net (fo=9, routed)           0.237     2.083    re2_bd_i/axi_smc/inst/s00_entry_pipeline/s00_si_converter/inst/converter.wrap_narrow_inst/gen_thread_loop[0].r_payld_fifo/cmd_fifo_n_8
    SLICE_X9Y11          LUT5 (Prop_C6LUT_SLICEM_I0_O)
                                                      0.174     2.257 f  re2_bd_i/axi_smc/inst/s00_entry_pipeline/s00_si_converter/inst/converter.wrap_narrow_inst/gen_thread_loop[0].r_payld_fifo/fifoaddr[4]_i_3__0/O
                         net (fo=8, routed)           0.139     2.396    re2_bd_i/axi_smc/inst/s00_entry_pipeline/s00_si_converter/inst/converter.wrap_narrow_inst/gen_thread_loop[0].r_payld_fifo/fifoaddr[4]_i_3__0_n_0
    SLICE_X8Y11          LUT6 (Prop_A6LUT_SLICEL_I4_O)
                                                      0.115     2.511 r  re2_bd_i/axi_smc/inst/s00_entry_pipeline/s00_si_converter/inst/converter.wrap_narrow_inst/gen_thread_loop[0].r_payld_fifo/fifoaddr[4]_i_4__0/O
                         net (fo=3, routed)           0.291     2.802    re2_bd_i/axi_smc/inst/s00_entry_pipeline/s00_si_converter/inst/converter.wrap_narrow_inst/gen_thread_loop[0].r_payld_fifo/fifoaddr[4]_i_4__0_n_0
    SLICE_X8Y11          LUT4 (Prop_C5LUT_SLICEL_I0_O)
                                                      0.168     2.970 r  re2_bd_i/axi_smc/inst/s00_entry_pipeline/s00_si_converter/inst/converter.wrap_narrow_inst/gen_thread_loop[0].r_payld_fifo/fifoaddr[2]_i_1__3/O
                         net (fo=1, routed)           0.023     2.993    re2_bd_i/axi_smc/inst/s00_entry_pipeline/s00_si_converter/inst/converter.wrap_narrow_inst/gen_thread_loop[0].r_payld_fifo/fifoaddr[2]_i_1__3_n_0
    SLICE_X8Y11          FDSE                                         r  re2_bd_i/axi_smc/inst/s00_entry_pipeline/s00_si_converter/inst/converter.wrap_narrow_inst/gen_thread_loop[0].r_payld_fifo/fifoaddr_reg[2]/D
  -------------------------------------------------------------------    -------------------

                         (clock clk_pl_0 rise edge)
                                                      0.000     0.000 r  
    PS8_X0Y0             PS8                          0.000     0.000 r  re2_bd_i/zynq_ultra_ps_e_0/inst/PS8_i/PLCLK[0]
                         net (fo=1, routed)           0.140     0.140    re2_bd_i/zynq_ultra_ps_e_0/inst/pl_clk_unbuffered[0]
    BUFG_PS_X0Y67        BUFG_PS (Prop_BUFG_PS_I_O)
                                                      0.027     0.167 r  re2_bd_i/zynq_ultra_ps_e_0/inst/buffer_pl_clk_0.PL_CLK_0_BUFG/O
    X0Y1 (CLOCK_ROOT)    net (fo=41213, routed)       1.734     1.901    re2_bd_i/axi_smc/inst/s00_entry_pipeline/s00_si_converter/inst/converter.wrap_narrow_inst/gen_thread_loop[0].r_payld_fifo/aclk
    SLICE_X8Y11          FDSE                                         r  re2_bd_i/axi_smc/inst/s00_entry_pipeline/s00_si_converter/inst/converter.wrap_narrow_inst/gen_thread_loop[0].r_payld_fifo/fifoaddr_reg[2]/C

Slack:                    inf
  Source:                 re2_bd_i/re2_copro_0/inst/UIP/rready_reg_reg/G
                            (positive level-sensitive latch)
  Destination:            re2_bd_i/axi_smc/inst/s00_entry_pipeline/s00_si_converter/inst/converter.wrap_narrow_inst/gen_thread_loop[0].r_payld_fifo/cmd_fifo/gen_pipelined.mesg_reg_reg[3]/CE
                            (rising edge-triggered cell FDRE clocked by clk_pl_0  {rise@0.000ns fall@5.000ns period=10.000ns})
  Path Group:             (none)
  Path Type:              Setup (Max at Slow Process Corner)
  Data Path Delay:        2.979ns  (logic 0.790ns (26.522%)  route 2.189ns (73.478%))
  Logic Levels:           5  (LDCE=1 LUT4=2 LUT6=2)
  Clock Uncertainty:      0.174ns  ((TSJ^2 + DJ^2)^1/2) / 2 + PE
    Total System Jitter     (TSJ):    0.050ns
    Discrete Jitter          (DJ):    0.344ns
    Phase Error              (PE):    0.000ns
  Clock Net Delay (Destination): 1.744ns (routing 0.736ns, distribution 1.008ns)

    Location             Delay type                Incr(ns)  Path(ns)    Netlist Resource(s)
  -------------------------------------------------------------------    -------------------
    SLICE_X10Y72         LDCE                         0.000     0.000 r  re2_bd_i/re2_copro_0/inst/UIP/rready_reg_reg/G
    SLICE_X10Y72         LDCE (EnToQ_EFF_SLICEL_G_Q)
                                                      0.149     0.149 r  re2_bd_i/re2_copro_0/inst/UIP/rready_reg_reg/Q
                         net (fo=17, routed)          1.040     1.189    re2_bd_i/axi_smc/inst/s00_entry_pipeline/s00_si_converter/inst/converter.wrap_narrow_inst/gen_thread_loop[0].r_payld_fifo/cmd_fifo/s_axi_rready
    SLICE_X13Y11         LUT6 (Prop_G6LUT_SLICEL_I3_O)
                                                      0.147     1.336 f  re2_bd_i/axi_smc/inst/s00_entry_pipeline/s00_si_converter/inst/converter.wrap_narrow_inst/gen_thread_loop[0].r_payld_fifo/cmd_fifo/read_offset[3]_i_8__0/O
                         net (fo=1, routed)           0.361     1.697    re2_bd_i/axi_smc/inst/s00_entry_pipeline/s00_si_converter/inst/converter.wrap_narrow_inst/gen_thread_loop[0].r_payld_fifo/cmd_fifo/read_offset[3]_i_8__0_n_0
    SLICE_X10Y11         LUT6 (Prop_H6LUT_SLICEL_I5_O)
                                                      0.149     1.846 r  re2_bd_i/axi_smc/inst/s00_entry_pipeline/s00_si_converter/inst/converter.wrap_narrow_inst/gen_thread_loop[0].r_payld_fifo/cmd_fifo/read_offset[3]_i_4/O
                         net (fo=9, routed)           0.208     2.055    re2_bd_i/axi_smc/inst/s00_entry_pipeline/s00_si_converter/inst/converter.wrap_narrow_inst/gen_thread_loop[0].r_payld_fifo/cmd_fifo/fifoaddr_reg[4]
    SLICE_X10Y10         LUT4 (Prop_F6LUT_SLICEL_I3_O)
                                                      0.177     2.232 r  re2_bd_i/axi_smc/inst/s00_entry_pipeline/s00_si_converter/inst/converter.wrap_narrow_inst/gen_thread_loop[0].r_payld_fifo/cmd_fifo/gen_pipelined.state[2]_i_3__1/O
                         net (fo=16, routed)          0.127     2.358    re2_bd_i/axi_smc/inst/s00_entry_pipeline/s00_si_converter/inst/converter.wrap_narrow_inst/gen_thread_loop[0].r_payld_fifo/cmd_fifo/cmd_active_reg_0[0]
    SLICE_X11Y10         LUT4 (Prop_C5LUT_SLICEL_I3_O)
                                                      0.168     2.526 r  re2_bd_i/axi_smc/inst/s00_entry_pipeline/s00_si_converter/inst/converter.wrap_narrow_inst/gen_thread_loop[0].r_payld_fifo/cmd_fifo/gen_pipelined.mesg_reg[11]_i_1__1/O
                         net (fo=8, routed)           0.453     2.979    re2_bd_i/axi_smc/inst/s00_entry_pipeline/s00_si_converter/inst/converter.wrap_narrow_inst/gen_thread_loop[0].r_payld_fifo/cmd_fifo/gen_pipelined.load_mesg
    SLICE_X9Y9           FDRE                                         r  re2_bd_i/axi_smc/inst/s00_entry_pipeline/s00_si_converter/inst/converter.wrap_narrow_inst/gen_thread_loop[0].r_payld_fifo/cmd_fifo/gen_pipelined.mesg_reg_reg[3]/CE
  -------------------------------------------------------------------    -------------------

                         (clock clk_pl_0 rise edge)
                                                      0.000     0.000 r  
    PS8_X0Y0             PS8                          0.000     0.000 r  re2_bd_i/zynq_ultra_ps_e_0/inst/PS8_i/PLCLK[0]
                         net (fo=1, routed)           0.140     0.140    re2_bd_i/zynq_ultra_ps_e_0/inst/pl_clk_unbuffered[0]
    BUFG_PS_X0Y67        BUFG_PS (Prop_BUFG_PS_I_O)
                                                      0.027     0.167 r  re2_bd_i/zynq_ultra_ps_e_0/inst/buffer_pl_clk_0.PL_CLK_0_BUFG/O
    X0Y1 (CLOCK_ROOT)    net (fo=41213, routed)       1.744     1.911    re2_bd_i/axi_smc/inst/s00_entry_pipeline/s00_si_converter/inst/converter.wrap_narrow_inst/gen_thread_loop[0].r_payld_fifo/cmd_fifo/aclk
    SLICE_X9Y9           FDRE                                         r  re2_bd_i/axi_smc/inst/s00_entry_pipeline/s00_si_converter/inst/converter.wrap_narrow_inst/gen_thread_loop[0].r_payld_fifo/cmd_fifo/gen_pipelined.mesg_reg_reg[3]/C

Slack:                    inf
  Source:                 re2_bd_i/re2_copro_0/inst/UIP/rready_reg_reg/G
                            (positive level-sensitive latch)
  Destination:            re2_bd_i/axi_smc/inst/s00_entry_pipeline/s00_si_converter/inst/converter.wrap_narrow_inst/gen_thread_loop[0].r_payld_fifo/cmd_fifo/gen_pipelined.mesg_reg_reg[5]/CE
                            (rising edge-triggered cell FDRE clocked by clk_pl_0  {rise@0.000ns fall@5.000ns period=10.000ns})
  Path Group:             (none)
  Path Type:              Setup (Max at Slow Process Corner)
  Data Path Delay:        2.979ns  (logic 0.790ns (26.522%)  route 2.189ns (73.478%))
  Logic Levels:           5  (LDCE=1 LUT4=2 LUT6=2)
  Clock Uncertainty:      0.174ns  ((TSJ^2 + DJ^2)^1/2) / 2 + PE
    Total System Jitter     (TSJ):    0.050ns
    Discrete Jitter          (DJ):    0.344ns
    Phase Error              (PE):    0.000ns
  Clock Net Delay (Destination): 1.744ns (routing 0.736ns, distribution 1.008ns)

    Location             Delay type                Incr(ns)  Path(ns)    Netlist Resource(s)
  -------------------------------------------------------------------    -------------------
    SLICE_X10Y72         LDCE                         0.000     0.000 r  re2_bd_i/re2_copro_0/inst/UIP/rready_reg_reg/G
    SLICE_X10Y72         LDCE (EnToQ_EFF_SLICEL_G_Q)
                                                      0.149     0.149 r  re2_bd_i/re2_copro_0/inst/UIP/rready_reg_reg/Q
                         net (fo=17, routed)          1.040     1.189    re2_bd_i/axi_smc/inst/s00_entry_pipeline/s00_si_converter/inst/converter.wrap_narrow_inst/gen_thread_loop[0].r_payld_fifo/cmd_fifo/s_axi_rready
    SLICE_X13Y11         LUT6 (Prop_G6LUT_SLICEL_I3_O)
                                                      0.147     1.336 f  re2_bd_i/axi_smc/inst/s00_entry_pipeline/s00_si_converter/inst/converter.wrap_narrow_inst/gen_thread_loop[0].r_payld_fifo/cmd_fifo/read_offset[3]_i_8__0/O
                         net (fo=1, routed)           0.361     1.697    re2_bd_i/axi_smc/inst/s00_entry_pipeline/s00_si_converter/inst/converter.wrap_narrow_inst/gen_thread_loop[0].r_payld_fifo/cmd_fifo/read_offset[3]_i_8__0_n_0
    SLICE_X10Y11         LUT6 (Prop_H6LUT_SLICEL_I5_O)
                                                      0.149     1.846 r  re2_bd_i/axi_smc/inst/s00_entry_pipeline/s00_si_converter/inst/converter.wrap_narrow_inst/gen_thread_loop[0].r_payld_fifo/cmd_fifo/read_offset[3]_i_4/O
                         net (fo=9, routed)           0.208     2.055    re2_bd_i/axi_smc/inst/s00_entry_pipeline/s00_si_converter/inst/converter.wrap_narrow_inst/gen_thread_loop[0].r_payld_fifo/cmd_fifo/fifoaddr_reg[4]
    SLICE_X10Y10         LUT4 (Prop_F6LUT_SLICEL_I3_O)
                                                      0.177     2.232 r  re2_bd_i/axi_smc/inst/s00_entry_pipeline/s00_si_converter/inst/converter.wrap_narrow_inst/gen_thread_loop[0].r_payld_fifo/cmd_fifo/gen_pipelined.state[2]_i_3__1/O
                         net (fo=16, routed)          0.127     2.358    re2_bd_i/axi_smc/inst/s00_entry_pipeline/s00_si_converter/inst/converter.wrap_narrow_inst/gen_thread_loop[0].r_payld_fifo/cmd_fifo/cmd_active_reg_0[0]
    SLICE_X11Y10         LUT4 (Prop_C5LUT_SLICEL_I3_O)
                                                      0.168     2.526 r  re2_bd_i/axi_smc/inst/s00_entry_pipeline/s00_si_converter/inst/converter.wrap_narrow_inst/gen_thread_loop[0].r_payld_fifo/cmd_fifo/gen_pipelined.mesg_reg[11]_i_1__1/O
                         net (fo=8, routed)           0.453     2.979    re2_bd_i/axi_smc/inst/s00_entry_pipeline/s00_si_converter/inst/converter.wrap_narrow_inst/gen_thread_loop[0].r_payld_fifo/cmd_fifo/gen_pipelined.load_mesg
    SLICE_X9Y9           FDRE                                         r  re2_bd_i/axi_smc/inst/s00_entry_pipeline/s00_si_converter/inst/converter.wrap_narrow_inst/gen_thread_loop[0].r_payld_fifo/cmd_fifo/gen_pipelined.mesg_reg_reg[5]/CE
  -------------------------------------------------------------------    -------------------

                         (clock clk_pl_0 rise edge)
                                                      0.000     0.000 r  
    PS8_X0Y0             PS8                          0.000     0.000 r  re2_bd_i/zynq_ultra_ps_e_0/inst/PS8_i/PLCLK[0]
                         net (fo=1, routed)           0.140     0.140    re2_bd_i/zynq_ultra_ps_e_0/inst/pl_clk_unbuffered[0]
    BUFG_PS_X0Y67        BUFG_PS (Prop_BUFG_PS_I_O)
                                                      0.027     0.167 r  re2_bd_i/zynq_ultra_ps_e_0/inst/buffer_pl_clk_0.PL_CLK_0_BUFG/O
    X0Y1 (CLOCK_ROOT)    net (fo=41213, routed)       1.744     1.911    re2_bd_i/axi_smc/inst/s00_entry_pipeline/s00_si_converter/inst/converter.wrap_narrow_inst/gen_thread_loop[0].r_payld_fifo/cmd_fifo/aclk
    SLICE_X9Y9           FDRE                                         r  re2_bd_i/axi_smc/inst/s00_entry_pipeline/s00_si_converter/inst/converter.wrap_narrow_inst/gen_thread_loop[0].r_payld_fifo/cmd_fifo/gen_pipelined.mesg_reg_reg[5]/C

Slack:                    inf
  Source:                 re2_bd_i/re2_copro_0/inst/UIP/rready_reg_reg/G
                            (positive level-sensitive latch)
  Destination:            re2_bd_i/axi_smc/inst/s00_entry_pipeline/s00_si_converter/inst/converter.wrap_narrow_inst/gen_thread_loop[0].r_payld_fifo/cmd_fifo/gen_pipelined.state_reg[1]/D
                            (rising edge-triggered cell FDRE clocked by clk_pl_0  {rise@0.000ns fall@5.000ns period=10.000ns})
  Path Group:             (none)
  Path Type:              Setup (Max at Slow Process Corner)
  Data Path Delay:        2.978ns  (logic 0.824ns (27.668%)  route 2.154ns (72.332%))
  Logic Levels:           5  (LDCE=1 LUT4=1 LUT5=1 LUT6=2)
  Clock Uncertainty:      0.174ns  ((TSJ^2 + DJ^2)^1/2) / 2 + PE
    Total System Jitter     (TSJ):    0.050ns
    Discrete Jitter          (DJ):    0.344ns
    Phase Error              (PE):    0.000ns
  Clock Net Delay (Destination): 1.743ns (routing 0.736ns, distribution 1.007ns)

    Location             Delay type                Incr(ns)  Path(ns)    Netlist Resource(s)
  -------------------------------------------------------------------    -------------------
    SLICE_X10Y72         LDCE                         0.000     0.000 r  re2_bd_i/re2_copro_0/inst/UIP/rready_reg_reg/G
    SLICE_X10Y72         LDCE (EnToQ_EFF_SLICEL_G_Q)
                                                      0.149     0.149 f  re2_bd_i/re2_copro_0/inst/UIP/rready_reg_reg/Q
                         net (fo=17, routed)          1.040     1.189    re2_bd_i/axi_smc/inst/s00_entry_pipeline/s00_si_converter/inst/converter.wrap_narrow_inst/gen_thread_loop[0].r_payld_fifo/cmd_fifo/s_axi_rready
    SLICE_X13Y11         LUT6 (Prop_G6LUT_SLICEL_I3_O)
                                                      0.147     1.336 r  re2_bd_i/axi_smc/inst/s00_entry_pipeline/s00_si_converter/inst/converter.wrap_narrow_inst/gen_thread_loop[0].r_payld_fifo/cmd_fifo/read_offset[3]_i_8__0/O
                         net (fo=1, routed)           0.361     1.697    re2_bd_i/axi_smc/inst/s00_entry_pipeline/s00_si_converter/inst/converter.wrap_narrow_inst/gen_thread_loop[0].r_payld_fifo/cmd_fifo/read_offset[3]_i_8__0_n_0
    SLICE_X10Y11         LUT6 (Prop_H6LUT_SLICEL_I5_O)
                                                      0.149     1.846 f  re2_bd_i/axi_smc/inst/s00_entry_pipeline/s00_si_converter/inst/converter.wrap_narrow_inst/gen_thread_loop[0].r_payld_fifo/cmd_fifo/read_offset[3]_i_4/O
                         net (fo=9, routed)           0.208     2.055    re2_bd_i/axi_smc/inst/s00_entry_pipeline/s00_si_converter/inst/converter.wrap_narrow_inst/gen_thread_loop[0].r_payld_fifo/cmd_fifo/fifoaddr_reg[4]
    SLICE_X10Y10         LUT4 (Prop_F6LUT_SLICEL_I3_O)
                                                      0.177     2.232 f  re2_bd_i/axi_smc/inst/s00_entry_pipeline/s00_si_converter/inst/converter.wrap_narrow_inst/gen_thread_loop[0].r_payld_fifo/cmd_fifo/gen_pipelined.state[2]_i_3__1/O
                         net (fo=16, routed)          0.188     2.419    re2_bd_i/axi_smc/inst/s00_entry_pipeline/s00_si_converter/inst/converter.wrap_narrow_inst/gen_thread_loop[0].r_payld_fifo/cmd_fifo/cmd_active_reg_0[0]
    SLICE_X12Y10         LUT5 (Prop_B5LUT_SLICEL_I2_O)
                                                      0.202     2.621 r  re2_bd_i/axi_smc/inst/s00_entry_pipeline/s00_si_converter/inst/converter.wrap_narrow_inst/gen_thread_loop[0].r_payld_fifo/cmd_fifo/gen_pipelined.state[1]_i_1__2/O
                         net (fo=1, routed)           0.357     2.978    re2_bd_i/axi_smc/inst/s00_entry_pipeline/s00_si_converter/inst/converter.wrap_narrow_inst/gen_thread_loop[0].r_payld_fifo/cmd_fifo/gen_pipelined.state[1]_i_1__2_n_0
    SLICE_X12Y9          FDRE                                         r  re2_bd_i/axi_smc/inst/s00_entry_pipeline/s00_si_converter/inst/converter.wrap_narrow_inst/gen_thread_loop[0].r_payld_fifo/cmd_fifo/gen_pipelined.state_reg[1]/D
  -------------------------------------------------------------------    -------------------

                         (clock clk_pl_0 rise edge)
                                                      0.000     0.000 r  
    PS8_X0Y0             PS8                          0.000     0.000 r  re2_bd_i/zynq_ultra_ps_e_0/inst/PS8_i/PLCLK[0]
                         net (fo=1, routed)           0.140     0.140    re2_bd_i/zynq_ultra_ps_e_0/inst/pl_clk_unbuffered[0]
    BUFG_PS_X0Y67        BUFG_PS (Prop_BUFG_PS_I_O)
                                                      0.027     0.167 r  re2_bd_i/zynq_ultra_ps_e_0/inst/buffer_pl_clk_0.PL_CLK_0_BUFG/O
    X0Y1 (CLOCK_ROOT)    net (fo=41213, routed)       1.743     1.910    re2_bd_i/axi_smc/inst/s00_entry_pipeline/s00_si_converter/inst/converter.wrap_narrow_inst/gen_thread_loop[0].r_payld_fifo/cmd_fifo/aclk
    SLICE_X12Y9          FDRE                                         r  re2_bd_i/axi_smc/inst/s00_entry_pipeline/s00_si_converter/inst/converter.wrap_narrow_inst/gen_thread_loop[0].r_payld_fifo/cmd_fifo/gen_pipelined.state_reg[1]/C

Slack:                    inf
  Source:                 re2_bd_i/re2_copro_0/inst/UIP/rready_reg_reg/G
                            (positive level-sensitive latch)
  Destination:            re2_bd_i/axi_smc/inst/s00_entry_pipeline/s00_si_converter/inst/converter.wrap_narrow_inst/gen_thread_loop[0].r_payld_fifo/beat_cnt_reg[2]/CE
                            (rising edge-triggered cell FDRE clocked by clk_pl_0  {rise@0.000ns fall@5.000ns period=10.000ns})
  Path Group:             (none)
  Path Type:              Setup (Max at Slow Process Corner)
  Data Path Delay:        2.946ns  (logic 0.650ns (22.065%)  route 2.296ns (77.935%))
  Logic Levels:           4  (LDCE=1 LUT4=1 LUT6=2)
  Clock Uncertainty:      0.174ns  ((TSJ^2 + DJ^2)^1/2) / 2 + PE
    Total System Jitter     (TSJ):    0.050ns
    Discrete Jitter          (DJ):    0.344ns
    Phase Error              (PE):    0.000ns
  Clock Net Delay (Destination): 1.743ns (routing 0.736ns, distribution 1.007ns)

    Location             Delay type                Incr(ns)  Path(ns)    Netlist Resource(s)
  -------------------------------------------------------------------    -------------------
    SLICE_X10Y72         LDCE                         0.000     0.000 r  re2_bd_i/re2_copro_0/inst/UIP/rready_reg_reg/G
    SLICE_X10Y72         LDCE (EnToQ_EFF_SLICEL_G_Q)
                                                      0.149     0.149 r  re2_bd_i/re2_copro_0/inst/UIP/rready_reg_reg/Q
                         net (fo=17, routed)          1.040     1.189    re2_bd_i/axi_smc/inst/s00_entry_pipeline/s00_si_converter/inst/converter.wrap_narrow_inst/gen_thread_loop[0].r_payld_fifo/cmd_fifo/s_axi_rready
    SLICE_X13Y11         LUT6 (Prop_G6LUT_SLICEL_I3_O)
                                                      0.147     1.336 f  re2_bd_i/axi_smc/inst/s00_entry_pipeline/s00_si_converter/inst/converter.wrap_narrow_inst/gen_thread_loop[0].r_payld_fifo/cmd_fifo/read_offset[3]_i_8__0/O
                         net (fo=1, routed)           0.361     1.697    re2_bd_i/axi_smc/inst/s00_entry_pipeline/s00_si_converter/inst/converter.wrap_narrow_inst/gen_thread_loop[0].r_payld_fifo/cmd_fifo/read_offset[3]_i_8__0_n_0
    SLICE_X10Y11         LUT6 (Prop_H6LUT_SLICEL_I5_O)
                                                      0.149     1.846 r  re2_bd_i/axi_smc/inst/s00_entry_pipeline/s00_si_converter/inst/converter.wrap_narrow_inst/gen_thread_loop[0].r_payld_fifo/cmd_fifo/read_offset[3]_i_4/O
                         net (fo=9, routed)           0.208     2.055    re2_bd_i/axi_smc/inst/s00_entry_pipeline/s00_si_converter/inst/converter.wrap_narrow_inst/gen_thread_loop[0].r_payld_fifo/cmd_fifo/fifoaddr_reg[4]
    SLICE_X10Y10         LUT4 (Prop_F5LUT_SLICEL_I3_O)
                                                      0.205     2.260 r  re2_bd_i/axi_smc/inst/s00_entry_pipeline/s00_si_converter/inst/converter.wrap_narrow_inst/gen_thread_loop[0].r_payld_fifo/cmd_fifo/beat_cnt[7]_i_1__0/O
                         net (fo=9, routed)           0.686     2.946    re2_bd_i/axi_smc/inst/s00_entry_pipeline/s00_si_converter/inst/converter.wrap_narrow_inst/gen_thread_loop[0].r_payld_fifo/last_beat6_in
    SLICE_X10Y11         FDRE                                         r  re2_bd_i/axi_smc/inst/s00_entry_pipeline/s00_si_converter/inst/converter.wrap_narrow_inst/gen_thread_loop[0].r_payld_fifo/beat_cnt_reg[2]/CE
  -------------------------------------------------------------------    -------------------

                         (clock clk_pl_0 rise edge)
                                                      0.000     0.000 r  
    PS8_X0Y0             PS8                          0.000     0.000 r  re2_bd_i/zynq_ultra_ps_e_0/inst/PS8_i/PLCLK[0]
                         net (fo=1, routed)           0.140     0.140    re2_bd_i/zynq_ultra_ps_e_0/inst/pl_clk_unbuffered[0]
    BUFG_PS_X0Y67        BUFG_PS (Prop_BUFG_PS_I_O)
                                                      0.027     0.167 r  re2_bd_i/zynq_ultra_ps_e_0/inst/buffer_pl_clk_0.PL_CLK_0_BUFG/O
    X0Y1 (CLOCK_ROOT)    net (fo=41213, routed)       1.743     1.910    re2_bd_i/axi_smc/inst/s00_entry_pipeline/s00_si_converter/inst/converter.wrap_narrow_inst/gen_thread_loop[0].r_payld_fifo/aclk
    SLICE_X10Y11         FDRE                                         r  re2_bd_i/axi_smc/inst/s00_entry_pipeline/s00_si_converter/inst/converter.wrap_narrow_inst/gen_thread_loop[0].r_payld_fifo/beat_cnt_reg[2]/C

Slack:                    inf
  Source:                 re2_bd_i/re2_copro_0/inst/UIP/rready_reg_reg/G
                            (positive level-sensitive latch)
  Destination:            re2_bd_i/axi_smc/inst/s00_entry_pipeline/s00_si_converter/inst/converter.wrap_narrow_inst/gen_thread_loop[0].r_payld_fifo/beat_cnt_reg[3]/CE
                            (rising edge-triggered cell FDRE clocked by clk_pl_0  {rise@0.000ns fall@5.000ns period=10.000ns})
  Path Group:             (none)
  Path Type:              Setup (Max at Slow Process Corner)
  Data Path Delay:        2.946ns  (logic 0.650ns (22.065%)  route 2.296ns (77.935%))
  Logic Levels:           4  (LDCE=1 LUT4=1 LUT6=2)
  Clock Uncertainty:      0.174ns  ((TSJ^2 + DJ^2)^1/2) / 2 + PE
    Total System Jitter     (TSJ):    0.050ns
    Discrete Jitter          (DJ):    0.344ns
    Phase Error              (PE):    0.000ns
  Clock Net Delay (Destination): 1.743ns (routing 0.736ns, distribution 1.007ns)

    Location             Delay type                Incr(ns)  Path(ns)    Netlist Resource(s)
  -------------------------------------------------------------------    -------------------
    SLICE_X10Y72         LDCE                         0.000     0.000 r  re2_bd_i/re2_copro_0/inst/UIP/rready_reg_reg/G
    SLICE_X10Y72         LDCE (EnToQ_EFF_SLICEL_G_Q)
                                                      0.149     0.149 r  re2_bd_i/re2_copro_0/inst/UIP/rready_reg_reg/Q
                         net (fo=17, routed)          1.040     1.189    re2_bd_i/axi_smc/inst/s00_entry_pipeline/s00_si_converter/inst/converter.wrap_narrow_inst/gen_thread_loop[0].r_payld_fifo/cmd_fifo/s_axi_rready
    SLICE_X13Y11         LUT6 (Prop_G6LUT_SLICEL_I3_O)
                                                      0.147     1.336 f  re2_bd_i/axi_smc/inst/s00_entry_pipeline/s00_si_converter/inst/converter.wrap_narrow_inst/gen_thread_loop[0].r_payld_fifo/cmd_fifo/read_offset[3]_i_8__0/O
                         net (fo=1, routed)           0.361     1.697    re2_bd_i/axi_smc/inst/s00_entry_pipeline/s00_si_converter/inst/converter.wrap_narrow_inst/gen_thread_loop[0].r_payld_fifo/cmd_fifo/read_offset[3]_i_8__0_n_0
    SLICE_X10Y11         LUT6 (Prop_H6LUT_SLICEL_I5_O)
                                                      0.149     1.846 r  re2_bd_i/axi_smc/inst/s00_entry_pipeline/s00_si_converter/inst/converter.wrap_narrow_inst/gen_thread_loop[0].r_payld_fifo/cmd_fifo/read_offset[3]_i_4/O
                         net (fo=9, routed)           0.208     2.055    re2_bd_i/axi_smc/inst/s00_entry_pipeline/s00_si_converter/inst/converter.wrap_narrow_inst/gen_thread_loop[0].r_payld_fifo/cmd_fifo/fifoaddr_reg[4]
    SLICE_X10Y10         LUT4 (Prop_F5LUT_SLICEL_I3_O)
                                                      0.205     2.260 r  re2_bd_i/axi_smc/inst/s00_entry_pipeline/s00_si_converter/inst/converter.wrap_narrow_inst/gen_thread_loop[0].r_payld_fifo/cmd_fifo/beat_cnt[7]_i_1__0/O
                         net (fo=9, routed)           0.686     2.946    re2_bd_i/axi_smc/inst/s00_entry_pipeline/s00_si_converter/inst/converter.wrap_narrow_inst/gen_thread_loop[0].r_payld_fifo/last_beat6_in
    SLICE_X10Y11         FDRE                                         r  re2_bd_i/axi_smc/inst/s00_entry_pipeline/s00_si_converter/inst/converter.wrap_narrow_inst/gen_thread_loop[0].r_payld_fifo/beat_cnt_reg[3]/CE
  -------------------------------------------------------------------    -------------------

                         (clock clk_pl_0 rise edge)
                                                      0.000     0.000 r  
    PS8_X0Y0             PS8                          0.000     0.000 r  re2_bd_i/zynq_ultra_ps_e_0/inst/PS8_i/PLCLK[0]
                         net (fo=1, routed)           0.140     0.140    re2_bd_i/zynq_ultra_ps_e_0/inst/pl_clk_unbuffered[0]
    BUFG_PS_X0Y67        BUFG_PS (Prop_BUFG_PS_I_O)
                                                      0.027     0.167 r  re2_bd_i/zynq_ultra_ps_e_0/inst/buffer_pl_clk_0.PL_CLK_0_BUFG/O
    X0Y1 (CLOCK_ROOT)    net (fo=41213, routed)       1.743     1.910    re2_bd_i/axi_smc/inst/s00_entry_pipeline/s00_si_converter/inst/converter.wrap_narrow_inst/gen_thread_loop[0].r_payld_fifo/aclk
    SLICE_X10Y11         FDRE                                         r  re2_bd_i/axi_smc/inst/s00_entry_pipeline/s00_si_converter/inst/converter.wrap_narrow_inst/gen_thread_loop[0].r_payld_fifo/beat_cnt_reg[3]/C





Min Delay Paths
--------------------------------------------------------------------------------------
Slack:                    inf
  Source:                 re2_bd_i/re2_copro_0/inst/UIP/arlen_reg_reg[6]/G
                            (positive level-sensitive latch)
  Destination:            re2_bd_i/axi_smc/inst/s00_entry_pipeline/s00_mmu/inst/ar_reg_stall/skid_buffer_reg[1131]/D
                            (rising edge-triggered cell FDRE clocked by clk_pl_0  {rise@0.000ns fall@5.000ns period=10.000ns})
  Path Group:             (none)
  Path Type:              Hold (Min at Fast Process Corner)
  Data Path Delay:        0.145ns  (logic 0.059ns (40.560%)  route 0.086ns (59.440%))
  Logic Levels:           1  (LDCE=1)
  Clock Uncertainty:      0.174ns  ((TSJ^2 + DJ^2)^1/2) / 2 + PE
    Total System Jitter     (TSJ):    0.050ns
    Discrete Jitter          (DJ):    0.344ns
    Phase Error              (PE):    0.000ns
  Clock Net Delay (Destination): 1.126ns (routing 0.459ns, distribution 0.667ns)

    Location             Delay type                Incr(ns)  Path(ns)    Netlist Resource(s)
  -------------------------------------------------------------------    -------------------
    SLICE_X14Y14         LDCE                         0.000     0.000 r  re2_bd_i/re2_copro_0/inst/UIP/arlen_reg_reg[6]/G
    SLICE_X14Y14         LDCE (EnToQ_FFF_SLICEM_G_Q)
                                                      0.059     0.059 r  re2_bd_i/re2_copro_0/inst/UIP/arlen_reg_reg[6]/Q
                         net (fo=2, routed)           0.086     0.145    re2_bd_i/axi_smc/inst/s00_entry_pipeline/s00_mmu/inst/ar_reg_stall/skid_buffer_reg[1144]_0[43]
    SLICE_X13Y14         FDRE                                         r  re2_bd_i/axi_smc/inst/s00_entry_pipeline/s00_mmu/inst/ar_reg_stall/skid_buffer_reg[1131]/D
  -------------------------------------------------------------------    -------------------

                         (clock clk_pl_0 rise edge)
                                                      0.000     0.000 r  
    PS8_X0Y0             PS8                          0.000     0.000 r  re2_bd_i/zynq_ultra_ps_e_0/inst/PS8_i/PLCLK[0]
                         net (fo=1, routed)           0.120     0.120    re2_bd_i/zynq_ultra_ps_e_0/inst/pl_clk_unbuffered[0]
    BUFG_PS_X0Y67        BUFG_PS (Prop_BUFG_PS_I_O)
                                                      0.018     0.138 r  re2_bd_i/zynq_ultra_ps_e_0/inst/buffer_pl_clk_0.PL_CLK_0_BUFG/O
    X0Y1 (CLOCK_ROOT)    net (fo=41213, routed)       1.126     1.264    re2_bd_i/axi_smc/inst/s00_entry_pipeline/s00_mmu/inst/ar_reg_stall/aclk
    SLICE_X13Y14         FDRE                                         r  re2_bd_i/axi_smc/inst/s00_entry_pipeline/s00_mmu/inst/ar_reg_stall/skid_buffer_reg[1131]/C

Slack:                    inf
  Source:                 re2_bd_i/re2_copro_0/inst/UIP/arlen_reg_reg[5]/G
                            (positive level-sensitive latch)
  Destination:            re2_bd_i/axi_smc/inst/s00_entry_pipeline/s00_mmu/inst/ar_reg_stall/skid_buffer_reg[1130]/D
                            (rising edge-triggered cell FDRE clocked by clk_pl_0  {rise@0.000ns fall@5.000ns period=10.000ns})
  Path Group:             (none)
  Path Type:              Hold (Min at Fast Process Corner)
  Data Path Delay:        0.151ns  (logic 0.061ns (40.522%)  route 0.090ns (59.478%))
  Logic Levels:           1  (LDCE=1)
  Clock Uncertainty:      0.174ns  ((TSJ^2 + DJ^2)^1/2) / 2 + PE
    Total System Jitter     (TSJ):    0.050ns
    Discrete Jitter          (DJ):    0.344ns
    Phase Error              (PE):    0.000ns
  Clock Net Delay (Destination): 1.126ns (routing 0.459ns, distribution 0.667ns)

    Location             Delay type                Incr(ns)  Path(ns)    Netlist Resource(s)
  -------------------------------------------------------------------    -------------------
    SLICE_X14Y14         LDCE                         0.000     0.000 r  re2_bd_i/re2_copro_0/inst/UIP/arlen_reg_reg[5]/G
    SLICE_X14Y14         LDCE (EnToQ_EFF2_SLICEM_G_Q)
                                                      0.061     0.061 r  re2_bd_i/re2_copro_0/inst/UIP/arlen_reg_reg[5]/Q
                         net (fo=2, routed)           0.090     0.151    re2_bd_i/axi_smc/inst/s00_entry_pipeline/s00_mmu/inst/ar_reg_stall/skid_buffer_reg[1144]_0[42]
    SLICE_X13Y14         FDRE                                         r  re2_bd_i/axi_smc/inst/s00_entry_pipeline/s00_mmu/inst/ar_reg_stall/skid_buffer_reg[1130]/D
  -------------------------------------------------------------------    -------------------

                         (clock clk_pl_0 rise edge)
                                                      0.000     0.000 r  
    PS8_X0Y0             PS8                          0.000     0.000 r  re2_bd_i/zynq_ultra_ps_e_0/inst/PS8_i/PLCLK[0]
                         net (fo=1, routed)           0.120     0.120    re2_bd_i/zynq_ultra_ps_e_0/inst/pl_clk_unbuffered[0]
    BUFG_PS_X0Y67        BUFG_PS (Prop_BUFG_PS_I_O)
                                                      0.018     0.138 r  re2_bd_i/zynq_ultra_ps_e_0/inst/buffer_pl_clk_0.PL_CLK_0_BUFG/O
    X0Y1 (CLOCK_ROOT)    net (fo=41213, routed)       1.126     1.264    re2_bd_i/axi_smc/inst/s00_entry_pipeline/s00_mmu/inst/ar_reg_stall/aclk
    SLICE_X13Y14         FDRE                                         r  re2_bd_i/axi_smc/inst/s00_entry_pipeline/s00_mmu/inst/ar_reg_stall/skid_buffer_reg[1130]/C

Slack:                    inf
  Source:                 re2_bd_i/re2_copro_0/inst/UIP/arlen_reg_reg[7]/G
                            (positive level-sensitive latch)
  Destination:            re2_bd_i/axi_smc/inst/s00_entry_pipeline/s00_mmu/inst/ar_reg_stall/skid_buffer_reg[1132]/D
                            (rising edge-triggered cell FDRE clocked by clk_pl_0  {rise@0.000ns fall@5.000ns period=10.000ns})
  Path Group:             (none)
  Path Type:              Hold (Min at Fast Process Corner)
  Data Path Delay:        0.151ns  (logic 0.061ns (40.393%)  route 0.090ns (59.607%))
  Logic Levels:           1  (LDCE=1)
  Clock Uncertainty:      0.174ns  ((TSJ^2 + DJ^2)^1/2) / 2 + PE
    Total System Jitter     (TSJ):    0.050ns
    Discrete Jitter          (DJ):    0.344ns
    Phase Error              (PE):    0.000ns
  Clock Net Delay (Destination): 1.126ns (routing 0.459ns, distribution 0.667ns)

    Location             Delay type                Incr(ns)  Path(ns)    Netlist Resource(s)
  -------------------------------------------------------------------    -------------------
    SLICE_X14Y14         LDCE                         0.000     0.000 r  re2_bd_i/re2_copro_0/inst/UIP/arlen_reg_reg[7]/G
    SLICE_X14Y14         LDCE (EnToQ_FFF2_SLICEM_G_Q)
                                                      0.061     0.061 r  re2_bd_i/re2_copro_0/inst/UIP/arlen_reg_reg[7]/Q
                         net (fo=2, routed)           0.090     0.151    re2_bd_i/axi_smc/inst/s00_entry_pipeline/s00_mmu/inst/ar_reg_stall/skid_buffer_reg[1144]_0[44]
    SLICE_X13Y14         FDRE                                         r  re2_bd_i/axi_smc/inst/s00_entry_pipeline/s00_mmu/inst/ar_reg_stall/skid_buffer_reg[1132]/D
  -------------------------------------------------------------------    -------------------

                         (clock clk_pl_0 rise edge)
                                                      0.000     0.000 r  
    PS8_X0Y0             PS8                          0.000     0.000 r  re2_bd_i/zynq_ultra_ps_e_0/inst/PS8_i/PLCLK[0]
                         net (fo=1, routed)           0.120     0.120    re2_bd_i/zynq_ultra_ps_e_0/inst/pl_clk_unbuffered[0]
    BUFG_PS_X0Y67        BUFG_PS (Prop_BUFG_PS_I_O)
                                                      0.018     0.138 r  re2_bd_i/zynq_ultra_ps_e_0/inst/buffer_pl_clk_0.PL_CLK_0_BUFG/O
    X0Y1 (CLOCK_ROOT)    net (fo=41213, routed)       1.126     1.264    re2_bd_i/axi_smc/inst/s00_entry_pipeline/s00_mmu/inst/ar_reg_stall/aclk
    SLICE_X13Y14         FDRE                                         r  re2_bd_i/axi_smc/inst/s00_entry_pipeline/s00_mmu/inst/ar_reg_stall/skid_buffer_reg[1132]/C

Slack:                    inf
  Source:                 re2_bd_i/re2_copro_0/inst/UIP/arlen_reg_reg[5]/G
                            (positive level-sensitive latch)
  Destination:            re2_bd_i/axi_smc/inst/s00_entry_pipeline/s00_mmu/inst/ar_reg_stall/m_vector_i_reg[1130]/D
                            (rising edge-triggered cell FDRE clocked by clk_pl_0  {rise@0.000ns fall@5.000ns period=10.000ns})
  Path Group:             (none)
  Path Type:              Hold (Min at Fast Process Corner)
  Data Path Delay:        0.152ns  (logic 0.084ns (55.433%)  route 0.068ns (44.567%))
  Logic Levels:           2  (LDCE=1 LUT3=1)
  Clock Uncertainty:      0.174ns  ((TSJ^2 + DJ^2)^1/2) / 2 + PE
    Total System Jitter     (TSJ):    0.050ns
    Discrete Jitter          (DJ):    0.344ns
    Phase Error              (PE):    0.000ns
  Clock Net Delay (Destination): 1.122ns (routing 0.459ns, distribution 0.663ns)

    Location             Delay type                Incr(ns)  Path(ns)    Netlist Resource(s)
  -------------------------------------------------------------------    -------------------
    SLICE_X14Y14         LDCE                         0.000     0.000 r  re2_bd_i/re2_copro_0/inst/UIP/arlen_reg_reg[5]/G
    SLICE_X14Y14         LDCE (EnToQ_EFF2_SLICEM_G_Q)
                                                      0.061     0.061 r  re2_bd_i/re2_copro_0/inst/UIP/arlen_reg_reg[5]/Q
                         net (fo=2, routed)           0.053     0.114    re2_bd_i/axi_smc/inst/s00_entry_pipeline/s00_mmu/inst/ar_reg_stall/skid_buffer_reg[1144]_0[42]
    SLICE_X13Y14         LUT3 (Prop_B6LUT_SLICEL_I1_O)
                                                      0.023     0.137 r  re2_bd_i/axi_smc/inst/s00_entry_pipeline/s00_mmu/inst/ar_reg_stall/m_vector_i[1130]_i_1/O
                         net (fo=1, routed)           0.015     0.152    re2_bd_i/axi_smc/inst/s00_entry_pipeline/s00_mmu/inst/ar_reg_stall/m_vector_i[1130]_i_1_n_0
    SLICE_X13Y14         FDRE                                         r  re2_bd_i/axi_smc/inst/s00_entry_pipeline/s00_mmu/inst/ar_reg_stall/m_vector_i_reg[1130]/D
  -------------------------------------------------------------------    -------------------

                         (clock clk_pl_0 rise edge)
                                                      0.000     0.000 r  
    PS8_X0Y0             PS8                          0.000     0.000 r  re2_bd_i/zynq_ultra_ps_e_0/inst/PS8_i/PLCLK[0]
                         net (fo=1, routed)           0.120     0.120    re2_bd_i/zynq_ultra_ps_e_0/inst/pl_clk_unbuffered[0]
    BUFG_PS_X0Y67        BUFG_PS (Prop_BUFG_PS_I_O)
                                                      0.018     0.138 r  re2_bd_i/zynq_ultra_ps_e_0/inst/buffer_pl_clk_0.PL_CLK_0_BUFG/O
    X0Y1 (CLOCK_ROOT)    net (fo=41213, routed)       1.122     1.260    re2_bd_i/axi_smc/inst/s00_entry_pipeline/s00_mmu/inst/ar_reg_stall/aclk
    SLICE_X13Y14         FDRE                                         r  re2_bd_i/axi_smc/inst/s00_entry_pipeline/s00_mmu/inst/ar_reg_stall/m_vector_i_reg[1130]/C

Slack:                    inf
  Source:                 re2_bd_i/re2_copro_0/inst/UIP/arlen_reg_reg[0]/G
                            (positive level-sensitive latch)
  Destination:            re2_bd_i/axi_smc/inst/s00_entry_pipeline/s00_mmu/inst/ar_reg_stall/skid_buffer_reg[1125]/D
                            (rising edge-triggered cell FDRE clocked by clk_pl_0  {rise@0.000ns fall@5.000ns period=10.000ns})
  Path Group:             (none)
  Path Type:              Hold (Min at Fast Process Corner)
  Data Path Delay:        0.153ns  (logic 0.059ns (38.562%)  route 0.094ns (61.438%))
  Logic Levels:           1  (LDCE=1)
  Clock Uncertainty:      0.174ns  ((TSJ^2 + DJ^2)^1/2) / 2 + PE
    Total System Jitter     (TSJ):    0.050ns
    Discrete Jitter          (DJ):    0.344ns
    Phase Error              (PE):    0.000ns
  Clock Net Delay (Destination): 1.126ns (routing 0.459ns, distribution 0.667ns)

    Location             Delay type                Incr(ns)  Path(ns)    Netlist Resource(s)
  -------------------------------------------------------------------    -------------------
    SLICE_X14Y14         LDCE                         0.000     0.000 r  re2_bd_i/re2_copro_0/inst/UIP/arlen_reg_reg[0]/G
    SLICE_X14Y14         LDCE (EnToQ_EFF_SLICEM_G_Q)
                                                      0.059     0.059 r  re2_bd_i/re2_copro_0/inst/UIP/arlen_reg_reg[0]/Q
                         net (fo=2, routed)           0.094     0.153    re2_bd_i/axi_smc/inst/s00_entry_pipeline/s00_mmu/inst/ar_reg_stall/skid_buffer_reg[1144]_0[37]
    SLICE_X13Y14         FDRE                                         r  re2_bd_i/axi_smc/inst/s00_entry_pipeline/s00_mmu/inst/ar_reg_stall/skid_buffer_reg[1125]/D
  -------------------------------------------------------------------    -------------------

                         (clock clk_pl_0 rise edge)
                                                      0.000     0.000 r  
    PS8_X0Y0             PS8                          0.000     0.000 r  re2_bd_i/zynq_ultra_ps_e_0/inst/PS8_i/PLCLK[0]
                         net (fo=1, routed)           0.120     0.120    re2_bd_i/zynq_ultra_ps_e_0/inst/pl_clk_unbuffered[0]
    BUFG_PS_X0Y67        BUFG_PS (Prop_BUFG_PS_I_O)
                                                      0.018     0.138 r  re2_bd_i/zynq_ultra_ps_e_0/inst/buffer_pl_clk_0.PL_CLK_0_BUFG/O
    X0Y1 (CLOCK_ROOT)    net (fo=41213, routed)       1.126     1.264    re2_bd_i/axi_smc/inst/s00_entry_pipeline/s00_mmu/inst/ar_reg_stall/aclk
    SLICE_X13Y14         FDRE                                         r  re2_bd_i/axi_smc/inst/s00_entry_pipeline/s00_mmu/inst/ar_reg_stall/skid_buffer_reg[1125]/C

Slack:                    inf
  Source:                 re2_bd_i/re2_copro_0/inst/UIP/araddr_reg_reg[5]/G
                            (positive level-sensitive latch)
  Destination:            re2_bd_i/axi_smc/inst/s00_entry_pipeline/s00_mmu/inst/ar_reg_stall/skid_buffer_reg[1066]/D
                            (rising edge-triggered cell FDRE clocked by clk_pl_0  {rise@0.000ns fall@5.000ns period=10.000ns})
  Path Group:             (none)
  Path Type:              Hold (Min at Fast Process Corner)
  Data Path Delay:        0.163ns  (logic 0.060ns (36.848%)  route 0.103ns (63.152%))
  Logic Levels:           1  (LDCE=1)
  Clock Uncertainty:      0.174ns  ((TSJ^2 + DJ^2)^1/2) / 2 + PE
    Total System Jitter     (TSJ):    0.050ns
    Discrete Jitter          (DJ):    0.344ns
    Phase Error              (PE):    0.000ns
  Clock Net Delay (Destination): 1.114ns (routing 0.459ns, distribution 0.655ns)

    Location             Delay type                Incr(ns)  Path(ns)    Netlist Resource(s)
  -------------------------------------------------------------------    -------------------
    SLICE_X16Y9          LDCE                         0.000     0.000 r  re2_bd_i/re2_copro_0/inst/UIP/araddr_reg_reg[5]/G
    SLICE_X16Y9          LDCE (EnToQ_AFF2_SLICEM_G_Q)
                                                      0.060     0.060 r  re2_bd_i/re2_copro_0/inst/UIP/araddr_reg_reg[5]/Q
                         net (fo=2, routed)           0.103     0.163    re2_bd_i/axi_smc/inst/s00_entry_pipeline/s00_mmu/inst/ar_reg_stall/skid_buffer_reg[1144]_0[10]
    SLICE_X16Y12         FDRE                                         r  re2_bd_i/axi_smc/inst/s00_entry_pipeline/s00_mmu/inst/ar_reg_stall/skid_buffer_reg[1066]/D
  -------------------------------------------------------------------    -------------------

                         (clock clk_pl_0 rise edge)
                                                      0.000     0.000 r  
    PS8_X0Y0             PS8                          0.000     0.000 r  re2_bd_i/zynq_ultra_ps_e_0/inst/PS8_i/PLCLK[0]
                         net (fo=1, routed)           0.120     0.120    re2_bd_i/zynq_ultra_ps_e_0/inst/pl_clk_unbuffered[0]
    BUFG_PS_X0Y67        BUFG_PS (Prop_BUFG_PS_I_O)
                                                      0.018     0.138 r  re2_bd_i/zynq_ultra_ps_e_0/inst/buffer_pl_clk_0.PL_CLK_0_BUFG/O
    X0Y1 (CLOCK_ROOT)    net (fo=41213, routed)       1.114     1.252    re2_bd_i/axi_smc/inst/s00_entry_pipeline/s00_mmu/inst/ar_reg_stall/aclk
    SLICE_X16Y12         FDRE                                         r  re2_bd_i/axi_smc/inst/s00_entry_pipeline/s00_mmu/inst/ar_reg_stall/skid_buffer_reg[1066]/C

Slack:                    inf
  Source:                 re2_bd_i/re2_copro_0/inst/UIP/arlen_reg_reg[7]/G
                            (positive level-sensitive latch)
  Destination:            re2_bd_i/axi_smc/inst/s00_entry_pipeline/s00_mmu/inst/ar_reg_stall/m_vector_i_reg[1132]/D
                            (rising edge-triggered cell FDRE clocked by clk_pl_0  {rise@0.000ns fall@5.000ns period=10.000ns})
  Path Group:             (none)
  Path Type:              Hold (Min at Fast Process Corner)
  Data Path Delay:        0.167ns  (logic 0.096ns (57.480%)  route 0.071ns (42.520%))
  Logic Levels:           2  (LDCE=1 LUT3=1)
  Clock Uncertainty:      0.174ns  ((TSJ^2 + DJ^2)^1/2) / 2 + PE
    Total System Jitter     (TSJ):    0.050ns
    Discrete Jitter          (DJ):    0.344ns
    Phase Error              (PE):    0.000ns
  Clock Net Delay (Destination): 1.122ns (routing 0.459ns, distribution 0.663ns)

    Location             Delay type                Incr(ns)  Path(ns)    Netlist Resource(s)
  -------------------------------------------------------------------    -------------------
    SLICE_X14Y14         LDCE                         0.000     0.000 r  re2_bd_i/re2_copro_0/inst/UIP/arlen_reg_reg[7]/G
    SLICE_X14Y14         LDCE (EnToQ_FFF2_SLICEM_G_Q)
                                                      0.061     0.061 r  re2_bd_i/re2_copro_0/inst/UIP/arlen_reg_reg[7]/Q
                         net (fo=2, routed)           0.055     0.116    re2_bd_i/axi_smc/inst/s00_entry_pipeline/s00_mmu/inst/ar_reg_stall/skid_buffer_reg[1144]_0[44]
    SLICE_X13Y14         LUT3 (Prop_A6LUT_SLICEL_I1_O)
                                                      0.035     0.151 r  re2_bd_i/axi_smc/inst/s00_entry_pipeline/s00_mmu/inst/ar_reg_stall/m_vector_i[1132]_i_1/O
                         net (fo=1, routed)           0.016     0.167    re2_bd_i/axi_smc/inst/s00_entry_pipeline/s00_mmu/inst/ar_reg_stall/m_vector_i[1132]_i_1_n_0
    SLICE_X13Y14         FDRE                                         r  re2_bd_i/axi_smc/inst/s00_entry_pipeline/s00_mmu/inst/ar_reg_stall/m_vector_i_reg[1132]/D
  -------------------------------------------------------------------    -------------------

                         (clock clk_pl_0 rise edge)
                                                      0.000     0.000 r  
    PS8_X0Y0             PS8                          0.000     0.000 r  re2_bd_i/zynq_ultra_ps_e_0/inst/PS8_i/PLCLK[0]
                         net (fo=1, routed)           0.120     0.120    re2_bd_i/zynq_ultra_ps_e_0/inst/pl_clk_unbuffered[0]
    BUFG_PS_X0Y67        BUFG_PS (Prop_BUFG_PS_I_O)
                                                      0.018     0.138 r  re2_bd_i/zynq_ultra_ps_e_0/inst/buffer_pl_clk_0.PL_CLK_0_BUFG/O
    X0Y1 (CLOCK_ROOT)    net (fo=41213, routed)       1.122     1.260    re2_bd_i/axi_smc/inst/s00_entry_pipeline/s00_mmu/inst/ar_reg_stall/aclk
    SLICE_X13Y14         FDRE                                         r  re2_bd_i/axi_smc/inst/s00_entry_pipeline/s00_mmu/inst/ar_reg_stall/m_vector_i_reg[1132]/C

Slack:                    inf
  Source:                 re2_bd_i/re2_copro_0/inst/UIP/araddr_reg_reg[0]/G
                            (positive level-sensitive latch)
  Destination:            re2_bd_i/axi_smc/inst/s00_entry_pipeline/s00_mmu/inst/ar_reg_stall/skid_buffer_reg[1061]/D
                            (rising edge-triggered cell FDRE clocked by clk_pl_0  {rise@0.000ns fall@5.000ns period=10.000ns})
  Path Group:             (none)
  Path Type:              Hold (Min at Fast Process Corner)
  Data Path Delay:        0.169ns  (logic 0.059ns (34.977%)  route 0.110ns (65.023%))
  Logic Levels:           1  (LDCE=1)
  Clock Uncertainty:      0.174ns  ((TSJ^2 + DJ^2)^1/2) / 2 + PE
    Total System Jitter     (TSJ):    0.050ns
    Discrete Jitter          (DJ):    0.344ns
    Phase Error              (PE):    0.000ns
  Clock Net Delay (Destination): 1.118ns (routing 0.459ns, distribution 0.659ns)

    Location             Delay type                Incr(ns)  Path(ns)    Netlist Resource(s)
  -------------------------------------------------------------------    -------------------
    SLICE_X16Y9          LDCE                         0.000     0.000 r  re2_bd_i/re2_copro_0/inst/UIP/araddr_reg_reg[0]/G
    SLICE_X16Y9          LDCE (EnToQ_AFF_SLICEM_G_Q)
                                                      0.059     0.059 r  re2_bd_i/re2_copro_0/inst/UIP/araddr_reg_reg[0]/Q
                         net (fo=2, routed)           0.110     0.169    re2_bd_i/axi_smc/inst/s00_entry_pipeline/s00_mmu/inst/ar_reg_stall/skid_buffer_reg[1144]_0[5]
    SLICE_X15Y7          FDRE                                         r  re2_bd_i/axi_smc/inst/s00_entry_pipeline/s00_mmu/inst/ar_reg_stall/skid_buffer_reg[1061]/D
  -------------------------------------------------------------------    -------------------

                         (clock clk_pl_0 rise edge)
                                                      0.000     0.000 r  
    PS8_X0Y0             PS8                          0.000     0.000 r  re2_bd_i/zynq_ultra_ps_e_0/inst/PS8_i/PLCLK[0]
                         net (fo=1, routed)           0.120     0.120    re2_bd_i/zynq_ultra_ps_e_0/inst/pl_clk_unbuffered[0]
    BUFG_PS_X0Y67        BUFG_PS (Prop_BUFG_PS_I_O)
                                                      0.018     0.138 r  re2_bd_i/zynq_ultra_ps_e_0/inst/buffer_pl_clk_0.PL_CLK_0_BUFG/O
    X0Y1 (CLOCK_ROOT)    net (fo=41213, routed)       1.118     1.256    re2_bd_i/axi_smc/inst/s00_entry_pipeline/s00_mmu/inst/ar_reg_stall/aclk
    SLICE_X15Y7          FDRE                                         r  re2_bd_i/axi_smc/inst/s00_entry_pipeline/s00_mmu/inst/ar_reg_stall/skid_buffer_reg[1061]/C

Slack:                    inf
  Source:                 re2_bd_i/re2_copro_0/inst/UIP/araddr_reg_reg[22]/G
                            (positive level-sensitive latch)
  Destination:            re2_bd_i/axi_smc/inst/s00_entry_pipeline/s00_mmu/inst/ar_reg_stall/skid_buffer_reg[1083]/D
                            (rising edge-triggered cell FDRE clocked by clk_pl_0  {rise@0.000ns fall@5.000ns period=10.000ns})
  Path Group:             (none)
  Path Type:              Hold (Min at Fast Process Corner)
  Data Path Delay:        0.174ns  (logic 0.061ns (35.093%)  route 0.113ns (64.907%))
  Logic Levels:           1  (LDCE=1)
  Clock Uncertainty:      0.174ns  ((TSJ^2 + DJ^2)^1/2) / 2 + PE
    Total System Jitter     (TSJ):    0.050ns
    Discrete Jitter          (DJ):    0.344ns
    Phase Error              (PE):    0.000ns
  Clock Net Delay (Destination): 1.133ns (routing 0.459ns, distribution 0.674ns)

    Location             Delay type                Incr(ns)  Path(ns)    Netlist Resource(s)
  -------------------------------------------------------------------    -------------------
    SLICE_X11Y20         LDCE                         0.000     0.000 r  re2_bd_i/re2_copro_0/inst/UIP/araddr_reg_reg[22]/G
    SLICE_X11Y20         LDCE (EnToQ_FFF2_SLICEL_G_Q)
                                                      0.061     0.061 r  re2_bd_i/re2_copro_0/inst/UIP/araddr_reg_reg[22]/Q
                         net (fo=2, routed)           0.113     0.174    re2_bd_i/axi_smc/inst/s00_entry_pipeline/s00_mmu/inst/ar_reg_stall/skid_buffer_reg[1144]_0[27]
    SLICE_X12Y16         FDRE                                         r  re2_bd_i/axi_smc/inst/s00_entry_pipeline/s00_mmu/inst/ar_reg_stall/skid_buffer_reg[1083]/D
  -------------------------------------------------------------------    -------------------

                         (clock clk_pl_0 rise edge)
                                                      0.000     0.000 r  
    PS8_X0Y0             PS8                          0.000     0.000 r  re2_bd_i/zynq_ultra_ps_e_0/inst/PS8_i/PLCLK[0]
                         net (fo=1, routed)           0.120     0.120    re2_bd_i/zynq_ultra_ps_e_0/inst/pl_clk_unbuffered[0]
    BUFG_PS_X0Y67        BUFG_PS (Prop_BUFG_PS_I_O)
                                                      0.018     0.138 r  re2_bd_i/zynq_ultra_ps_e_0/inst/buffer_pl_clk_0.PL_CLK_0_BUFG/O
    X0Y1 (CLOCK_ROOT)    net (fo=41213, routed)       1.133     1.271    re2_bd_i/axi_smc/inst/s00_entry_pipeline/s00_mmu/inst/ar_reg_stall/aclk
    SLICE_X12Y16         FDRE                                         r  re2_bd_i/axi_smc/inst/s00_entry_pipeline/s00_mmu/inst/ar_reg_stall/skid_buffer_reg[1083]/C

Slack:                    inf
  Source:                 re2_bd_i/re2_copro_0/inst/UIP/araddr_reg_reg[19]/G
                            (positive level-sensitive latch)
  Destination:            re2_bd_i/axi_smc/inst/s00_entry_pipeline/s00_mmu/inst/ar_reg_stall/skid_buffer_reg[1080]/D
                            (rising edge-triggered cell FDRE clocked by clk_pl_0  {rise@0.000ns fall@5.000ns period=10.000ns})
  Path Group:             (none)
  Path Type:              Hold (Min at Fast Process Corner)
  Data Path Delay:        0.180ns  (logic 0.060ns (33.248%)  route 0.120ns (66.752%))
  Logic Levels:           1  (LDCE=1)
  Clock Uncertainty:      0.174ns  ((TSJ^2 + DJ^2)^1/2) / 2 + PE
    Total System Jitter     (TSJ):    0.050ns
    Discrete Jitter          (DJ):    0.344ns
    Phase Error              (PE):    0.000ns
  Clock Net Delay (Destination): 1.131ns (routing 0.459ns, distribution 0.672ns)

    Location             Delay type                Incr(ns)  Path(ns)    Netlist Resource(s)
  -------------------------------------------------------------------    -------------------
    SLICE_X11Y16         LDCE                         0.000     0.000 r  re2_bd_i/re2_copro_0/inst/UIP/araddr_reg_reg[19]/G
    SLICE_X11Y16         LDCE (EnToQ_EFF_SLICEL_G_Q)
                                                      0.060     0.060 r  re2_bd_i/re2_copro_0/inst/UIP/araddr_reg_reg[19]/Q
                         net (fo=2, routed)           0.120     0.180    re2_bd_i/axi_smc/inst/s00_entry_pipeline/s00_mmu/inst/ar_reg_stall/skid_buffer_reg[1144]_0[24]
    SLICE_X11Y11         FDRE                                         r  re2_bd_i/axi_smc/inst/s00_entry_pipeline/s00_mmu/inst/ar_reg_stall/skid_buffer_reg[1080]/D
  -------------------------------------------------------------------    -------------------

                         (clock clk_pl_0 rise edge)
                                                      0.000     0.000 r  
    PS8_X0Y0             PS8                          0.000     0.000 r  re2_bd_i/zynq_ultra_ps_e_0/inst/PS8_i/PLCLK[0]
                         net (fo=1, routed)           0.120     0.120    re2_bd_i/zynq_ultra_ps_e_0/inst/pl_clk_unbuffered[0]
    BUFG_PS_X0Y67        BUFG_PS (Prop_BUFG_PS_I_O)
                                                      0.018     0.138 r  re2_bd_i/zynq_ultra_ps_e_0/inst/buffer_pl_clk_0.PL_CLK_0_BUFG/O
    X0Y1 (CLOCK_ROOT)    net (fo=41213, routed)       1.131     1.269    re2_bd_i/axi_smc/inst/s00_entry_pipeline/s00_mmu/inst/ar_reg_stall/aclk
    SLICE_X11Y11         FDRE                                         r  re2_bd_i/axi_smc/inst/s00_entry_pipeline/s00_mmu/inst/ar_reg_stall/skid_buffer_reg[1080]/C





